t_wall,power_w,sm_mhz,mem_mhz,gpu_util,mem_util,temp_c,power_inst_w
1790281990.596696,65.578,1695,7601,0.0,0.0,35.0,61.609
1790281990.619387,65.578,1695,7601,0.0,0.0,35.0,61.609
1790281990.629454,65.578,1695,7601,0.0,0.0,35.0,61.609
1790281990.639448,65.578,1695,7601,0.0,0.0,35.0,61.609
1790281990.649447,65.578,1695,7601,0.0,0.0,35.0,61.609
1790281990.659448,65.578,1695,7601,0.0,0.0,35.0,61.609
1790281990.669446,65.578,1695,7601,0.0,0.0,35.0,61.609
1790281990.679444,65.578,1695,7601,0.0,0.0,35.0,61.609
1790281990.689445,65.578,1695,7601,0.0,0.0,35.0,61.609
1790281990.699445,65.578,1695,7601,0.0,0.0,35.0,61.609
1790281990.709444,65.578,1695,7601,0.0,0.0,35.0,61.609
1790281990.719445,65.578,1695,7601,0.0,0.0,35.0,61.609
1790281990.729445,65.578,1695,7601,0.0,0.0,35.0,61.609
1790281990.739445,65.578,1695,7601,0.0,0.0,35.0,61.609
1790281990.749443,65.578,1695,7601,0.0,0.0,35.0,61.609
1790281990.759403,65.616,1695,7601,0.0,0.0,35.0,61.663
1790281990.769445,65.616,1695,7601,0.0,0.0,35.0,61.663
1790281990.779447,65.616,1695,7601,0.0,0.0,35.0,61.663
1790281990.789443,65.616,1695,7601,0.0,0.0,35.0,61.663
1790281990.799443,65.616,1695,7601,0.0,0.0,35.0,61.663
1790281990.809443,65.616,1695,7601,0.0,0.0,35.0,61.663
1790281990.819445,65.616,1695,7601,0.0,0.0,35.0,61.663
1790281990.829446,65.616,1695,7601,0.0,0.0,35.0,61.663
1790281990.839445,65.616,1695,7601,0.0,0.0,35.0,61.663
1790281990.849444,65.616,1695,7601,0.0,0.0,35.0,61.663
1790281990.859443,65.532,1695,7601,0.0,0.0,35.0,61.433
1790281990.869445,65.532,1695,7601,0.0,0.0,35.0,61.433
1790281990.879445,65.532,1695,7601,0.0,0.0,35.0,61.433
1790281990.889444,65.532,1695,7601,0.0,0.0,35.0,61.433
1790281990.899444,65.532,1695,7601,0.0,0.0,35.0,61.433
1790281990.909445,65.532,1695,7601,0.0,0.0,35.0,61.433
1790281990.919445,65.532,1695,7601,0.0,0.0,35.0,61.433
1790281990.929445,65.532,1695,7601,0.0,0.0,35.0,61.433
1790281990.939445,65.532,1695,7601,0.0,0.0,35.0,61.433
1790281990.949445,65.532,1695,7601,0.0,0.0,35.0,61.433
1790281990.959445,65.563,1695,7601,0.0,0.0,35.0,61.492
1790281990.969443,65.563,1695,7601,0.0,0.0,35.0,61.492
1790281990.979443,65.563,1695,7601,0.0,0.0,35.0,61.492
1790281990.989444,65.563,1695,7601,0.0,0.0,35.0,61.492
1790281990.999445,65.563,1695,7601,0.0,0.0,35.0,61.492
1790281991.009443,65.563,1695,7601,0.0,0.0,35.0,61.492
1790281991.019445,65.563,1695,7601,0.0,0.0,35.0,61.492
1790281991.029444,65.563,1695,7601,0.0,0.0,35.0,61.492
1790281991.039444,65.563,1695,7601,0.0,0.0,35.0,61.492
1790281991.049444,65.563,1695,7601,0.0,0.0,35.0,61.492
1790281991.059443,65.563,1695,7601,0.0,0.0,35.0,61.492
1790281991.069445,65.563,1695,7601,0.0,0.0,35.0,61.492
1790281991.079445,65.563,1695,7601,0.0,0.0,35.0,61.492
1790281991.089443,65.563,1695,7601,0.0,0.0,35.0,61.492
1790281991.099442,65.563,1695,7601,0.0,0.0,35.0,61.492
1790281991.109442,65.563,1695,7601,0.0,0.0,35.0,61.492
1790281991.119442,65.563,1695,7601,0.0,0.0,35.0,61.492
1790281991.129443,65.563,1695,7601,0.0,0.0,35.0,61.492
1790281991.139445,65.563,1695,7601,0.0,0.0,35.0,61.492
1790281991.149446,65.563,1695,7601,0.0,0.0,35.0,61.492
1790281991.159442,65.563,1695,7601,0.0,0.0,35.0,61.492
1790281991.169442,65.563,1695,7601,0.0,0.0,35.0,61.492
1790281991.179444,65.563,1695,7601,0.0,0.0,35.0,61.492
1790281991.189445,65.563,1695,7601,0.0,0.0,35.0,61.492
1790281991.199444,65.563,1695,7601,0.0,0.0,35.0,61.492
1790281991.209443,65.563,1695,7601,0.0,0.0,35.0,61.492
1790281991.219445,65.563,1695,7601,0.0,0.0,35.0,61.492
1790281991.229442,65.563,1695,7601,0.0,0.0,35.0,61.492
1790281991.239443,65.563,1695,7601,0.0,0.0,35.0,61.492
1790281991.249445,65.563,1695,7601,0.0,0.0,35.0,61.492
1790281991.259446,65.563,1695,7601,0.0,0.0,35.0,61.492
1790281991.269445,65.563,1695,7601,0.0,0.0,35.0,61.492
1790281991.279445,65.563,1695,7601,0.0,0.0,35.0,61.492
1790281991.289444,65.563,1695,7601,0.0,0.0,35.0,61.492
1790281991.299445,65.563,1695,7601,0.0,0.0,35.0,61.492
1790281991.309445,65.563,1695,7601,0.0,0.0,35.0,61.492
1790281991.319442,65.563,1695,7601,0.0,0.0,35.0,61.492
1790281991.329404,65.563,1695,7601,0.0,0.0,35.0,61.492
1790281991.339401,65.563,1695,7601,0.0,0.0,35.0,61.492
1790281991.349402,65.563,1695,7601,0.0,0.0,35.0,61.492
1790281991.359401,65.563,1695,7601,0.0,0.0,35.0,61.492
1790281991.369400,65.563,1695,7601,0.0,0.0,35.0,61.492
1790281991.379400,65.563,1695,7601,0.0,0.0,35.0,61.492
1790281991.389400,65.563,1695,7601,0.0,0.0,35.0,61.492
1790281991.399400,65.563,1695,7601,0.0,0.0,35.0,61.492
1790281991.409401,65.563,1695,7601,0.0,0.0,35.0,61.492
1790281991.419399,65.563,1695,7601,0.0,0.0,35.0,61.492
1790281991.429399,65.563,1695,7601,0.0,0.0,35.0,61.492
1790281991.439399,65.563,1695,7601,0.0,0.0,35.0,61.492
1790281991.449403,65.563,1695,7601,0.0,0.0,35.0,61.492
1790281991.459414,65.563,1695,7601,0.0,0.0,35.0,61.492
1790281991.469400,65.563,1695,7601,0.0,0.0,35.0,61.492
1790281991.479408,65.563,1695,7601,0.0,0.0,35.0,61.492
1790281991.489401,65.563,1695,7601,0.0,0.0,35.0,61.492
1790281991.499409,65.563,1695,7601,0.0,0.0,35.0,61.492
1790281991.509465,65.563,1695,7601,0.0,0.0,35.0,61.492
1790281991.519449,65.563,1695,7601,0.0,0.0,35.0,61.492
1790281991.529457,65.563,1695,7601,0.0,0.0,35.0,61.492
1790281991.539450,65.563,1695,7601,0.0,0.0,35.0,61.492
1790281991.549461,65.563,1695,7601,0.0,0.0,35.0,61.492
1790281991.559450,65.563,1695,7601,0.0,0.0,35.0,61.492
1790281991.569458,65.563,1695,7601,0.0,0.0,35.0,61.492
1790281991.579451,65.563,1695,7601,0.0,0.0,35.0,61.492
1790281991.589459,65.563,1695,7601,0.0,0.0,35.0,61.492
1790281991.599449,65.563,1695,7601,0.0,0.0,35.0,61.492
1790281991.609447,65.563,1695,7601,0.0,0.0,35.0,61.492
1790281991.619447,65.563,1695,7601,0.0,0.0,35.0,61.492
1790281991.629447,65.563,1695,7601,0.0,0.0,35.0,61.492
1790281991.639446,65.563,1695,7601,0.0,0.0,35.0,61.492
1790281991.649446,65.563,1695,7601,0.0,0.0,35.0,61.492
1790281991.659445,65.563,1695,7601,0.0,0.0,35.0,61.492
1790281991.669446,65.563,1695,7601,0.0,0.0,35.0,61.492
1790281991.679445,65.563,1695,7601,0.0,0.0,35.0,61.492
1790281991.689445,65.563,1695,7601,0.0,0.0,35.0,61.492
1790281991.699446,65.563,1695,7601,0.0,0.0,35.0,61.492
1790281991.709446,65.563,1695,7601,0.0,0.0,35.0,61.492
1790281991.719445,65.563,1695,7601,0.0,0.0,35.0,61.492
1790281991.729445,65.563,1695,7601,0.0,0.0,35.0,61.492
1790281991.739445,65.563,1695,7601,0.0,0.0,35.0,61.492
1790281991.749445,65.563,1695,7601,0.0,0.0,35.0,61.492
1790281991.759445,65.563,1695,7601,0.0,0.0,35.0,61.492
1790281991.769445,65.563,1695,7601,0.0,0.0,35.0,61.492
1790281991.779445,65.563,1695,7601,0.0,0.0,35.0,61.492
1790281991.789445,65.563,1695,7601,0.0,0.0,35.0,61.492
1790281991.799446,65.563,1695,7601,0.0,0.0,35.0,61.492
1790281991.809446,65.563,1695,7601,0.0,0.0,35.0,61.492
1790281991.819446,65.563,1695,7601,0.0,0.0,35.0,61.492
1790281991.829446,65.563,1695,7601,0.0,0.0,35.0,61.492
1790281991.839446,65.563,1695,7601,0.0,0.0,35.0,61.492
1790281991.849446,65.563,1695,7601,0.0,0.0,35.0,61.492
1790281991.859444,65.563,1695,7601,0.0,0.0,35.0,61.492
1790281991.869445,65.563,1695,7601,0.0,0.0,35.0,61.492
1790281991.879446,65.563,1695,7601,0.0,0.0,35.0,61.492
1790281991.889445,65.563,1695,7601,0.0,0.0,35.0,61.492
1790281991.899446,65.563,1695,7601,0.0,0.0,35.0,61.492
1790281991.909446,65.563,1695,7601,0.0,0.0,35.0,61.492
1790281991.919445,65.563,1695,7601,0.0,0.0,35.0,61.492
1790281991.929446,65.563,1695,7601,0.0,0.0,35.0,61.492
1790281991.939445,65.563,1695,7601,0.0,0.0,35.0,61.492
1790281991.949446,65.563,1695,7601,0.0,0.0,35.0,61.492
1790281991.959445,61.494,1695,7601,0.0,0.0,35.0,61.495
1790281991.969443,61.494,1695,7601,0.0,0.0,35.0,61.495
1790281991.979444,61.494,1695,7601,0.0,0.0,35.0,61.495
1790281991.989445,61.494,1695,7601,0.0,0.0,35.0,61.495
1790281991.999445,61.494,1695,7601,0.0,0.0,35.0,61.495
1790281992.009444,61.494,1695,7601,0.0,0.0,35.0,61.495
1790281992.019445,61.494,1695,7601,0.0,0.0,35.0,61.495
1790281992.029443,61.494,1695,7601,0.0,0.0,35.0,61.495
1790281992.039445,61.494,1695,7601,0.0,0.0,35.0,61.495
1790281992.049446,61.494,1695,7601,0.0,0.0,35.0,61.495
1790281992.059445,61.494,1695,7601,0.0,0.0,35.0,61.495
1790281992.069446,61.494,1695,7601,0.0,0.0,35.0,61.495
1790281992.079445,61.494,1695,7601,0.0,0.0,35.0,61.495
1790281992.089446,61.494,1695,7601,0.0,0.0,35.0,61.495
1790281992.099445,61.494,1695,7601,0.0,0.0,35.0,61.495
1790281992.109444,61.494,1695,7601,0.0,0.0,35.0,61.495
1790281992.119446,61.494,1695,7601,0.0,0.0,35.0,61.495
1790281992.129445,61.494,1695,7601,0.0,0.0,35.0,61.495
1790281992.139443,61.494,1695,7601,0.0,0.0,35.0,61.495
1790281992.149444,61.494,1695,7601,0.0,0.0,35.0,61.495
1790281992.159443,61.494,1695,7601,0.0,0.0,35.0,61.495
1790281992.169446,61.494,1695,7601,0.0,0.0,35.0,61.495
1790281992.179445,61.494,1695,7601,0.0,0.0,35.0,61.495
1790281992.189446,61.494,1695,7601,0.0,0.0,35.0,61.495
1790281992.199445,61.494,1695,7601,0.0,0.0,35.0,61.495
1790281992.209445,61.494,1695,7601,0.0,0.0,35.0,61.495
1790281992.219446,61.494,1695,7601,0.0,0.0,35.0,61.495
1790281992.229443,61.494,1695,7601,0.0,0.0,35.0,61.495
1790281992.239445,61.494,1695,7601,0.0,0.0,35.0,61.495
1790281992.249443,61.494,1695,7601,0.0,0.0,35.0,61.495
1790281992.259446,61.494,1695,7601,0.0,0.0,35.0,61.495
1790281992.269445,61.494,1695,7601,0.0,0.0,35.0,61.495
1790281992.279445,61.494,1695,7601,0.0,0.0,35.0,61.495
1790281992.289445,61.494,1695,7601,0.0,0.0,35.0,61.495
1790281992.299445,61.494,1695,7601,0.0,0.0,35.0,61.495
1790281992.309446,61.494,1695,7601,0.0,0.0,35.0,61.495
1790281992.319443,61.494,1695,7601,0.0,0.0,35.0,61.495
1790281992.329443,61.494,1695,7601,0.0,0.0,35.0,61.495
1790281992.339446,61.494,1695,7601,0.0,0.0,35.0,61.495
1790281992.349447,61.494,1695,7601,0.0,0.0,35.0,61.495
1790281992.359446,61.494,1695,7601,0.0,0.0,35.0,61.495
1790281992.369446,61.494,1695,7601,0.0,0.0,35.0,61.495
1790281992.379444,61.494,1695,7601,0.0,0.0,35.0,61.495
1790281992.389446,61.494,1695,7601,0.0,0.0,35.0,61.495
1790281992.399444,61.494,1695,7601,0.0,0.0,35.0,61.495
1790281992.409445,61.494,1695,7601,0.0,0.0,35.0,61.495
1790281992.419445,61.494,1695,7601,0.0,0.0,35.0,61.495
1790281992.429446,61.494,1695,7601,0.0,0.0,35.0,61.495
1790281992.439445,61.494,1695,7601,0.0,0.0,35.0,61.495
1790281992.449444,61.494,1695,7601,0.0,0.0,35.0,61.495
1790281992.459445,61.494,1695,7601,0.0,0.0,35.0,61.495
1790281992.469445,61.494,1695,7601,0.0,0.0,35.0,61.495
1790281992.479444,61.494,1695,7601,0.0,0.0,35.0,61.495
1790281992.489444,61.494,1695,7601,0.0,0.0,35.0,61.495
1790281992.499446,61.494,1695,7601,0.0,0.0,35.0,61.495
1790281992.509448,61.494,1695,7601,0.0,0.0,35.0,61.495
1790281992.519445,61.494,1695,7601,0.0,0.0,35.0,61.495
1790281992.529447,61.494,1695,7601,0.0,0.0,35.0,61.495
1790281992.539446,61.494,1695,7601,0.0,0.0,35.0,61.495
1790281992.549446,61.494,1695,7601,0.0,0.0,35.0,61.495
1790281992.559445,61.494,1695,7601,0.0,0.0,35.0,61.495
1790281992.569444,61.494,1695,7601,0.0,0.0,35.0,61.495
1790281992.579448,61.494,1695,7601,0.0,0.0,35.0,61.495
1790281992.589444,61.494,1695,7601,0.0,0.0,35.0,61.495
1790281992.599445,61.494,1695,7601,0.0,0.0,35.0,61.495
1790281992.609446,61.494,1695,7601,0.0,0.0,35.0,61.495
1790281992.619445,61.494,1695,7601,0.0,0.0,35.0,61.495
1790281992.629445,61.494,1695,7601,0.0,0.0,35.0,61.495
1790281992.639445,61.494,1695,7601,0.0,0.0,35.0,61.495
1790281992.649446,61.494,1695,7601,0.0,0.0,35.0,61.495
1790281992.659444,61.494,1695,7601,0.0,0.0,35.0,61.495
1790281992.669446,61.494,1695,7601,0.0,0.0,35.0,61.495
1790281992.679445,61.494,1695,7601,0.0,0.0,35.0,61.495
1790281992.689445,61.494,1695,7601,0.0,0.0,35.0,61.495
1790281992.699445,61.494,1695,7601,0.0,0.0,35.0,61.495
1790281992.709446,61.494,1695,7601,0.0,0.0,35.0,61.495
1790281992.719444,61.494,1695,7601,0.0,0.0,35.0,61.495
1790281992.729445,61.494,1695,7601,0.0,0.0,35.0,61.495
1790281992.739446,61.494,1695,7601,0.0,0.0,35.0,61.495
1790281992.749446,61.494,1695,7601,0.0,0.0,35.0,61.495
1790281992.759445,61.494,1695,7601,0.0,0.0,35.0,61.495
1790281992.769445,61.494,1695,7601,0.0,0.0,35.0,61.495
1790281992.779446,61.494,1695,7601,0.0,0.0,35.0,61.495
1790281992.789444,61.494,1695,7601,0.0,0.0,35.0,61.495
1790281992.799445,61.494,1695,7601,0.0,0.0,35.0,61.495
1790281992.809444,61.494,1695,7601,0.0,0.0,35.0,61.495
1790281992.819444,61.494,1695,7601,0.0,0.0,35.0,61.495
1790281992.829443,61.494,1695,7601,0.0,0.0,35.0,61.495
1790281992.839445,61.494,1695,7601,0.0,0.0,35.0,61.495
1790281992.849445,61.494,1695,7601,0.0,0.0,35.0,61.495
1790281992.859442,61.494,1695,7601,0.0,0.0,35.0,61.495
1790281992.869442,61.494,1695,7601,0.0,0.0,35.0,61.495
1790281992.879442,61.494,1695,7601,0.0,0.0,35.0,61.495
1790281992.889444,61.494,1695,7601,0.0,0.0,35.0,61.495
1790281992.899445,61.494,1695,7601,0.0,0.0,35.0,61.495
1790281992.909445,61.494,1695,7601,0.0,0.0,35.0,61.495
1790281992.919446,61.494,1695,7601,0.0,0.0,35.0,61.495
1790281992.929443,61.494,1695,7601,0.0,0.0,35.0,61.495
1790281992.939444,61.494,1695,7601,0.0,0.0,35.0,61.495
1790281992.949445,61.494,1695,7601,0.0,0.0,35.0,61.495
1790281992.959445,61.445,1695,7601,0.0,0.0,35.0,61.396
1790281992.969443,61.445,1695,7601,0.0,0.0,35.0,61.396
1790281992.979444,61.445,1695,7601,0.0,0.0,35.0,61.396
1790281992.989444,61.445,1695,7601,0.0,0.0,35.0,61.396
1790281992.999445,61.445,1695,7601,0.0,0.0,35.0,61.396
1790281993.009442,61.445,1695,7601,0.0,0.0,35.0,61.396
1790281993.019445,61.445,1695,7601,0.0,0.0,35.0,61.396
1790281993.029443,61.445,1695,7601,0.0,0.0,35.0,61.396
1790281993.039441,61.445,1695,7601,0.0,0.0,35.0,61.396
1790281993.049443,61.445,1695,7601,0.0,0.0,35.0,61.396
1790281993.059399,61.445,1695,7601,0.0,0.0,35.0,61.396
1790281993.069400,61.445,1695,7601,0.0,0.0,35.0,61.396
1790281993.079401,61.445,1695,7601,0.0,0.0,35.0,61.396
1790281993.089400,61.445,1695,7601,0.0,0.0,35.0,61.396
1790281993.099400,61.445,1695,7601,0.0,0.0,35.0,61.396
1790281993.109400,61.445,1695,7601,0.0,0.0,35.0,61.396
1790281993.119399,61.445,1695,7601,0.0,0.0,35.0,61.396
1790281993.129400,61.445,1695,7601,0.0,0.0,35.0,61.396
1790281993.139401,61.445,1695,7601,0.0,0.0,35.0,61.396
1790281993.149414,61.445,1695,7601,0.0,0.0,35.0,61.396
1790281993.159402,61.445,1695,7601,0.0,0.0,35.0,61.396
1790281993.169400,61.445,1695,7601,0.0,0.0,35.0,61.396
1790281993.179409,61.445,1695,7601,0.0,0.0,35.0,61.396
1790281993.189403,61.445,1695,7601,0.0,0.0,35.0,61.396
1790281993.199408,61.445,1695,7601,0.0,0.0,35.0,61.396
1790281993.209403,61.445,1695,7601,0.0,0.0,35.0,61.396
1790281993.219409,61.445,1695,7601,0.0,0.0,35.0,61.396
1790281993.229403,61.445,1695,7601,0.0,0.0,35.0,61.396
1790281993.239445,61.445,1695,7601,0.0,0.0,35.0,61.396
1790281993.249450,61.445,1695,7601,0.0,0.0,35.0,61.396
1790281993.259459,61.445,1695,7601,0.0,0.0,35.0,61.396
1790281993.269450,61.445,1695,7601,0.0,0.0,35.0,61.396
1790281993.279455,61.445,1695,7601,0.0,0.0,35.0,61.396
1790281993.289450,61.445,1695,7601,0.0,0.0,35.0,61.396
1790281993.299459,61.445,1695,7601,0.0,0.0,35.0,61.396
1790281993.309450,61.445,1695,7601,0.0,0.0,35.0,61.396
1790281993.319446,61.445,1695,7601,0.0,0.0,35.0,61.396
1790281993.329455,61.445,1695,7601,0.0,0.0,35.0,61.396
1790281993.339447,61.445,1695,7601,0.0,0.0,35.0,61.396
1790281993.349447,61.445,1695,7601,0.0,0.0,35.0,61.396
1790281993.359446,61.445,1695,7601,0.0,0.0,35.0,61.396
1790281993.369446,61.445,1695,7601,0.0,0.0,35.0,61.396
1790281993.379445,61.445,1695,7601,0.0,0.0,35.0,61.396
1790281993.389446,61.445,1695,7601,0.0,0.0,35.0,61.396
1790281993.399446,61.445,1695,7601,0.0,0.0,35.0,61.396
1790281993.409445,61.445,1695,7601,0.0,0.0,35.0,61.396
1790281993.419443,61.445,1695,7601,0.0,0.0,35.0,61.396
1790281993.429445,61.445,1695,7601,0.0,0.0,35.0,61.396
1790281993.439443,61.445,1695,7601,0.0,0.0,35.0,61.396
1790281993.449446,61.445,1695,7601,0.0,0.0,35.0,61.396
1790281993.459444,61.445,1695,7601,0.0,0.0,35.0,61.396
1790281993.469444,61.445,1695,7601,0.0,0.0,35.0,61.396
1790281993.479445,61.445,1695,7601,0.0,0.0,35.0,61.396
1790281993.489445,61.445,1695,7601,0.0,0.0,35.0,61.396
1790281993.499446,61.445,1695,7601,0.0,0.0,35.0,61.396
1790281993.509445,61.445,1695,7601,0.0,0.0,35.0,61.396
1790281993.519446,61.445,1695,7601,0.0,0.0,35.0,61.396
1790281993.529445,61.445,1695,7601,0.0,0.0,35.0,61.396
1790281993.539444,61.445,1695,7601,0.0,0.0,35.0,61.396
1790281993.549445,61.445,1695,7601,0.0,0.0,35.0,61.396
1790281993.559447,61.445,1695,7601,0.0,0.0,35.0,61.396
1790281993.569446,61.445,1695,7601,0.0,0.0,35.0,61.396
1790281993.579446,61.445,1695,7601,0.0,0.0,35.0,61.396
1790281993.589445,61.445,1695,7601,0.0,0.0,35.0,61.396
1790281993.599445,61.445,1695,7601,0.0,0.0,35.0,61.396
1790281993.609446,61.445,1695,7601,0.0,0.0,35.0,61.396
1790281993.619446,61.445,1695,7601,0.0,0.0,35.0,61.396
1790281993.629444,61.445,1695,7601,0.0,0.0,35.0,61.396
1790281993.639445,61.445,1695,7601,0.0,0.0,35.0,61.396
1790281993.649444,61.445,1695,7601,0.0,0.0,35.0,61.396
1790281993.659446,61.445,1695,7601,0.0,0.0,35.0,61.396
1790281993.669445,61.445,1695,7601,0.0,0.0,35.0,61.396
1790281993.679445,61.445,1695,7601,0.0,0.0,35.0,61.396
1790281993.689446,61.445,1695,7601,0.0,0.0,35.0,61.396
1790281993.699445,61.445,1695,7601,0.0,0.0,35.0,61.396
1790281993.709444,61.445,1695,7601,0.0,0.0,35.0,61.396
1790281993.719445,61.445,1695,7601,0.0,0.0,35.0,61.396
1790281993.729446,61.445,1695,7601,0.0,0.0,35.0,61.396
1790281993.739443,61.445,1695,7601,0.0,0.0,35.0,61.396
1790281993.749446,61.445,1695,7601,0.0,0.0,35.0,61.396
1790281993.759406,61.445,1695,7601,0.0,0.0,35.0,61.396
1790281993.769447,61.445,1695,7601,0.0,0.0,35.0,61.396
1790281993.779445,61.445,1695,7601,0.0,0.0,35.0,61.396
1790281993.789445,61.445,1695,7601,0.0,0.0,35.0,61.396
1790281993.799444,61.445,1695,7601,0.0,0.0,35.0,61.396
1790281993.809446,61.445,1695,7601,0.0,0.0,35.0,61.396
1790281993.819445,61.445,1695,7601,0.0,0.0,35.0,61.396
1790281993.829445,61.445,1695,7601,0.0,0.0,35.0,61.396
1790281993.839442,61.445,1695,7601,0.0,0.0,35.0,61.396
1790281993.849446,61.445,1695,7601,0.0,0.0,35.0,61.396
1790281993.859446,61.445,1695,7601,0.0,0.0,35.0,61.396
1790281993.869445,61.445,1695,7601,0.0,0.0,35.0,61.396
1790281993.879445,61.445,1695,7601,0.0,0.0,35.0,61.396
1790281993.889443,61.445,1695,7601,0.0,0.0,35.0,61.396
1790281993.899445,61.445,1695,7601,0.0,0.0,35.0,61.396
1790281993.909445,61.445,1695,7601,0.0,0.0,35.0,61.396
1790281993.919445,61.445,1695,7601,0.0,0.0,35.0,61.396
1790281993.929445,61.445,1695,7601,0.0,0.0,35.0,61.396
1790281993.939445,61.445,1695,7601,0.0,0.0,35.0,61.396
1790281993.949446,61.445,1695,7601,0.0,0.0,35.0,61.396
1790281993.959445,61.456,1695,7601,0.0,0.0,35.0,61.516
1790281993.969446,61.456,1695,7601,0.0,0.0,35.0,61.516
1790281993.979445,61.456,1695,7601,0.0,0.0,35.0,61.516
1790281993.989446,61.456,1695,7601,0.0,0.0,35.0,61.516
1790281993.999445,61.456,1695,7601,0.0,0.0,35.0,61.516
1790281994.009446,61.456,1695,7601,0.0,0.0,35.0,61.516
1790281994.019445,61.456,1695,7601,0.0,0.0,35.0,61.516
1790281994.029445,61.456,1695,7601,0.0,0.0,35.0,61.516
1790281994.039408,61.456,1695,7601,0.0,0.0,35.0,61.516
1790281994.049446,61.456,1695,7601,0.0,0.0,35.0,61.516
1790281994.059445,61.456,1695,7601,0.0,0.0,35.0,61.516
1790281994.069445,61.456,1695,7601,0.0,0.0,35.0,61.516
1790281994.079444,61.456,1695,7601,0.0,0.0,35.0,61.516
1790281994.089445,61.456,1695,7601,0.0,0.0,35.0,61.516
1790281994.099444,61.456,1695,7601,0.0,0.0,35.0,61.516
1790281994.109445,61.456,1695,7601,0.0,0.0,35.0,61.516
1790281994.119444,61.456,1695,7601,0.0,0.0,35.0,61.516
1790281994.129445,61.456,1695,7601,0.0,0.0,35.0,61.516
1790281994.139402,61.456,1695,7601,0.0,0.0,35.0,61.516
1790281994.149445,61.456,1695,7601,0.0,0.0,35.0,61.516
1790281994.159443,61.456,1695,7601,0.0,0.0,35.0,61.516
1790281994.169443,61.456,1695,7601,0.0,0.0,35.0,61.516
1790281994.179444,61.456,1695,7601,0.0,0.0,35.0,61.516
1790281994.189445,61.456,1695,7601,0.0,0.0,35.0,61.516
1790281994.199442,61.456,1695,7601,0.0,0.0,35.0,61.516
1790281994.209443,61.456,1695,7601,0.0,0.0,35.0,61.516
1790281994.219445,61.456,1695,7601,0.0,0.0,35.0,61.516
1790281994.229443,61.456,1695,7601,0.0,0.0,35.0,61.516
1790281994.239401,61.456,1695,7601,0.0,0.0,35.0,61.516
1790281994.249445,61.456,1695,7601,0.0,0.0,35.0,61.516
1790281994.259445,61.456,1695,7601,0.0,0.0,35.0,61.516
1790281994.269445,61.456,1695,7601,0.0,0.0,35.0,61.516
1790281994.279442,61.456,1695,7601,0.0,0.0,35.0,61.516
1790281994.289442,61.456,1695,7601,0.0,0.0,35.0,61.516
1790281994.299443,61.456,1695,7601,0.0,0.0,35.0,61.516
1790281994.309445,61.456,1695,7601,0.0,0.0,35.0,61.516
1790281994.319445,61.456,1695,7601,0.0,0.0,35.0,61.516
1790281994.329445,61.456,1695,7601,0.0,0.0,35.0,61.516
1790281994.339406,61.456,1695,7601,0.0,0.0,35.0,61.516
1790281994.349445,61.456,1695,7601,0.0,0.0,35.0,61.516
1790281994.359445,61.456,1695,7601,0.0,0.0,35.0,61.516
1790281994.369445,61.456,1695,7601,0.0,0.0,35.0,61.516
1790281994.379446,61.456,1695,7601,0.0,0.0,35.0,61.516
1790281994.389445,61.456,1695,7601,0.0,0.0,35.0,61.516
1790281994.399443,61.456,1695,7601,0.0,0.0,35.0,61.516
1790281994.409443,61.456,1695,7601,0.0,0.0,35.0,61.516
1790281994.419443,61.456,1695,7601,0.0,0.0,35.0,61.516
1790281994.429444,61.456,1695,7601,0.0,0.0,35.0,61.516
1790281994.439401,61.456,1695,7601,0.0,0.0,35.0,61.516
1790281994.449443,61.456,1695,7601,0.0,0.0,35.0,61.516
1790281994.459445,61.456,1695,7601,0.0,0.0,35.0,61.516
1790281994.469443,61.456,1695,7601,0.0,0.0,35.0,61.516
1790281994.479442,61.456,1695,7601,0.0,0.0,35.0,61.516
1790281994.489445,61.456,1695,7601,0.0,0.0,35.0,61.516
1790281994.499444,61.456,1695,7601,0.0,0.0,35.0,61.516
1790281994.509445,61.456,1695,7601,0.0,0.0,35.0,61.516
1790281994.519444,61.456,1695,7601,0.0,0.0,35.0,61.516
1790281994.529445,61.456,1695,7601,0.0,0.0,35.0,61.516
1790281994.539400,61.456,1695,7601,0.0,0.0,35.0,61.516
1790281994.549445,61.456,1695,7601,0.0,0.0,35.0,61.516
1790281994.559446,61.456,1695,7601,0.0,0.0,35.0,61.516
1790281994.569445,61.456,1695,7601,0.0,0.0,35.0,61.516
1790281994.579445,61.456,1695,7601,0.0,0.0,35.0,61.516
1790281994.589442,61.456,1695,7601,0.0,0.0,35.0,61.516
1790281994.599444,61.456,1695,7601,0.0,0.0,35.0,61.516
1790281994.609445,61.456,1695,7601,0.0,0.0,35.0,61.516
1790281994.619444,61.456,1695,7601,0.0,0.0,35.0,61.516
1790281994.629445,61.456,1695,7601,0.0,0.0,35.0,61.516
1790281994.639401,61.456,1695,7601,0.0,0.0,35.0,61.516
1790281994.649444,61.456,1695,7601,0.0,0.0,35.0,61.516
1790281994.659444,61.456,1695,7601,0.0,0.0,35.0,61.516
1790281994.669444,61.456,1695,7601,0.0,0.0,35.0,61.516
1790281994.679442,61.456,1695,7601,0.0,0.0,35.0,61.516
1790281994.689444,61.456,1695,7601,0.0,0.0,35.0,61.516
1790281994.699443,61.456,1695,7601,0.0,0.0,35.0,61.516
1790281994.709444,61.456,1695,7601,0.0,0.0,35.0,61.516
1790281994.719442,61.456,1695,7601,0.0,0.0,35.0,61.516
1790281994.729443,61.456,1695,7601,0.0,0.0,35.0,61.516
1790281994.739399,61.456,1695,7601,0.0,0.0,35.0,61.516
1790281994.749444,61.456,1695,7601,0.0,0.0,35.0,61.516
1790281994.759402,61.456,1695,7601,0.0,0.0,35.0,61.516
1790281994.769444,61.456,1695,7601,0.0,0.0,35.0,61.516
1790281994.779442,61.456,1695,7601,0.0,0.0,35.0,61.516
1790281994.789400,61.456,1695,7601,0.0,0.0,35.0,61.516
1790281994.799401,61.456,1695,7601,0.0,0.0,35.0,61.516
1790281994.809400,61.456,1695,7601,0.0,0.0,35.0,61.516
1790281994.819400,61.456,1695,7601,0.0,0.0,35.0,61.516
1790281994.829401,61.456,1695,7601,0.0,0.0,35.0,61.516
1790281994.839401,61.456,1695,7601,0.0,0.0,35.0,61.516
1790281994.849401,61.456,1695,7601,0.0,0.0,35.0,61.516
1790281994.859401,61.456,1695,7601,0.0,0.0,35.0,61.516
1790281994.869400,61.456,1695,7601,0.0,0.0,35.0,61.516
1790281994.879411,61.456,1695,7601,0.0,0.0,35.0,61.516
1790281994.889401,61.456,1695,7601,0.0,0.0,35.0,61.516
1790281994.899401,61.456,1695,7601,0.0,0.0,35.0,61.516
1790281994.909408,61.456,1695,7601,0.0,0.0,35.0,61.516
1790281994.919403,61.456,1695,7601,0.0,0.0,35.0,61.516
1790281994.929408,61.456,1695,7601,0.0,0.0,35.0,61.516
1790281994.939403,61.456,1695,7601,0.0,0.0,35.0,61.516
1790281994.949411,61.456,1695,7601,0.0,0.0,35.0,61.516
1790281994.959424,61.498,1695,7601,0.0,0.0,35.0,61.480
1790281994.969452,61.498,1695,7601,0.0,0.0,35.0,61.480
1790281994.979457,61.498,1695,7601,0.0,0.0,35.0,61.480
1790281994.989450,61.498,1695,7601,0.0,0.0,35.0,61.480
1790281994.999458,61.498,1695,7601,0.0,0.0,35.0,61.480
1790281995.009450,61.498,1695,7601,0.0,0.0,35.0,61.480
1790281995.019462,61.498,1695,7601,0.0,0.0,35.0,61.480
1790281995.029449,61.498,1695,7601,0.0,0.0,35.0,61.480
1790281995.039446,61.498,1695,7601,0.0,0.0,35.0,61.480
1790281995.049447,61.498,1695,7601,0.0,0.0,35.0,61.480
1790281995.059446,61.498,1695,7601,0.0,0.0,35.0,61.480
1790281995.069447,61.498,1695,7601,0.0,0.0,35.0,61.480
1790281995.079446,61.498,1695,7601,0.0,0.0,35.0,61.480
1790281995.089445,61.498,1695,7601,0.0,0.0,35.0,61.480
1790281995.099446,61.498,1695,7601,0.0,0.0,35.0,61.480
1790281995.109446,61.498,1695,7601,0.0,0.0,35.0,61.480
1790281995.119445,61.498,1695,7601,0.0,0.0,35.0,61.480
1790281995.129447,61.498,1695,7601,0.0,0.0,35.0,61.480
1790281995.139444,61.498,1695,7601,0.0,0.0,35.0,61.480
1790281995.149447,61.498,1695,7601,0.0,0.0,35.0,61.480
1790281995.159445,61.498,1695,7601,0.0,0.0,35.0,61.480
1790281995.169444,61.498,1695,7601,0.0,0.0,35.0,61.480
1790281995.179445,61.498,1695,7601,0.0,0.0,35.0,61.480
1790281995.189446,61.498,1695,7601,0.0,0.0,35.0,61.480
1790281995.199445,61.498,1695,7601,0.0,0.0,35.0,61.480
1790281995.209445,61.498,1695,7601,0.0,0.0,35.0,61.480
1790281995.219446,61.498,1695,7601,0.0,0.0,35.0,61.480
1790281995.229445,61.498,1695,7601,0.0,0.0,35.0,61.480
1790281995.239447,61.498,1695,7601,0.0,0.0,35.0,61.480
1790281995.249446,61.498,1695,7601,0.0,0.0,35.0,61.480
1790281995.259445,61.498,1695,7601,0.0,0.0,35.0,61.480
1790281995.269446,61.498,1695,7601,0.0,0.0,35.0,61.480
1790281995.279444,61.498,1695,7601,0.0,0.0,35.0,61.480
1790281995.289445,61.498,1695,7601,0.0,0.0,35.0,61.480
1790281995.299444,61.498,1695,7601,0.0,0.0,35.0,61.480
1790281995.309445,61.498,1695,7601,0.0,0.0,35.0,61.480
1790281995.319445,61.498,1695,7601,0.0,0.0,35.0,61.480
1790281995.329445,61.498,1695,7601,0.0,0.0,35.0,61.480
1790281995.339444,61.498,1695,7601,0.0,0.0,35.0,61.480
1790281995.349444,61.498,1695,7601,0.0,0.0,35.0,61.480
1790281995.359444,61.498,1695,7601,0.0,0.0,35.0,61.480
1790281995.369446,61.498,1695,7601,0.0,0.0,35.0,61.480
1790281995.379443,61.498,1695,7601,0.0,0.0,35.0,61.480
1790281995.389445,61.498,1695,7601,0.0,0.0,35.0,61.480
1790281995.399444,61.498,1695,7601,0.0,0.0,35.0,61.480
1790281995.409447,61.498,1695,7601,0.0,0.0,35.0,61.480
1790281995.419446,61.498,1695,7601,0.0,0.0,35.0,61.480
1790281995.429445,61.498,1695,7601,0.0,0.0,35.0,61.480
1790281995.439445,61.498,1695,7601,0.0,0.0,35.0,61.480
1790281995.449446,61.498,1695,7601,0.0,0.0,35.0,61.480
1790281995.459445,61.498,1695,7601,0.0,0.0,35.0,61.480
1790281995.469445,61.498,1695,7601,0.0,0.0,35.0,61.480
1790281995.479446,61.498,1695,7601,0.0,0.0,35.0,61.480
1790281995.489445,61.498,1695,7601,0.0,0.0,35.0,61.480
1790281995.499445,61.498,1695,7601,0.0,0.0,35.0,61.480
1790281995.509445,61.498,1695,7601,0.0,0.0,35.0,61.480
1790281995.519444,61.498,1695,7601,0.0,0.0,35.0,61.480
1790281995.529445,61.498,1695,7601,0.0,0.0,35.0,61.480
1790281995.539445,61.498,1695,7601,0.0,0.0,35.0,61.480
1790281995.549445,61.498,1695,7601,0.0,0.0,35.0,61.480
1790281995.559443,61.498,1695,7601,0.0,0.0,35.0,61.480
1790281995.569444,61.498,1695,7601,0.0,0.0,35.0,61.480
1790281995.579445,61.498,1695,7601,0.0,0.0,35.0,61.480
1790281995.589446,61.498,1695,7601,0.0,0.0,35.0,61.480
1790281995.599445,61.498,1695,7601,0.0,0.0,35.0,61.480
1790281995.609446,61.498,1695,7601,0.0,0.0,35.0,61.480
1790281995.619445,61.498,1695,7601,0.0,0.0,35.0,61.480
1790281995.629445,61.498,1695,7601,0.0,0.0,35.0,61.480
1790281995.639445,61.498,1695,7601,0.0,0.0,35.0,61.480
1790281995.649445,61.498,1695,7601,0.0,0.0,35.0,61.480
1790281995.659443,61.498,1695,7601,0.0,0.0,35.0,61.480
1790281995.669444,61.498,1695,7601,0.0,0.0,35.0,61.480
1790281995.679445,61.498,1695,7601,0.0,0.0,35.0,61.480
1790281995.689444,61.498,1695,7601,0.0,0.0,35.0,61.480
1790281995.699445,61.498,1695,7601,0.0,0.0,35.0,61.480
1790281995.709444,61.498,1695,7601,0.0,0.0,35.0,61.480
1790281995.719443,61.498,1695,7601,0.0,0.0,35.0,61.480
1790281995.729445,61.498,1695,7601,0.0,0.0,35.0,61.480
1790281995.739445,61.498,1695,7601,0.0,0.0,35.0,61.480
1790281995.749445,61.498,1695,7601,0.0,0.0,35.0,61.480
1790281995.759444,61.498,1695,7601,0.0,0.0,35.0,61.480
1790281995.769445,61.498,1695,7601,0.0,0.0,35.0,61.480
1790281995.779445,61.498,1695,7601,0.0,0.0,35.0,61.480
1790281995.789445,61.498,1695,7601,0.0,0.0,35.0,61.480
1790281995.799444,61.498,1695,7601,0.0,0.0,35.0,61.480
1790281995.809442,61.498,1695,7601,0.0,0.0,35.0,61.480
1790281995.819446,61.498,1695,7601,0.0,0.0,35.0,61.480
1790281995.829443,61.498,1695,7601,0.0,0.0,35.0,61.480
1790281995.839443,61.498,1695,7601,0.0,0.0,35.0,61.480
1790281995.849444,61.498,1695,7601,0.0,0.0,35.0,61.480
1790281995.859443,61.498,1695,7601,0.0,0.0,35.0,61.480
1790281995.869443,61.498,1695,7601,0.0,0.0,35.0,61.480
1790281995.879443,61.498,1695,7601,0.0,0.0,35.0,61.480
1790281995.889444,61.498,1695,7601,0.0,0.0,35.0,61.480
1790281995.899445,61.498,1695,7601,0.0,0.0,35.0,61.480
1790281995.909444,61.498,1695,7601,0.0,0.0,35.0,61.480
1790281995.919442,61.498,1695,7601,0.0,0.0,35.0,61.480
1790281995.929445,61.498,1695,7601,0.0,0.0,35.0,61.480
1790281995.939445,61.498,1695,7601,0.0,0.0,35.0,61.480
1790281995.949444,61.498,1695,7601,0.0,0.0,35.0,61.480
1790281995.959445,61.448,1695,7601,0.0,0.0,35.0,61.417
1790281995.969442,61.448,1695,7601,0.0,0.0,35.0,61.417
1790281995.979442,61.448,1695,7601,0.0,0.0,35.0,61.417
1790281995.989444,61.448,1695,7601,0.0,0.0,35.0,61.417
1790281995.999444,61.448,1695,7601,0.0,0.0,35.0,61.417
1790281996.009445,61.448,1695,7601,0.0,0.0,35.0,61.417
1790281996.019445,61.448,1695,7601,0.0,0.0,35.0,61.417
1790281996.029445,61.448,1695,7601,0.0,0.0,35.0,61.417
1790281996.039444,61.448,1695,7601,0.0,0.0,35.0,61.417
1790281996.049443,61.448,1695,7601,0.0,0.0,35.0,61.417
1790281996.059443,61.448,1695,7601,0.0,0.0,35.0,61.417
1790281996.069443,61.448,1695,7601,0.0,0.0,35.0,61.417
1790281996.079444,61.448,1695,7601,0.0,0.0,35.0,61.417
1790281996.089445,61.448,1695,7601,0.0,0.0,35.0,61.417
1790281996.099444,61.448,1695,7601,0.0,0.0,35.0,61.417
1790281996.109443,61.448,1695,7601,0.0,0.0,35.0,61.417
1790281996.119442,61.448,1695,7601,0.0,0.0,35.0,61.417
1790281996.129442,61.448,1695,7601,0.0,0.0,35.0,61.417
1790281996.139445,61.448,1695,7601,0.0,0.0,35.0,61.417
1790281996.149444,61.448,1695,7601,0.0,0.0,35.0,61.417
1790281996.159443,61.448,1695,7601,0.0,0.0,35.0,61.417
1790281996.169445,61.448,1695,7601,0.0,0.0,35.0,61.417
1790281996.179444,61.448,1695,7601,0.0,0.0,35.0,61.417
1790281996.189444,61.448,1695,7601,0.0,0.0,35.0,61.417
1790281996.199444,61.448,1695,7601,0.0,0.0,35.0,61.417
1790281996.209443,61.448,1695,7601,0.0,0.0,35.0,61.417
1790281996.219444,61.448,1695,7601,0.0,0.0,35.0,61.417
1790281996.229445,61.448,1695,7601,0.0,0.0,35.0,61.417
1790281996.239443,61.448,1695,7601,0.0,0.0,35.0,61.417
1790281996.249443,61.448,1695,7601,0.0,0.0,35.0,61.417
1790281996.259443,61.448,1695,7601,0.0,0.0,35.0,61.417
1790281996.269444,61.448,1695,7601,0.0,0.0,35.0,61.417
1790281996.279446,61.448,1695,7601,0.0,0.0,35.0,61.417
1790281996.289445,61.448,1695,7601,0.0,0.0,35.0,61.417
1790281996.299445,61.448,1695,7601,0.0,0.0,35.0,61.417
1790281996.309443,61.448,1695,7601,0.0,0.0,35.0,61.417
1790281996.319443,61.448,1695,7601,0.0,0.0,35.0,61.417
1790281996.329442,61.448,1695,7601,0.0,0.0,35.0,61.417
1790281996.339442,61.448,1695,7601,0.0,0.0,35.0,61.417
1790281996.349442,61.448,1695,7601,0.0,0.0,35.0,61.417
1790281996.359443,61.448,1695,7601,0.0,0.0,35.0,61.417
1790281996.369443,61.448,1695,7601,0.0,0.0,35.0,61.417
1790281996.379442,61.448,1695,7601,0.0,0.0,35.0,61.417
1790281996.389445,61.448,1695,7601,0.0,0.0,35.0,61.417
1790281996.399444,61.448,1695,7601,0.0,0.0,35.0,61.417
1790281996.409444,61.448,1695,7601,0.0,0.0,35.0,61.417
1790281996.419442,61.448,1695,7601,0.0,0.0,35.0,61.417
1790281996.429443,61.448,1695,7601,0.0,0.0,35.0,61.417
1790281996.439445,61.448,1695,7601,0.0,0.0,35.0,61.417
1790281996.449443,61.448,1695,7601,0.0,0.0,35.0,61.417
1790281996.459445,61.448,1695,7601,0.0,0.0,35.0,61.417
1790281996.469444,61.448,1695,7601,0.0,0.0,35.0,61.417
1790281996.479444,61.448,1695,7601,0.0,0.0,35.0,61.417
1790281996.489443,61.448,1695,7601,0.0,0.0,35.0,61.417
1790281996.499444,61.448,1695,7601,0.0,0.0,35.0,61.417
1790281996.509443,61.448,1695,7601,0.0,0.0,35.0,61.417
1790281996.519404,61.448,1695,7601,0.0,0.0,35.0,61.417
1790281996.529401,61.448,1695,7601,0.0,0.0,35.0,61.417
1790281996.539400,61.448,1695,7601,0.0,0.0,35.0,61.417
1790281996.549401,61.448,1695,7601,0.0,0.0,35.0,61.417
1790281996.559399,61.448,1695,7601,0.0,0.0,35.0,61.417
1790281996.569399,61.448,1695,7601,0.0,0.0,35.0,61.417
1790281996.579415,61.448,1695,7601,0.0,0.0,35.0,61.417
1790281996.589401,61.448,1695,7601,0.0,0.0,35.0,61.417
1790281996.599412,61.448,1695,7601,0.0,0.0,35.0,61.417
1790281996.609403,61.448,1695,7601,0.0,0.0,35.0,61.417
1790281996.619410,61.448,1695,7601,0.0,0.0,35.0,61.417
1790281996.629402,61.448,1695,7601,0.0,0.0,35.0,61.417
1790281996.639400,61.448,1695,7601,0.0,0.0,35.0,61.417
1790281996.649411,61.448,1695,7601,0.0,0.0,36.0,61.417
1790281996.659401,61.448,1695,7601,0.0,0.0,36.0,61.417
1790281996.669400,61.448,1695,7601,0.0,0.0,36.0,61.417
1790281996.679408,61.448,1695,7601,0.0,0.0,35.0,61.417
1790281996.689436,61.448,1695,7601,0.0,0.0,35.0,61.417
1790281996.699405,61.448,1695,7601,0.0,0.0,35.0,61.417
1790281996.709454,61.448,1695,7601,0.0,0.0,35.0,61.417
1790281996.719460,61.448,1695,7601,0.0,0.0,35.0,61.417
1790281996.729450,61.448,1695,7601,0.0,0.0,35.0,61.417
1790281996.739446,61.448,1695,7601,0.0,0.0,35.0,61.417
1790281996.749457,61.448,1695,7601,0.0,0.0,35.0,61.417
1790281996.759450,61.448,1695,7601,0.0,0.0,35.0,61.417
1790281996.769458,61.448,1695,7601,0.0,0.0,35.0,61.417
1790281996.779449,61.448,1695,7601,0.0,0.0,35.0,61.417
1790281996.789459,61.448,1695,7601,0.0,0.0,35.0,61.417
1790281996.799449,61.448,1695,7601,0.0,0.0,35.0,61.417
1790281996.809447,61.448,1695,7601,0.0,0.0,35.0,61.417
1790281996.819446,61.448,1695,7601,0.0,0.0,35.0,61.417
1790281996.829446,61.448,1695,7601,0.0,0.0,36.0,61.417
1790281996.839449,61.448,1695,7601,0.0,0.0,36.0,61.417
1790281996.849445,61.448,1695,7601,0.0,0.0,36.0,61.417
1790281996.859445,61.448,1695,7601,0.0,0.0,35.0,61.417
1790281996.869445,61.448,1695,7601,0.0,0.0,35.0,61.417
1790281996.879446,61.448,1695,7601,0.0,0.0,35.0,61.417
1790281996.889444,61.448,1695,7601,0.0,0.0,35.0,61.417
1790281996.899446,61.448,1695,7601,0.0,0.0,35.0,61.417
1790281996.909446,61.448,1695,7601,0.0,0.0,35.0,61.417
1790281996.919445,61.448,1695,7601,0.0,0.0,35.0,61.417
1790281996.929443,61.448,1695,7601,0.0,0.0,35.0,61.417
1790281996.939446,61.448,1695,7601,0.0,0.0,35.0,61.417
1790281996.949445,61.448,1695,7601,0.0,0.0,35.0,61.417
1790281996.959445,61.401,1695,7601,0.0,0.0,35.0,61.385
1790281996.969445,61.401,1695,7601,0.0,0.0,35.0,61.385
1790281996.979445,61.401,1695,7601,0.0,0.0,35.0,61.385
1790281996.989445,61.401,1695,7601,0.0,0.0,35.0,61.385
1790281996.999445,61.401,1695,7601,0.0,0.0,35.0,61.385
1790281997.009446,61.401,1695,7601,0.0,0.0,36.0,61.385
1790281997.019445,61.401,1695,7601,0.0,0.0,36.0,61.385
1790281997.029445,61.401,1695,7601,0.0,0.0,36.0,61.385
1790281997.039444,61.401,1695,7601,0.0,0.0,36.0,61.385
1790281997.049445,61.401,1695,7601,0.0,0.0,36.0,61.385
1790281997.059444,61.401,1695,7601,0.0,0.0,36.0,61.385
1790281997.069445,61.401,1695,7601,0.0,0.0,35.0,61.385
1790281997.079445,61.401,1695,7601,0.0,0.0,35.0,61.385
1790281997.089444,61.401,1695,7601,0.0,0.0,35.0,61.385
1790281997.099445,61.401,1695,7601,0.0,0.0,35.0,61.385
1790281997.109446,61.401,1695,7601,0.0,0.0,35.0,61.385
1790281997.119446,61.401,1695,7601,0.0,0.0,35.0,61.385
1790281997.129445,61.401,1695,7601,0.0,0.0,35.0,61.385
1790281997.139445,61.401,1695,7601,0.0,0.0,35.0,61.385
1790281997.149446,61.401,1695,7601,0.0,0.0,35.0,61.385
1790281997.159445,61.401,1695,7601,0.0,0.0,35.0,61.385
1790281997.169444,61.401,1695,7601,0.0,0.0,35.0,61.385
1790281997.179445,61.401,1695,7601,0.0,0.0,35.0,61.385
1790281997.189446,61.401,1695,7601,0.0,0.0,35.0,61.385
1790281997.199446,61.401,1695,7601,0.0,0.0,35.0,61.385
1790281997.209446,61.401,1695,7601,0.0,0.0,35.0,61.385
1790281997.219445,61.401,1695,7601,0.0,0.0,35.0,61.385
1790281997.229444,61.401,1695,7601,0.0,0.0,35.0,61.385
1790281997.239445,61.401,1695,7601,0.0,0.0,35.0,61.385
1790281997.249445,61.401,1695,7601,0.0,0.0,35.0,61.385
1790281997.259444,61.401,1695,7601,0.0,0.0,35.0,61.385
1790281997.269445,61.401,1695,7601,0.0,0.0,35.0,61.385
1790281997.279444,61.401,1695,7601,0.0,0.0,35.0,61.385
1790281997.289446,61.401,1695,7601,0.0,0.0,35.0,61.385
1790281997.299446,61.401,1695,7601,0.0,0.0,35.0,61.385
1790281997.309443,61.401,1695,7601,0.0,0.0,35.0,61.385
1790281997.319446,61.401,1695,7601,0.0,0.0,35.0,61.385
1790281997.329445,61.401,1695,7601,0.0,0.0,35.0,61.385
1790281997.339444,61.401,1695,7601,0.0,0.0,35.0,61.385
1790281997.349446,61.401,1695,7601,0.0,0.0,35.0,61.385
1790281997.359445,61.401,1695,7601,0.0,0.0,35.0,61.385
1790281997.369444,61.401,1695,7601,0.0,0.0,35.0,61.385
1790281997.379445,61.401,1695,7601,0.0,0.0,35.0,61.385
1790281997.389444,61.401,1695,7601,0.0,0.0,35.0,61.385
1790281997.399444,61.401,1695,7601,0.0,0.0,36.0,61.385
1790281997.409446,61.401,1695,7601,0.0,0.0,36.0,61.385
1790281997.419445,61.401,1695,7601,0.0,0.0,36.0,61.385
1790281997.429443,61.401,1695,7601,0.0,0.0,35.0,61.385
1790281997.439443,61.401,1695,7601,0.0,0.0,35.0,61.385
1790281997.449445,61.401,1695,7601,0.0,0.0,35.0,61.385
1790281997.459445,61.401,1695,7601,0.0,0.0,35.0,61.385
1790281997.469444,61.401,1695,7601,0.0,0.0,35.0,61.385
1790281997.479445,61.401,1695,7601,0.0,0.0,35.0,61.385
1790281997.489446,61.401,1695,7601,0.0,0.0,35.0,61.385
1790281997.499446,61.401,1695,7601,0.0,0.0,35.0,61.385
1790281997.509445,61.401,1695,7601,0.0,0.0,35.0,61.385
1790281997.519444,61.401,1695,7601,0.0,0.0,35.0,61.385
1790281997.529444,61.401,1695,7601,0.0,0.0,35.0,61.385
1790281997.539447,61.401,1695,7601,0.0,0.0,35.0,61.385
1790281997.549445,61.401,1695,7601,0.0,0.0,35.0,61.385
1790281997.559446,61.401,1695,7601,0.0,0.0,35.0,61.385
1790281997.569443,61.401,1695,7601,0.0,0.0,35.0,61.385
1790281997.579444,61.401,1695,7601,0.0,0.0,36.0,61.385
1790281997.589445,61.401,1695,7601,0.0,0.0,36.0,61.385
1790281997.599444,61.401,1695,7601,0.0,0.0,36.0,61.385
1790281997.609444,61.401,1695,7601,0.0,0.0,35.0,61.385
1790281997.619444,61.401,1695,7601,0.0,0.0,35.0,61.385
1790281997.629444,61.401,1695,7601,0.0,0.0,35.0,61.385
1790281997.639443,61.401,1695,7601,0.0,0.0,35.0,61.385
1790281997.649444,61.401,1695,7601,0.0,0.0,35.0,61.385
1790281997.659444,61.401,1695,7601,0.0,0.0,35.0,61.385
1790281997.669444,61.401,1695,7601,0.0,0.0,35.0,61.385
1790281997.679444,61.401,1695,7601,0.0,0.0,35.0,61.385
1790281997.689445,61.401,1695,7601,0.0,0.0,35.0,61.385
1790281997.699445,61.401,1695,7601,0.0,0.0,35.0,61.385
1790281997.709443,61.401,1695,7601,0.0,0.0,35.0,61.385
1790281997.719444,61.401,1695,7601,0.0,0.0,35.0,61.385
1790281997.729445,61.401,1695,7601,0.0,0.0,35.0,61.385
1790281997.739444,61.401,1695,7601,0.0,0.0,35.0,61.385
1790281997.749444,61.401,1695,7601,0.0,0.0,35.0,61.385
1790281997.759442,61.401,1695,7601,0.0,0.0,35.0,61.385
1790281997.769446,61.401,1695,7601,0.0,0.0,35.0,61.385
1790281997.779446,61.401,1695,7601,0.0,0.0,35.0,61.385
1790281997.789445,61.401,1695,7601,0.0,0.0,35.0,61.385
1790281997.799444,61.401,1695,7601,0.0,0.0,35.0,61.385
1790281997.809445,61.401,1695,7601,0.0,0.0,35.0,61.385
1790281997.819442,61.401,1695,7601,0.0,0.0,35.0,61.385
1790281997.829443,61.401,1695,7601,0.0,0.0,35.0,61.385
1790281997.839445,61.401,1695,7601,0.0,0.0,35.0,61.385
1790281997.849443,61.401,1695,7601,0.0,0.0,35.0,61.385
1790281997.859444,61.401,1695,7601,0.0,0.0,35.0,61.385
1790281997.869446,61.401,1695,7601,0.0,0.0,35.0,61.385
1790281997.879444,61.401,1695,7601,0.0,0.0,35.0,61.385
1790281997.889444,61.401,1695,7601,0.0,0.0,35.0,61.385
1790281997.899442,61.401,1695,7601,0.0,0.0,35.0,61.385
1790281997.909445,61.401,1695,7601,0.0,0.0,35.0,61.385
1790281997.919442,61.401,1695,7601,0.0,0.0,35.0,61.385
1790281997.929444,61.401,1695,7601,0.0,0.0,35.0,61.385
1790281997.939444,61.401,1695,7601,0.0,0.0,35.0,61.385
1790281997.949445,61.401,1695,7601,0.0,0.0,35.0,61.385
1790281997.959444,61.333,1695,7601,0.0,0.0,35.0,61.283
1790281997.969444,61.333,1695,7601,0.0,0.0,36.0,61.283
1790281997.979444,61.333,1695,7601,0.0,0.0,36.0,61.283
1790281997.989446,61.333,1695,7601,0.0,0.0,36.0,61.283
1790281997.999444,61.333,1695,7601,0.0,0.0,35.0,61.283
1790281998.009444,61.333,1695,7601,0.0,0.0,35.0,61.283
1790281998.019444,61.333,1695,7601,0.0,0.0,35.0,61.283
1790281998.029443,61.333,1695,7601,0.0,0.0,35.0,61.283
1790281998.039443,61.333,1695,7601,0.0,0.0,35.0,61.283
1790281998.049442,61.333,1695,7601,0.0,0.0,35.0,61.283
1790281998.059444,61.333,1695,7601,0.0,0.0,35.0,61.283
1790281998.069444,61.333,1695,7601,0.0,0.0,35.0,61.283
1790281998.079442,61.333,1695,7601,0.0,0.0,35.0,61.283
1790281998.089445,61.333,1695,7601,0.0,0.0,35.0,61.283
1790281998.099442,61.333,1695,7601,0.0,0.0,35.0,61.283
1790281998.109443,61.333,1695,7601,0.0,0.0,35.0,61.283
1790281998.119443,61.333,1695,7601,0.0,0.0,35.0,61.283
1790281998.129444,61.333,1695,7601,0.0,0.0,35.0,61.283
1790281998.139443,61.333,1695,7601,0.0,0.0,35.0,61.283
1790281998.149444,61.333,1695,7601,0.0,0.0,36.0,61.283
1790281998.159444,61.333,1695,7601,0.0,0.0,36.0,61.283
1790281998.169444,61.333,1695,7601,0.0,0.0,36.0,61.283
1790281998.179441,61.333,1695,7601,0.0,0.0,35.0,61.283
1790281998.189443,61.333,1695,7601,0.0,0.0,35.0,61.283
1790281998.199442,61.333,1695,7601,0.0,0.0,35.0,61.283
1790281998.209445,61.333,1695,7601,0.0,0.0,35.0,61.283
1790281998.219444,61.333,1695,7601,0.0,0.0,35.0,61.283
1790281998.229444,61.333,1695,7601,0.0,0.0,35.0,61.283
1790281998.239442,61.333,1695,7601,0.0,0.0,35.0,61.283
1790281998.249442,61.333,1695,7601,0.0,0.0,35.0,61.283
1790281998.259443,61.333,1695,7601,0.0,0.0,35.0,61.283
1790281998.269444,61.333,1695,7601,0.0,0.0,35.0,61.283
1790281998.279443,61.333,1695,7601,0.0,0.0,35.0,61.283
1790281998.289401,61.333,1695,7601,0.0,0.0,35.0,61.283
1790281998.299400,61.333,1695,7601,0.0,0.0,35.0,61.283
1790281998.309400,61.333,1695,7601,0.0,0.0,35.0,61.283
1790281998.319400,61.333,1695,7601,0.0,0.0,35.0,61.283
1790281998.329400,61.333,1695,7601,0.0,0.0,35.0,61.283
1790281998.339400,61.333,1695,7601,0.0,0.0,35.0,61.283
1790281998.349400,61.333,1695,7601,0.0,0.0,35.0,61.283
1790281998.359400,61.333,1695,7601,0.0,0.0,36.0,61.283
1790281998.369418,61.333,1695,7601,0.0,0.0,36.0,61.283
1790281998.379401,61.333,1695,7601,0.0,0.0,36.0,61.283
1790281998.389409,61.333,1695,7601,0.0,0.0,35.0,61.283
1790281998.399402,61.333,1695,7601,0.0,0.0,35.0,61.283
1790281998.409411,61.333,1695,7601,0.0,0.0,35.0,61.283
1790281998.419401,61.333,1695,7601,0.0,0.0,35.0,61.283
1790281998.429412,61.333,1695,7601,0.0,0.0,35.0,61.283
1790281998.439401,61.333,1695,7601,0.0,0.0,35.0,61.283
1790281998.449411,61.333,1695,7601,0.0,0.0,35.0,61.283
1790281998.459411,61.333,1695,7601,0.0,0.0,35.0,61.283
1790281998.469459,61.333,1695,7601,0.0,0.0,35.0,61.283
1790281998.479451,61.333,1695,7601,0.0,0.0,35.0,61.283
1790281998.489457,61.333,1695,7601,0.0,0.0,35.0,61.283
1790281998.499450,61.333,1695,7601,0.0,0.0,35.0,61.283
1790281998.509460,61.333,1695,7601,0.0,0.0,35.0,61.283
1790281998.519451,61.333,1695,7601,0.0,0.0,35.0,61.283
1790281998.529457,61.333,1695,7601,0.0,0.0,35.0,61.283
1790281998.539450,61.333,1695,7601,0.0,0.0,36.0,61.283
1790281998.549461,61.333,1695,7601,0.0,0.0,36.0,61.283
1790281998.559449,61.333,1695,7601,0.0,0.0,36.0,61.283
1790281998.569461,61.333,1695,7601,0.0,0.0,35.0,61.283
1790281998.579450,61.333,1695,7601,0.0,0.0,35.0,61.283
1790281998.589447,61.333,1695,7601,0.0,0.0,35.0,61.283
1790281998.599445,61.333,1695,7601,0.0,0.0,35.0,61.283
1790281998.609446,61.333,1695,7601,0.0,0.0,35.0,61.283
1790281998.619447,61.333,1695,7601,0.0,0.0,35.0,61.283
1790281998.629447,61.333,1695,7601,0.0,0.0,35.0,61.283
1790281998.639446,61.333,1695,7601,0.0,0.0,35.0,61.283
1790281998.649445,61.333,1695,7601,0.0,0.0,35.0,61.283
1790281998.659446,61.333,1695,7601,0.0,0.0,35.0,61.283
1790281998.669446,61.333,1695,7601,0.0,0.0,35.0,61.283
1790281998.679446,61.333,1695,7601,0.0,0.0,35.0,61.283
1790281998.689446,61.333,1695,7601,0.0,0.0,35.0,61.283
1790281998.699445,61.333,1695,7601,0.0,0.0,35.0,61.283
1790281998.709445,61.333,1695,7601,0.0,0.0,35.0,61.283
1790281998.719444,61.333,1695,7601,0.0,0.0,36.0,61.283
1790281998.729445,61.333,1695,7601,0.0,0.0,36.0,61.283
1790281998.739445,61.333,1695,7601,0.0,0.0,36.0,61.283
1790281998.749445,61.333,1695,7601,0.0,0.0,35.0,61.283
1790281998.759404,61.333,1695,7601,0.0,0.0,35.0,61.283
1790281998.769445,61.333,1695,7601,0.0,0.0,35.0,61.283
1790281998.779445,61.333,1695,7601,0.0,0.0,35.0,61.283
1790281998.789444,61.333,1695,7601,0.0,0.0,35.0,61.283
1790281998.799445,61.333,1695,7601,0.0,0.0,35.0,61.283
1790281998.809445,61.333,1695,7601,0.0,0.0,35.0,61.283
1790281998.819446,61.333,1695,7601,0.0,0.0,35.0,61.283
1790281998.829446,61.333,1695,7601,0.0,0.0,35.0,61.283
1790281998.839446,61.333,1695,7601,0.0,0.0,35.0,61.283
1790281998.849446,61.333,1695,7601,0.0,0.0,35.0,61.283
1790281998.859444,61.333,1695,7601,0.0,0.0,35.0,61.283
1790281998.869444,61.333,1695,7601,0.0,0.0,35.0,61.283
1790281998.879446,61.333,1695,7601,0.0,0.0,35.0,61.283
1790281998.889446,61.333,1695,7601,0.0,0.0,35.0,61.283
1790281998.899446,61.333,1695,7601,0.0,0.0,36.0,61.283
1790281998.909444,61.333,1695,7601,0.0,0.0,36.0,61.283
1790281998.919445,61.333,1695,7601,0.0,0.0,36.0,61.283
1790281998.929445,61.333,1695,7601,0.0,0.0,35.0,61.283
1790281998.939446,61.333,1695,7601,0.0,0.0,35.0,61.283
1790281998.949445,61.333,1695,7601,0.0,0.0,35.0,61.283
1790281998.959443,61.233,1695,7601,0.0,0.0,35.0,61.183
1790281998.969445,61.233,1695,7601,0.0,0.0,35.0,61.183
1790281998.979445,61.233,1695,7601,0.0,0.0,35.0,61.183
1790281998.989443,61.233,1695,7601,0.0,0.0,35.0,61.183
1790281998.999445,61.233,1695,7601,0.0,0.0,35.0,61.183
1790281999.009444,61.233,1695,7601,0.0,0.0,35.0,61.183
1790281999.019445,61.233,1695,7601,0.0,0.0,35.0,61.183
1790281999.029445,61.233,1695,7601,0.0,0.0,35.0,61.183
1790281999.039444,61.233,1695,7601,0.0,0.0,35.0,61.183
1790281999.049445,61.233,1695,7601,0.0,0.0,35.0,61.183
1790281999.059444,61.233,1695,7601,0.0,0.0,35.0,61.183
1790281999.069444,61.233,1695,7601,0.0,0.0,35.0,61.183
1790281999.079443,61.233,1695,7601,0.0,0.0,36.0,61.183
1790281999.089445,61.233,1695,7601,0.0,0.0,36.0,61.183
1790281999.099444,61.233,1695,7601,0.0,0.0,36.0,61.183
1790281999.109445,61.233,1695,7601,0.0,0.0,36.0,61.183
1790281999.119446,61.233,1695,7601,0.0,0.0,36.0,61.183
1790281999.129442,61.233,1695,7601,0.0,0.0,36.0,61.183
1790281999.139443,61.233,1695,7601,0.0,0.0,35.0,61.183
1790281999.149443,61.233,1695,7601,0.0,0.0,35.0,61.183
1790281999.159444,61.233,1695,7601,0.0,0.0,35.0,61.183
1790281999.169445,61.233,1695,7601,0.0,0.0,35.0,61.183
1790281999.179445,61.233,1695,7601,0.0,0.0,35.0,61.183
1790281999.189444,61.233,1695,7601,0.0,0.0,35.0,61.183
1790281999.199442,61.233,1695,7601,0.0,0.0,35.0,61.183
1790281999.209442,61.233,1695,7601,0.0,0.0,35.0,61.183
1790281999.219442,61.233,1695,7601,0.0,0.0,35.0,61.183
1790281999.229446,61.233,1695,7601,0.0,0.0,35.0,61.183
1790281999.239444,61.233,1695,7601,0.0,0.0,35.0,61.183
1790281999.249445,61.233,1695,7601,0.0,0.0,35.0,61.183
1790281999.259443,61.233,1695,7601,0.0,0.0,36.0,61.183
1790281999.269445,61.233,1695,7601,0.0,0.0,36.0,61.183
1790281999.279444,61.233,1695,7601,0.0,0.0,36.0,61.183
1790281999.289445,61.233,1695,7601,0.0,0.0,36.0,61.183
1790281999.299442,61.233,1695,7601,0.0,0.0,36.0,61.183
1790281999.309445,61.233,1695,7601,0.0,0.0,36.0,61.183
1790281999.319445,61.233,1695,7601,0.0,0.0,35.0,61.183
1790281999.329445,61.233,1695,7601,0.0,0.0,35.0,61.183
1790281999.339445,61.233,1695,7601,0.0,0.0,35.0,61.183
1790281999.349444,61.233,1695,7601,0.0,0.0,35.0,61.183
1790281999.359442,61.233,1695,7601,0.0,0.0,35.0,61.183
1790281999.369445,61.233,1695,7601,0.0,0.0,35.0,61.183
1790281999.379443,61.233,1695,7601,0.0,0.0,35.0,61.183
1790281999.389444,61.233,1695,7601,0.0,0.0,35.0,61.183
1790281999.399443,61.233,1695,7601,0.0,0.0,35.0,61.183
1790281999.409444,61.233,1695,7601,0.0,0.0,35.0,61.183
1790281999.419445,61.233,1695,7601,0.0,0.0,35.0,61.183
1790281999.429445,61.233,1695,7601,0.0,0.0,35.0,61.183
1790281999.439445,61.233,1695,7601,0.0,0.0,35.0,61.183
1790281999.449443,61.233,1695,7601,0.0,0.0,35.0,61.183
1790281999.459445,61.233,1695,7601,0.0,0.0,35.0,61.183
1790281999.469444,61.233,1695,7601,0.0,0.0,36.0,61.183
1790281999.479442,61.233,1695,7601,0.0,0.0,36.0,61.183
1790281999.489444,61.233,1695,7601,0.0,0.0,36.0,61.183
1790281999.499444,61.233,1695,7601,0.0,0.0,35.0,61.183
1790281999.509444,61.233,1695,7601,0.0,0.0,35.0,61.183
1790281999.519445,61.233,1695,7601,0.0,0.0,35.0,61.183
1790281999.529445,61.233,1695,7601,0.0,0.0,35.0,61.183
1790281999.539442,61.233,1695,7601,0.0,0.0,35.0,61.183
1790281999.549442,61.233,1695,7601,0.0,0.0,35.0,61.183
1790281999.559444,61.233,1695,7601,0.0,0.0,35.0,61.183
1790281999.569442,61.233,1695,7601,0.0,0.0,35.0,61.183
1790281999.579445,61.233,1695,7601,0.0,0.0,35.0,61.183
1790281999.589442,61.233,1695,7601,0.0,0.0,35.0,61.183
1790281999.599445,61.233,1695,7601,0.0,0.0,35.0,61.183
1790281999.609445,61.233,1695,7601,0.0,0.0,35.0,61.183
1790281999.619445,61.233,1695,7601,0.0,0.0,35.0,61.183
1790281999.629442,61.233,1695,7601,0.0,0.0,35.0,61.183
1790281999.639444,61.233,1695,7601,0.0,0.0,35.0,61.183
1790281999.649444,61.233,1695,7601,0.0,0.0,36.0,61.183
1790281999.659445,61.233,1695,7601,0.0,0.0,36.0,61.183
1790281999.669445,61.233,1695,7601,0.0,0.0,36.0,61.183
1790281999.679443,61.233,1695,7601,0.0,0.0,36.0,61.183
1790281999.689443,61.233,1695,7601,0.0,0.0,36.0,61.183
1790281999.699400,61.233,1695,7601,0.0,0.0,36.0,61.183
1790281999.709445,61.233,1695,7601,0.0,0.0,35.0,61.183
1790281999.719443,61.233,1695,7601,0.0,0.0,35.0,61.183
1790281999.729445,61.233,1695,7601,0.0,0.0,35.0,61.183
1790281999.739448,61.233,1695,7601,0.0,0.0,35.0,61.183
1790281999.749444,61.233,1695,7601,0.0,0.0,35.0,61.183
1790281999.759443,61.233,1695,7601,0.0,0.0,35.0,61.183
1790281999.769443,61.233,1695,7601,0.0,0.0,35.0,61.183
1790281999.779442,61.233,1695,7601,0.0,0.0,35.0,61.183
1790281999.789445,61.233,1695,7601,0.0,0.0,35.0,61.183
1790281999.799444,61.233,1695,7601,0.0,0.0,35.0,61.183
1790281999.809443,61.233,1695,7601,0.0,0.0,35.0,61.183
1790281999.819443,61.233,1695,7601,0.0,0.0,35.0,61.183
1790281999.829445,61.233,1695,7601,0.0,0.0,36.0,61.183
1790281999.839444,61.233,1695,7601,0.0,0.0,36.0,61.183
1790281999.849444,61.233,1695,7601,0.0,0.0,36.0,61.183
1790281999.859442,61.233,1695,7601,0.0,0.0,36.0,61.183
1790281999.869442,61.233,1695,7601,0.0,0.0,36.0,61.183
1790281999.879444,61.233,1695,7601,0.0,0.0,36.0,61.183
1790281999.889441,61.233,1695,7601,0.0,0.0,35.0,61.183
1790281999.899442,61.233,1695,7601,0.0,0.0,35.0,61.183
1790281999.909442,61.233,1695,7601,0.0,0.0,35.0,61.183
1790281999.919444,61.233,1695,7601,0.0,0.0,35.0,61.183
1790281999.929442,61.233,1695,7601,0.0,0.0,35.0,61.183
1790281999.939443,61.233,1695,7601,0.0,0.0,35.0,61.183
1790281999.949444,61.233,1695,7601,0.0,0.0,35.0,61.183
1790281999.959443,61.274,1695,7601,0.0,0.0,35.0,61.366
1790281999.969444,61.274,1695,7601,0.0,0.0,35.0,61.366
1790281999.979444,61.274,1695,7601,0.0,0.0,35.0,61.366
1790281999.989444,61.274,1695,7601,0.0,0.0,35.0,61.366
1790281999.999444,61.274,1695,7601,0.0,0.0,35.0,61.366
1790282000.009442,61.274,1695,7601,0.0,0.0,36.0,61.366
1790282000.019443,61.274,1695,7601,0.0,0.0,36.0,61.366
1790282000.029400,61.274,1695,7601,0.0,0.0,36.0,61.366
1790282000.039400,61.274,1695,7601,0.0,0.0,36.0,61.366
1790282000.049400,61.274,1695,7601,0.0,0.0,36.0,61.366
1790282000.059399,61.274,1695,7601,0.0,0.0,36.0,61.366
1790282000.069400,61.274,1695,7601,0.0,0.0,35.0,61.366
1790282000.079401,61.274,1695,7601,0.0,0.0,35.0,61.366
1790282000.089401,61.274,1695,7601,0.0,0.0,35.0,61.366
1790282000.099400,61.274,1695,7601,0.0,0.0,35.0,61.366
1790282000.109414,61.274,1695,7601,0.0,0.0,35.0,61.366
1790282000.119402,61.274,1695,7601,0.0,0.0,35.0,61.366
1790282000.129408,61.274,1695,7601,0.0,0.0,35.0,61.366
1790282000.139401,61.274,1695,7601,0.0,0.0,35.0,61.366
1790282000.149411,61.274,1695,7601,0.0,0.0,35.0,61.366
1790282000.159401,61.274,1695,7601,0.0,0.0,35.0,61.366
1790282000.169399,61.274,1695,7601,0.0,0.0,35.0,61.366
1790282000.179408,61.274,1695,7601,0.0,0.0,35.0,61.366
1790282000.189401,61.274,1695,7601,0.0,0.0,35.0,61.366
1790282000.199410,61.274,1695,7601,0.0,0.0,35.0,61.366
1790282000.209435,61.274,1695,7601,0.0,0.0,35.0,61.366
1790282000.219452,61.274,1695,7601,0.0,0.0,36.0,61.366
1790282000.229447,61.274,1695,7601,0.0,0.0,36.0,61.366
1790282000.239447,61.274,1695,7601,0.0,0.0,36.0,61.366
1790282000.249454,61.274,1695,7601,0.0,0.0,35.0,61.366
1790282000.259450,61.274,1695,7601,0.0,0.0,35.0,61.366
1790282000.269455,61.274,1695,7601,0.0,0.0,35.0,61.366
1790282000.279449,61.274,1695,7601,0.0,0.0,35.0,61.366
1790282000.289446,61.274,1695,7601,0.0,0.0,35.0,61.366
1790282000.299445,61.274,1695,7601,0.0,0.0,35.0,61.366
1790282000.309445,61.274,1695,7601,0.0,0.0,35.0,61.366
1790282000.319445,61.274,1695,7601,0.0,0.0,35.0,61.366
1790282000.329442,61.274,1695,7601,0.0,0.0,35.0,61.366
1790282000.339444,61.274,1695,7601,0.0,0.0,35.0,61.366
1790282000.349445,61.274,1695,7601,0.0,0.0,35.0,61.366
1790282000.359446,61.366,1695,7601,0.0,0.0,35.0,61.366
1790282000.369445,61.274,1695,7601,0.0,0.0,35.0,61.366
1790282000.379444,61.274,1695,7601,0.0,0.0,35.0,61.366
1790282000.389444,61.274,1695,7601,0.0,0.0,35.0,61.366
1790282000.399445,61.274,1695,7601,0.0,0.0,36.0,61.366
1790282000.409445,61.274,1695,7601,0.0,0.0,36.0,61.366
1790282000.419444,61.274,1695,7601,0.0,0.0,36.0,61.366
1790282000.429445,61.274,1695,7601,0.0,0.0,36.0,61.366
1790282000.439446,61.274,1695,7601,0.0,0.0,36.0,61.366
1790282000.449445,61.274,1695,7601,0.0,0.0,36.0,61.366
1790282000.459445,61.274,1695,7601,0.0,0.0,35.0,61.366
1790282000.469444,61.274,1695,7601,0.0,0.0,35.0,61.366
1790282000.479445,61.274,1695,7601,0.0,0.0,35.0,61.366
1790282000.489444,61.274,1695,7601,0.0,0.0,35.0,61.366
1790282000.499445,61.274,1695,7601,0.0,0.0,35.0,61.366
1790282000.509445,61.274,1695,7601,0.0,0.0,35.0,61.366
1790282000.519446,61.274,1695,7601,0.0,0.0,35.0,61.366
1790282000.529442,61.274,1695,7601,0.0,0.0,35.0,61.366
1790282000.539444,61.274,1695,7601,0.0,0.0,35.0,61.366
1790282000.549445,61.274,1695,7601,0.0,0.0,35.0,61.366
1790282000.559402,61.274,1695,7601,0.0,0.0,35.0,61.366
1790282000.569446,61.274,1695,7601,0.0,0.0,35.0,61.366
1790282000.579446,61.274,1695,7601,0.0,0.0,36.0,61.366
1790282000.589445,61.274,1695,7601,0.0,0.0,36.0,61.366
1790282000.599403,61.274,1695,7601,0.0,0.0,36.0,61.366
1790282000.609444,61.274,1695,7601,0.0,0.0,36.0,61.366
1790282000.619444,61.274,1695,7601,0.0,0.0,36.0,61.366
1790282000.629444,61.274,1695,7601,0.0,0.0,36.0,61.366
1790282000.639445,61.274,1695,7601,0.0,0.0,35.0,61.366
1790282000.649444,61.274,1695,7601,0.0,0.0,35.0,61.366
1790282000.659445,61.274,1695,7601,0.0,0.0,35.0,61.366
1790282000.669443,61.274,1695,7601,0.0,0.0,35.0,61.366
1790282000.679445,61.274,1695,7601,0.0,0.0,35.0,61.366
1790282000.689445,61.274,1695,7601,0.0,0.0,35.0,61.366
1790282000.699445,61.274,1695,7601,0.0,0.0,35.0,61.366
1790282000.709445,61.274,1695,7601,0.0,0.0,35.0,61.366
1790282000.719445,61.274,1695,7601,0.0,0.0,35.0,61.366
1790282000.729442,61.274,1695,7601,0.0,0.0,35.0,61.366
1790282000.739444,61.274,1695,7601,0.0,0.0,35.0,61.366
1790282000.749443,61.274,1695,7601,0.0,0.0,35.0,61.366
1790282000.759444,61.274,1695,7601,0.0,0.0,36.0,61.366
1790282000.769444,61.274,1695,7601,0.0,0.0,36.0,61.366
1790282000.779445,61.274,1695,7601,0.0,0.0,36.0,61.366
1790282000.789445,61.274,1695,7601,0.0,0.0,36.0,61.366
1790282000.799443,61.274,1695,7601,0.0,0.0,36.0,61.366
1790282000.809445,61.274,1695,7601,0.0,0.0,36.0,61.366
1790282000.819444,61.274,1695,7601,0.0,0.0,35.0,61.366
1790282000.829444,61.274,1695,7601,0.0,0.0,35.0,61.366
1790282000.839445,61.274,1695,7601,0.0,0.0,35.0,61.366
1790282000.849445,61.274,1695,7601,0.0,0.0,35.0,61.366
1790282000.859445,61.274,1695,7601,0.0,0.0,35.0,61.366
1790282000.869444,61.274,1695,7601,0.0,0.0,35.0,61.366
1790282000.879444,61.274,1695,7601,0.0,0.0,35.0,61.366
1790282000.889444,61.274,1695,7601,0.0,0.0,35.0,61.366
1790282000.899444,61.274,1695,7601,0.0,0.0,35.0,61.366
1790282000.909445,61.274,1695,7601,0.0,0.0,35.0,61.366
1790282000.919445,61.274,1695,7601,0.0,0.0,35.0,61.366
1790282000.929444,61.274,1695,7601,0.0,0.0,35.0,61.366
1790282000.939443,61.274,1695,7601,0.0,0.0,35.0,61.366
1790282000.949444,61.274,1695,7601,0.0,0.0,35.0,61.366
1790282000.959444,61.274,1695,7601,0.0,0.0,35.0,61.366
1790282000.969444,61.358,1695,7601,0.0,0.0,36.0,61.351
1790282000.979450,61.358,1695,7601,0.0,0.0,36.0,61.351
1790282000.989443,61.358,1695,7601,0.0,0.0,36.0,61.351
1790282000.999444,61.358,1695,7601,0.0,0.0,36.0,61.351
1790282001.009443,61.358,1695,7601,0.0,0.0,36.0,61.351
1790282001.019444,61.358,1695,7601,0.0,0.0,36.0,61.351
1790282001.029444,61.358,1695,7601,0.0,0.0,35.0,61.351
1790282001.039444,61.358,1695,7601,0.0,0.0,35.0,61.351
1790282001.049445,61.358,1695,7601,0.0,0.0,35.0,61.351
1790282001.059445,61.358,1695,7601,0.0,0.0,35.0,61.351
1790282001.069445,61.358,1695,7601,0.0,0.0,35.0,61.351
1790282001.079444,61.358,1695,7601,0.0,0.0,35.0,61.351
1790282001.089444,61.358,1695,7601,0.0,0.0,35.0,61.351
1790282001.099443,61.358,1695,7601,0.0,0.0,35.0,61.351
1790282001.109445,61.358,1695,7601,0.0,0.0,35.0,61.351
1790282001.119444,61.358,1695,7601,0.0,0.0,35.0,61.351
1790282001.129445,61.358,1695,7601,0.0,0.0,35.0,61.351
1790282001.139445,61.358,1695,7601,0.0,0.0,35.0,61.351
1790282001.149444,61.358,1695,7601,0.0,0.0,36.0,61.351
1790282001.159444,61.358,1695,7601,0.0,0.0,36.0,61.351
1790282001.169444,61.358,1695,7601,0.0,0.0,36.0,61.351
1790282001.179444,61.358,1695,7601,0.0,0.0,36.0,61.351
1790282001.189444,61.358,1695,7601,0.0,0.0,36.0,61.351
1790282001.199447,61.358,1695,7601,0.0,0.0,36.0,61.351
1790282001.209448,61.358,1695,7601,0.0,0.0,35.0,61.351
1790282001.219446,61.358,1695,7601,0.0,0.0,35.0,61.351
1790282001.229445,61.358,1695,7601,0.0,0.0,35.0,61.351
1790282001.239444,61.358,1695,7601,0.0,0.0,35.0,61.351
1790282001.249445,61.358,1695,7601,0.0,0.0,35.0,61.351
1790282001.259444,61.358,1695,7601,0.0,0.0,35.0,61.351
1790282001.269445,61.358,1695,7601,0.0,0.0,35.0,61.351
1790282001.279445,61.358,1695,7601,0.0,0.0,35.0,61.351
1790282001.289444,61.358,1695,7601,0.0,0.0,35.0,61.351
1790282001.299443,61.358,1695,7601,0.0,0.0,35.0,61.351
1790282001.309443,61.358,1695,7601,0.0,0.0,35.0,61.351
1790282001.319444,61.358,1695,7601,0.0,0.0,35.0,61.351
1790282001.329444,61.358,1695,7601,0.0,0.0,36.0,61.351
1790282001.339445,61.358,1695,7601,0.0,0.0,36.0,61.351
1790282001.349445,61.358,1695,7601,0.0,0.0,36.0,61.351
1790282001.359442,61.358,1695,7601,0.0,0.0,36.0,61.351
1790282001.369442,61.358,1695,7601,0.0,0.0,36.0,61.351
1790282001.379442,61.358,1695,7601,0.0,0.0,36.0,61.351
1790282001.389442,61.358,1695,7601,0.0,0.0,35.0,61.351
1790282001.399444,61.358,1695,7601,0.0,0.0,35.0,61.351
1790282001.409450,61.358,1695,7601,0.0,0.0,35.0,61.351
1790282001.419443,61.358,1695,7601,0.0,0.0,35.0,61.351
1790282001.429442,61.358,1695,7601,0.0,0.0,35.0,61.351
1790282001.439442,61.358,1695,7601,0.0,0.0,35.0,61.351
1790282001.449444,61.358,1695,7601,0.0,0.0,35.0,61.351
1790282001.459444,61.358,1695,7601,0.0,0.0,35.0,61.351
1790282001.469444,61.358,1695,7601,0.0,0.0,35.0,61.351
1790282001.479444,61.358,1695,7601,0.0,0.0,35.0,61.351
1790282001.489444,61.358,1695,7601,0.0,0.0,35.0,61.351
1790282001.499444,61.358,1695,7601,0.0,0.0,35.0,61.351
1790282001.509444,61.358,1695,7601,0.0,0.0,36.0,61.351
1790282001.519442,61.358,1695,7601,0.0,0.0,36.0,61.351
1790282001.529445,61.358,1695,7601,0.0,0.0,36.0,61.351
1790282001.539444,61.358,1695,7601,0.0,0.0,36.0,61.351
1790282001.549444,61.358,1695,7601,0.0,0.0,36.0,61.351
1790282001.559402,61.358,1695,7601,0.0,0.0,36.0,61.351
1790282001.569443,61.358,1695,7601,0.0,0.0,35.0,61.351
1790282001.579443,61.358,1695,7601,0.0,0.0,35.0,61.351
1790282001.589442,61.358,1695,7601,0.0,0.0,35.0,61.351
1790282001.599402,61.358,1695,7601,0.0,0.0,35.0,61.351
1790282001.609448,61.358,1695,7601,0.0,0.0,35.0,61.351
1790282001.619443,61.358,1695,7601,0.0,0.0,35.0,61.351
1790282001.629447,61.358,1695,7601,0.0,0.0,35.0,61.351
1790282001.639444,61.358,1695,7601,0.0,0.0,35.0,61.351
1790282001.649442,61.358,1695,7601,0.0,0.0,35.0,61.351
1790282001.659444,61.358,1695,7601,0.0,0.0,35.0,61.351
1790282001.669443,61.358,1695,7601,0.0,0.0,35.0,61.351
1790282001.679444,61.358,1695,7601,0.0,0.0,35.0,61.351
1790282001.689444,61.358,1695,7601,0.0,0.0,35.0,61.351
1790282001.699445,61.358,1695,7601,0.0,0.0,35.0,61.351
1790282001.709442,61.358,1695,7601,0.0,0.0,35.0,61.351
1790282001.719444,61.358,1695,7601,0.0,0.0,36.0,61.351
1790282001.729443,61.358,1695,7601,0.0,0.0,36.0,61.351
1790282001.739445,61.358,1695,7601,0.0,0.0,36.0,61.351
1790282001.749444,61.358,1695,7601,0.0,0.0,36.0,61.351
1790282001.759442,61.358,1695,7601,0.0,0.0,36.0,61.351
1790282001.769401,61.358,1695,7601,0.0,0.0,36.0,61.351
1790282001.779402,61.358,1695,7601,0.0,0.0,35.0,61.351
1790282001.789400,61.358,1695,7601,0.0,0.0,35.0,61.351
1790282001.799400,61.358,1695,7601,0.0,0.0,35.0,61.351
1790282001.809398,61.358,1695,7601,0.0,0.0,35.0,61.351
1790282001.819400,61.358,1695,7601,0.0,0.0,35.0,61.351
1790282001.829399,61.358,1695,7601,0.0,0.0,35.0,61.351
1790282001.839401,61.358,1695,7601,0.0,0.0,35.0,61.351
1790282001.849400,61.358,1695,7601,0.0,0.0,35.0,61.351
1790282001.859400,61.358,1695,7601,0.0,0.0,35.0,61.351
1790282001.869409,61.358,1695,7601,0.0,0.0,35.0,61.351
1790282001.879400,61.358,1695,7601,0.0,0.0,35.0,61.351
1790282001.889410,61.358,1695,7601,0.0,0.0,35.0,61.351
1790282001.899401,61.358,1695,7601,0.0,0.0,36.0,61.351
1790282001.909408,61.358,1695,7601,0.0,0.0,36.0,61.351
1790282001.919400,61.358,1695,7601,0.0,0.0,36.0,61.351
1790282001.929409,61.358,1695,7601,0.0,0.0,36.0,61.351
1790282001.939400,61.358,1695,7601,0.0,0.0,36.0,61.351
1790282001.949434,61.358,1695,7601,0.0,0.0,36.0,61.351
1790282001.959460,61.358,1695,7601,0.0,0.0,35.0,61.351
1790282001.969449,61.393,1695,7601,0.0,0.0,35.0,61.437
1790282001.979456,61.393,1695,7601,0.0,0.0,35.0,61.437
1790282001.989449,61.393,1695,7601,0.0,0.0,35.0,61.437
1790282001.999445,61.393,1695,7601,0.0,0.0,35.0,61.437
1790282002.009445,61.393,1695,7601,0.0,0.0,35.0,61.437
1790282002.019445,61.393,1695,7601,0.0,0.0,35.0,61.437
1790282002.029445,61.393,1695,7601,0.0,0.0,35.0,61.437
1790282002.039445,61.393,1695,7601,0.0,0.0,35.0,61.437
1790282002.049445,61.393,1695,7601,0.0,0.0,35.0,61.437
1790282002.059446,61.393,1695,7601,0.0,0.0,35.0,61.437
1790282002.069445,61.393,1695,7601,0.0,0.0,35.0,61.437
1790282002.079444,61.393,1695,7601,0.0,0.0,36.0,61.437
1790282002.089445,61.393,1695,7601,0.0,0.0,36.0,61.437
1790282002.099445,61.393,1695,7601,0.0,0.0,36.0,61.437
1790282002.109449,61.393,1695,7601,0.0,0.0,36.0,61.437
1790282002.119444,61.393,1695,7601,0.0,0.0,36.0,61.437
1790282002.129445,61.393,1695,7601,0.0,0.0,36.0,61.437
1790282002.139445,61.393,1695,7601,0.0,0.0,36.0,61.437
1790282002.149445,61.393,1695,7601,0.0,0.0,36.0,61.437
1790282002.159445,61.393,1695,7601,0.0,0.0,36.0,61.437
1790282002.169448,61.393,1695,7601,0.0,0.0,35.0,61.437
1790282002.179445,61.393,1695,7601,0.0,0.0,35.0,61.437
1790282002.189444,61.393,1695,7601,0.0,0.0,35.0,61.437
1790282002.199445,61.393,1695,7601,0.0,0.0,35.0,61.437
1790282002.209444,61.393,1695,7601,0.0,0.0,35.0,61.437
1790282002.219442,61.393,1695,7601,0.0,0.0,35.0,61.437
1790282002.229444,61.393,1695,7601,0.0,0.0,35.0,61.437
1790282002.239445,61.393,1695,7601,0.0,0.0,35.0,61.437
1790282002.249445,61.393,1695,7601,0.0,0.0,35.0,61.437
1790282002.259444,61.393,1695,7601,0.0,0.0,36.0,61.437
1790282002.269444,61.393,1695,7601,0.0,0.0,36.0,61.437
1790282002.279444,61.393,1695,7601,0.0,0.0,36.0,61.437
1790282002.289444,61.393,1695,7601,0.0,0.0,36.0,61.437
1790282002.299444,61.393,1695,7601,0.0,0.0,36.0,61.437
1790282002.309444,61.393,1695,7601,0.0,0.0,36.0,61.437
1790282002.319444,61.393,1695,7601,0.0,0.0,36.0,61.437
1790282002.329444,61.393,1695,7601,0.0,0.0,36.0,61.437
1790282002.339444,61.393,1695,7601,0.0,0.0,36.0,61.437
1790282002.349449,61.393,1695,7601,0.0,0.0,35.0,61.437
1790282002.359445,61.393,1695,7601,0.0,0.0,35.0,61.437
1790282002.369445,61.393,1695,7601,0.0,0.0,35.0,61.437
1790282002.379445,61.393,1695,7601,0.0,0.0,35.0,61.437
1790282002.389445,61.393,1695,7601,0.0,0.0,35.0,61.437
1790282002.399445,61.393,1695,7601,0.0,0.0,35.0,61.437
1790282002.409445,61.393,1695,7601,0.0,0.0,35.0,61.437
1790282002.419443,61.393,1695,7601,0.0,0.0,35.0,61.437
1790282002.429444,61.393,1695,7601,0.0,0.0,35.0,61.437
1790282002.439444,61.393,1695,7601,0.0,0.0,36.0,61.437
1790282002.449445,61.393,1695,7601,0.0,0.0,36.0,61.437
1790282002.459443,61.393,1695,7601,0.0,0.0,36.0,61.437
1790282002.469444,61.393,1695,7601,0.0,0.0,36.0,61.437
1790282002.479445,61.393,1695,7601,0.0,0.0,36.0,61.437
1790282002.489444,61.393,1695,7601,0.0,0.0,36.0,61.437
1790282002.499442,61.393,1695,7601,0.0,0.0,36.0,61.437
1790282002.509444,61.393,1695,7601,0.0,0.0,36.0,61.437
1790282002.519445,61.393,1695,7601,0.0,0.0,36.0,61.437
1790282002.529444,61.393,1695,7601,0.0,0.0,35.0,61.437
1790282002.539444,61.393,1695,7601,0.0,0.0,35.0,61.437
1790282002.549444,61.393,1695,7601,0.0,0.0,35.0,61.437
1790282002.559443,61.393,1695,7601,0.0,0.0,35.0,61.437
1790282002.569443,61.393,1695,7601,0.0,0.0,35.0,61.437
1790282002.579443,61.393,1695,7601,0.0,0.0,35.0,61.437
1790282002.589444,61.393,1695,7601,0.0,0.0,35.0,61.437
1790282002.599444,61.393,1695,7601,0.0,0.0,35.0,61.437
1790282002.609442,61.393,1695,7601,0.0,0.0,35.0,61.437
1790282002.619444,61.393,1695,7601,0.0,0.0,35.0,61.437
1790282002.629442,61.393,1695,7601,0.0,0.0,35.0,61.437
1790282002.639444,61.393,1695,7601,0.0,0.0,35.0,61.437
1790282002.649444,61.393,1695,7601,0.0,0.0,36.0,61.437
1790282002.659444,61.393,1695,7601,0.0,0.0,36.0,61.437
1790282002.669444,61.393,1695,7601,0.0,0.0,36.0,61.437
1790282002.679445,61.393,1695,7601,0.0,0.0,36.0,61.437
1790282002.689443,61.393,1695,7601,0.0,0.0,36.0,61.437
1790282002.699444,61.393,1695,7601,0.0,0.0,36.0,61.437
1790282002.709445,61.393,1695,7601,0.0,0.0,35.0,61.437
1790282002.719445,61.393,1695,7601,0.0,0.0,35.0,61.437
1790282002.729444,61.393,1695,7601,0.0,0.0,35.0,61.437
1790282002.739443,61.393,1695,7601,0.0,0.0,35.0,61.437
1790282002.749445,61.393,1695,7601,0.0,0.0,35.0,61.437
1790282002.759444,61.393,1695,7601,0.0,0.0,35.0,61.437
1790282002.769444,61.393,1695,7601,0.0,0.0,35.0,61.437
1790282002.779444,61.393,1695,7601,0.0,0.0,35.0,61.437
1790282002.789444,61.393,1695,7601,0.0,0.0,35.0,61.437
1790282002.799443,61.393,1695,7601,0.0,0.0,35.0,61.437
1790282002.809443,61.393,1695,7601,0.0,0.0,35.0,61.437
1790282002.819446,61.393,1695,7601,0.0,0.0,35.0,61.437
1790282002.829444,61.393,1695,7601,0.0,0.0,36.0,61.437
1790282002.839444,61.393,1695,7601,0.0,0.0,36.0,61.437
1790282002.849444,61.393,1695,7601,0.0,0.0,36.0,61.437
1790282002.859444,61.393,1695,7601,0.0,0.0,36.0,61.437
1790282002.869444,61.393,1695,7601,0.0,0.0,36.0,61.437
1790282002.879445,61.393,1695,7601,0.0,0.0,36.0,61.437
1790282002.889444,61.393,1695,7601,0.0,0.0,35.0,61.437
1790282002.899445,61.393,1695,7601,0.0,0.0,35.0,61.437
1790282002.909444,61.393,1695,7601,0.0,0.0,35.0,61.437
1790282002.919444,61.393,1695,7601,0.0,0.0,35.0,61.437
1790282002.929445,61.393,1695,7601,0.0,0.0,35.0,61.437
1790282002.939445,61.393,1695,7601,0.0,0.0,35.0,61.437
1790282002.949445,61.393,1695,7601,0.0,0.0,35.0,61.437
1790282002.959444,61.393,1695,7601,0.0,0.0,35.0,61.437
1790282002.969444,61.406,1695,7601,0.0,0.0,35.0,61.375
1790282002.979444,61.406,1695,7601,0.0,0.0,35.0,61.375
1790282002.989444,61.406,1695,7601,0.0,0.0,35.0,61.375
1790282002.999444,61.406,1695,7601,0.0,0.0,35.0,61.375
1790282003.009444,61.406,1695,7601,0.0,0.0,36.0,61.375
1790282003.019444,61.406,1695,7601,0.0,0.0,36.0,61.375
1790282003.029444,61.406,1695,7601,0.0,0.0,36.0,61.375
1790282003.039444,61.406,1695,7601,0.0,0.0,36.0,61.375
1790282003.049443,61.406,1695,7601,0.0,0.0,36.0,61.375
1790282003.059444,61.406,1695,7601,0.0,0.0,36.0,61.375
1790282003.069444,61.406,1695,7601,0.0,0.0,36.0,61.375
1790282003.079444,61.406,1695,7601,0.0,0.0,36.0,61.375
1790282003.089444,61.406,1695,7601,0.0,0.0,36.0,61.375
1790282003.099444,61.406,1695,7601,0.0,0.0,35.0,61.375
1790282003.109443,61.406,1695,7601,0.0,0.0,35.0,61.375
1790282003.119444,61.406,1695,7601,0.0,0.0,35.0,61.375
1790282003.129443,61.406,1695,7601,0.0,0.0,35.0,61.375
1790282003.139444,61.406,1695,7601,0.0,0.0,35.0,61.375
1790282003.149444,61.406,1695,7601,0.0,0.0,35.0,61.375
1790282003.159442,61.406,1695,7601,0.0,0.0,35.0,61.375
1790282003.169442,61.406,1695,7601,0.0,0.0,35.0,61.375
1790282003.179442,61.406,1695,7601,0.0,0.0,35.0,61.375
1790282003.189442,61.406,1695,7601,0.0,0.0,35.0,61.375
1790282003.199442,61.406,1695,7601,0.0,0.0,35.0,61.375
1790282003.209444,61.406,1695,7601,0.0,0.0,35.0,61.375
1790282003.219443,61.406,1695,7601,0.0,0.0,36.0,61.375
1790282003.229442,61.406,1695,7601,0.0,0.0,36.0,61.375
1790282003.239442,61.406,1695,7601,0.0,0.0,36.0,61.375
1790282003.249443,61.406,1695,7601,0.0,0.0,36.0,61.375
1790282003.259442,61.406,1695,7601,0.0,0.0,36.0,61.375
1790282003.269444,61.406,1695,7601,0.0,0.0,36.0,61.375
1790282003.279442,61.406,1695,7601,0.0,0.0,35.0,61.375
1790282003.289443,61.406,1695,7601,0.0,0.0,35.0,61.375
1790282003.299443,61.406,1695,7601,0.0,0.0,35.0,61.375
1790282003.309442,61.406,1695,7601,0.0,0.0,35.0,61.375
1790282003.319443,61.406,1695,7601,0.0,0.0,35.0,61.375
1790282003.329444,61.406,1695,7601,0.0,0.0,35.0,61.375
1790282003.339443,61.406,1695,7601,0.0,0.0,35.0,61.375
1790282003.349444,61.406,1695,7601,0.0,0.0,35.0,61.375
1790282003.359443,61.406,1695,7601,0.0,0.0,35.0,61.375
1790282003.369443,61.406,1695,7601,0.0,0.0,35.0,61.375
1790282003.379442,61.406,1695,7601,0.0,0.0,35.0,61.375
1790282003.389441,61.406,1695,7601,0.0,0.0,35.0,61.375
1790282003.399444,61.406,1695,7601,0.0,0.0,36.0,61.375
1790282003.409444,61.406,1695,7601,0.0,0.0,36.0,61.375
1790282003.419443,61.406,1695,7601,0.0,0.0,36.0,61.375
1790282003.429443,61.406,1695,7601,0.0,0.0,36.0,61.375
1790282003.439442,61.406,1695,7601,0.0,0.0,36.0,61.375
1790282003.449443,61.406,1695,7601,0.0,0.0,36.0,61.375
1790282003.459442,61.406,1695,7601,0.0,0.0,35.0,61.375
1790282003.469443,61.406,1695,7601,0.0,0.0,35.0,61.375
1790282003.479442,61.406,1695,7601,0.0,0.0,35.0,61.375
1790282003.489448,61.406,1695,7601,0.0,0.0,35.0,61.375
1790282003.499444,61.406,1695,7601,0.0,0.0,35.0,61.375
1790282003.509444,61.406,1695,7601,0.0,0.0,35.0,61.375
1790282003.519444,61.406,1695,7601,0.0,0.0,35.0,61.375
1790282003.529400,61.406,1695,7601,0.0,0.0,35.0,61.375
1790282003.539401,61.406,1695,7601,0.0,0.0,35.0,61.375
1790282003.549400,61.406,1695,7601,0.0,0.0,35.0,61.375
1790282003.559399,61.406,1695,7601,0.0,0.0,35.0,61.375
1790282003.569400,61.406,1695,7601,0.0,0.0,35.0,61.375
1790282003.579401,61.406,1695,7601,0.0,0.0,36.0,61.375
1790282003.589400,61.406,1695,7601,0.0,0.0,36.0,61.375
1790282003.599399,61.406,1695,7601,0.0,0.0,36.0,61.375
1790282003.609413,61.406,1695,7601,0.0,0.0,36.0,61.375
1790282003.619403,61.406,1695,7601,0.0,0.0,36.0,61.375
1790282003.629400,61.406,1695,7601,0.0,0.0,36.0,61.375
1790282003.639411,61.406,1695,7601,0.0,0.0,36.0,61.375
1790282003.649401,61.406,1695,7601,0.0,0.0,36.0,61.375
1790282003.659412,61.406,1695,7601,0.0,0.0,36.0,61.375
1790282003.669401,61.406,1695,7601,0.0,0.0,35.0,61.375
1790282003.679410,61.406,1695,7601,0.0,0.0,35.0,61.375
1790282003.689401,61.406,1695,7601,0.0,0.0,35.0,61.375
1790282003.699411,61.406,1695,7601,0.0,0.0,35.0,61.375
1790282003.709475,61.406,1695,7601,0.0,0.0,35.0,61.375
1790282003.719450,61.406,1695,7601,0.0,0.0,35.0,61.375
1790282003.729445,61.406,1695,7601,0.0,0.0,35.0,61.375
1790282003.739444,61.406,1695,7601,0.0,0.0,35.0,61.375
1790282003.749456,61.406,1695,7601,0.0,0.0,35.0,61.375
1790282003.759449,61.406,1695,7601,0.0,0.0,36.0,61.375
1790282003.769454,61.406,1695,7601,0.0,0.0,36.0,61.375
1790282003.779450,61.406,1695,7601,0.0,0.0,36.0,61.375
1790282003.789455,61.406,1695,7601,0.0,0.0,36.0,61.375
1790282003.799449,61.406,1695,7601,0.0,0.0,36.0,61.375
1790282003.809457,61.406,1695,7601,0.0,0.0,36.0,61.375
1790282003.819450,61.406,1695,7601,0.0,0.0,36.0,61.375
1790282003.829446,61.406,1695,7601,0.0,0.0,36.0,61.375
1790282003.839446,61.406,1695,7601,0.0,0.0,36.0,61.375
1790282003.849456,61.406,1695,7601,0.0,0.0,35.0,61.375
1790282003.859449,61.406,1695,7601,0.0,0.0,35.0,61.375
1790282003.869455,61.406,1695,7601,0.0,0.0,35.0,61.375
1790282003.879453,61.406,1695,7601,0.0,0.0,35.0,61.375
1790282003.889457,61.406,1695,7601,0.0,0.0,35.0,61.375
1790282003.899450,61.406,1695,7601,0.0,0.0,35.0,61.375
1790282003.909456,61.406,1695,7601,0.0,0.0,35.0,61.375
1790282003.919452,61.406,1695,7601,0.0,0.0,35.0,61.375
1790282003.929445,61.406,1695,7601,0.0,0.0,35.0,61.375
1790282003.939445,61.406,1695,7601,0.0,0.0,36.0,61.375
1790282003.949457,61.406,1695,7601,0.0,0.0,36.0,61.375
1790282003.959450,61.406,1695,7601,0.0,0.0,36.0,61.375
1790282003.969455,61.329,1695,7601,0.0,0.0,36.0,61.284
1790282003.979453,61.329,1695,7601,0.0,0.0,36.0,61.284
1790282003.989455,61.329,1695,7601,0.0,0.0,36.0,61.284
1790282003.999451,61.329,1695,7601,0.0,0.0,36.0,61.284
1790282004.009460,61.329,1695,7601,0.0,0.0,36.0,61.284
1790282004.019449,61.329,1695,7601,0.0,0.0,36.0,61.284
1790282004.029445,61.329,1695,7601,0.0,0.0,35.0,61.284
1790282004.039447,61.329,1695,7601,0.0,0.0,35.0,61.284
1790282004.049459,61.329,1695,7601,0.0,0.0,35.0,61.284
1790282004.059450,61.329,1695,7601,0.0,0.0,35.0,61.284
1790282004.069456,61.329,1695,7601,0.0,0.0,35.0,61.284
1790282004.079448,61.329,1695,7601,0.0,0.0,35.0,61.284
1790282004.089446,61.329,1695,7601,0.0,0.0,35.0,61.284
1790282004.099445,61.329,1695,7601,0.0,0.0,35.0,61.284
1790282004.109445,61.329,1695,7601,0.0,0.0,35.0,61.284
1790282004.119445,61.329,1695,7601,0.0,0.0,35.0,61.284
1790282004.129446,61.329,1695,7601,0.0,0.0,35.0,61.284
1790282004.139445,61.329,1695,7601,0.0,0.0,35.0,61.284
1790282004.149446,61.329,1695,7601,0.0,0.0,36.0,61.284
1790282004.159445,61.329,1695,7601,0.0,0.0,36.0,61.284
1790282004.169444,61.329,1695,7601,0.0,0.0,36.0,61.284
1790282004.179445,61.329,1695,7601,0.0,0.0,36.0,61.284
1790282004.189445,61.329,1695,7601,0.0,0.0,36.0,61.284
1790282004.199444,61.329,1695,7601,0.0,0.0,36.0,61.284
1790282004.209444,61.329,1695,7601,0.0,0.0,36.0,61.284
1790282004.219444,61.329,1695,7601,0.0,0.0,36.0,61.284
1790282004.229445,61.329,1695,7601,0.0,0.0,36.0,61.284
1790282004.239444,61.329,1695,7601,0.0,0.0,35.0,61.284
1790282004.249445,61.329,1695,7601,0.0,0.0,35.0,61.284
1790282004.259445,61.329,1695,7601,0.0,0.0,35.0,61.284
1790282004.269445,61.329,1695,7601,0.0,0.0,35.0,61.284
1790282004.279408,61.329,1695,7601,0.0,0.0,35.0,61.284
1790282004.289445,61.329,1695,7601,0.0,0.0,35.0,61.284
1790282004.299445,61.329,1695,7601,0.0,0.0,35.0,61.284
1790282004.309444,61.329,1695,7601,0.0,0.0,35.0,61.284
1790282004.319444,61.329,1695,7601,0.0,0.0,35.0,61.284
1790282004.329444,61.329,1695,7601,0.0,0.0,36.0,61.284
1790282004.339446,61.329,1695,7601,0.0,0.0,36.0,61.284
1790282004.349444,61.329,1695,7601,0.0,0.0,36.0,61.284
1790282004.359445,61.329,1695,7601,0.0,0.0,36.0,61.284
1790282004.369444,61.329,1695,7601,0.0,0.0,36.0,61.284
1790282004.379444,61.329,1695,7601,0.0,0.0,36.0,61.284
1790282004.389445,61.329,1695,7601,0.0,0.0,36.0,61.284
1790282004.399444,61.329,1695,7601,0.0,0.0,36.0,61.284
1790282004.409401,61.329,1695,7601,0.0,0.0,36.0,61.284
1790282004.419445,61.329,1695,7601,0.0,0.0,35.0,61.284
1790282004.429445,61.329,1695,7601,0.0,0.0,35.0,61.284
1790282004.439445,61.329,1695,7601,0.0,0.0,35.0,61.284
1790282004.449444,61.329,1695,7601,0.0,0.0,35.0,61.284
1790282004.459445,61.329,1695,7601,0.0,0.0,35.0,61.284
1790282004.469444,61.329,1695,7601,0.0,0.0,35.0,61.284
1790282004.479444,61.329,1695,7601,0.0,0.0,35.0,61.284
1790282004.489445,61.329,1695,7601,0.0,0.0,35.0,61.284
1790282004.499445,61.329,1695,7601,0.0,0.0,35.0,61.284
1790282004.509444,61.329,1695,7601,0.0,0.0,36.0,61.284
1790282004.519444,61.329,1695,7601,0.0,0.0,36.0,61.284
1790282004.529442,61.329,1695,7601,0.0,0.0,36.0,61.284
1790282004.539445,61.329,1695,7601,0.0,0.0,36.0,61.284
1790282004.549444,61.329,1695,7601,0.0,0.0,36.0,61.284
1790282004.559402,61.329,1695,7601,0.0,0.0,36.0,61.284
1790282004.569444,61.329,1695,7601,0.0,0.0,36.0,61.284
1790282004.579445,61.329,1695,7601,0.0,0.0,36.0,61.284
1790282004.589444,61.329,1695,7601,0.0,0.0,36.0,61.284
1790282004.599403,61.329,1695,7601,0.0,0.0,35.0,61.284
1790282004.609445,61.329,1695,7601,0.0,0.0,35.0,61.284
1790282004.619445,61.329,1695,7601,0.0,0.0,35.0,61.284
1790282004.629445,61.329,1695,7601,0.0,0.0,35.0,61.284
1790282004.639445,61.329,1695,7601,0.0,0.0,35.0,61.284
1790282004.649444,61.329,1695,7601,0.0,0.0,35.0,61.284
1790282004.659445,61.329,1695,7601,0.0,0.0,35.0,61.284
1790282004.669444,61.329,1695,7601,0.0,0.0,35.0,61.284
1790282004.679444,61.329,1695,7601,0.0,0.0,35.0,61.284
1790282004.689444,61.329,1695,7601,0.0,0.0,35.0,61.284
1790282004.699445,61.329,1695,7601,0.0,0.0,35.0,61.284
1790282004.709446,61.329,1695,7601,0.0,0.0,35.0,61.284
1790282004.719445,61.329,1695,7601,0.0,0.0,36.0,61.284
1790282004.729444,61.329,1695,7601,0.0,0.0,36.0,61.284
1790282004.739444,61.329,1695,7601,0.0,0.0,36.0,61.284
1790282004.749444,61.329,1695,7601,0.0,0.0,36.0,61.284
1790282004.759444,61.329,1695,7601,0.0,0.0,36.0,61.284
1790282004.769445,61.329,1695,7601,0.0,0.0,36.0,61.284
1790282004.779445,61.329,1695,7601,0.0,0.0,36.0,61.284
1790282004.789443,61.329,1695,7601,0.0,0.0,36.0,61.284
1790282004.799443,61.329,1695,7601,0.0,0.0,36.0,61.284
1790282004.809445,61.329,1695,7601,0.0,0.0,35.0,61.284
1790282004.819444,61.329,1695,7601,0.0,0.0,35.0,61.284
1790282004.829444,61.329,1695,7601,0.0,0.0,35.0,61.284
1790282004.839444,61.329,1695,7601,0.0,0.0,35.0,61.284
1790282004.849443,61.329,1695,7601,0.0,0.0,35.0,61.284
1790282004.859444,61.329,1695,7601,0.0,0.0,35.0,61.284
1790282004.869445,61.329,1695,7601,0.0,0.0,36.0,61.284
1790282004.879445,61.329,1695,7601,0.0,0.0,36.0,61.284
1790282004.889445,61.329,1695,7601,0.0,0.0,36.0,61.284
1790282004.899444,61.329,1695,7601,0.0,0.0,36.0,61.284
1790282004.909445,61.329,1695,7601,0.0,0.0,36.0,61.284
1790282004.919445,61.329,1695,7601,0.0,0.0,36.0,61.284
1790282004.929445,61.329,1695,7601,0.0,0.0,36.0,61.284
1790282004.939445,61.329,1695,7601,0.0,0.0,36.0,61.284
1790282004.949444,61.329,1695,7601,0.0,0.0,36.0,61.284
1790282004.959443,61.329,1695,7601,0.0,0.0,36.0,61.284
1790282004.969444,61.298,1695,7601,0.0,0.0,36.0,61.312
1790282004.979444,61.298,1695,7601,0.0,0.0,36.0,61.312
1790282004.989443,61.298,1695,7601,0.0,0.0,35.0,61.312
1790282004.999444,61.298,1695,7601,0.0,0.0,35.0,61.312
1790282005.009444,61.298,1695,7601,0.0,0.0,35.0,61.312
1790282005.019444,61.298,1695,7601,0.0,0.0,35.0,61.312
1790282005.029443,61.298,1695,7601,0.0,0.0,35.0,61.312
1790282005.039444,61.298,1695,7601,0.0,0.0,35.0,61.312
1790282005.049445,61.298,1695,7601,0.0,0.0,35.0,61.312
1790282005.059444,61.298,1695,7601,0.0,0.0,35.0,61.312
1790282005.069444,61.298,1695,7601,0.0,0.0,35.0,61.312
1790282005.079444,61.298,1695,7601,0.0,0.0,36.0,61.312
1790282005.089444,61.298,1695,7601,0.0,0.0,36.0,61.312
1790282005.099442,61.298,1695,7601,0.0,0.0,36.0,61.312
1790282005.109444,61.298,1695,7601,0.0,0.0,36.0,61.312
1790282005.119444,61.298,1695,7601,0.0,0.0,36.0,61.312
1790282005.129441,61.298,1695,7601,0.0,0.0,36.0,61.312
1790282005.139444,61.298,1695,7601,0.0,0.0,36.0,61.312
1790282005.149443,61.298,1695,7601,0.0,0.0,36.0,61.312
1790282005.159445,61.298,1695,7601,0.0,0.0,36.0,61.312
1790282005.169444,61.298,1695,7601,0.0,0.0,35.0,61.312
1790282005.179442,61.298,1695,7601,0.0,0.0,35.0,61.312
1790282005.189442,61.298,1695,7601,0.0,0.0,35.0,61.312
1790282005.199445,61.298,1695,7601,0.0,0.0,35.0,61.312
1790282005.209442,61.298,1695,7601,0.0,0.0,35.0,61.312
1790282005.219443,61.298,1695,7601,0.0,0.0,35.0,61.312
1790282005.229443,61.298,1695,7601,0.0,0.0,35.0,61.312
1790282005.239444,61.298,1695,7601,0.0,0.0,35.0,61.312
1790282005.249445,61.298,1695,7601,0.0,0.0,35.0,61.312
1790282005.259444,61.298,1695,7601,0.0,0.0,36.0,61.312
1790282005.269442,61.298,1695,7601,0.0,0.0,36.0,61.312
1790282005.279444,61.298,1695,7601,0.0,0.0,36.0,61.312
1790282005.289402,61.298,1695,7601,0.0,0.0,36.0,61.312
1790282005.299400,61.298,1695,7601,0.0,0.0,36.0,61.312
1790282005.309400,61.298,1695,7601,0.0,0.0,36.0,61.312
1790282005.319402,61.298,1695,7601,0.0,0.0,36.0,61.312
1790282005.329400,61.298,1695,7601,0.0,0.0,36.0,61.312
1790282005.339401,61.298,1695,7601,0.0,0.0,36.0,61.312
1790282005.349400,61.298,1695,7601,0.0,0.0,35.0,61.312
1790282005.359399,61.298,1695,7601,0.0,0.0,35.0,61.312
1790282005.369401,61.298,1695,7601,0.0,0.0,35.0,61.312
1790282005.379409,61.298,1695,7601,0.0,0.0,35.0,61.312
1790282005.389401,61.298,1695,7601,0.0,0.0,35.0,61.312
1790282005.399407,61.298,1695,7601,0.0,0.0,35.0,61.312
1790282005.409403,61.298,1695,7601,0.0,0.0,35.0,61.312
1790282005.419407,61.298,1695,7601,0.0,0.0,35.0,61.312
1790282005.429402,61.298,1695,7601,0.0,0.0,35.0,61.312
1790282005.439400,61.298,1695,7601,0.0,0.0,36.0,61.312
1790282005.449408,61.298,1695,7601,0.0,0.0,36.0,61.312
1790282005.459416,61.298,1695,7601,0.0,0.0,36.0,61.312
1790282005.469462,61.298,1695,7601,0.0,0.0,36.0,61.312
1790282005.479460,61.298,1695,7601,0.0,0.0,36.0,61.312
1790282005.489449,61.298,1695,7601,0.0,0.0,36.0,61.312
1790282005.499458,61.298,1695,7601,0.0,0.0,36.0,61.312
1790282005.509449,61.298,1695,7601,0.0,0.0,36.0,61.312
1790282005.519453,61.298,1695,7601,0.0,0.0,36.0,61.312
1790282005.529449,61.298,1695,7601,0.0,0.0,36.0,61.312
1790282005.539447,61.298,1695,7601,0.0,0.0,36.0,61.312
1790282005.549447,61.298,1695,7601,0.0,0.0,36.0,61.312
1790282005.559445,61.298,1695,7601,0.0,0.0,36.0,61.312
1790282005.569445,61.298,1695,7601,0.0,0.0,36.0,61.312
1790282005.579445,61.298,1695,7601,0.0,0.0,36.0,61.312
1790282005.589446,61.298,1695,7601,0.0,0.0,35.0,61.312
