t_start,t_end,phase,n_running,n_waiting,kv_tokens_resident,kv_cache_pct,prefill_tokens,decode_tokens,dram_bytes
1790283945.055244,1790283945.055244,mixed,1,0,32,0.0001,25,1,
1790283945.055244,1790283945.074045,decode,1,0,32,0.0001,0,1,
1790283945.074045,1790283945.087970,decode,1,0,32,0.0001,0,1,
1790283945.087970,1790283945.135745,decode,1,0,32,0.0001,0,1,
1790283945.135745,1790283945.183661,decode,1,0,32,0.0001,0,1,
1790283945.183661,1790283945.230334,decode,1,0,32,0.0001,0,1,
1790283945.230334,1790283945.277208,decode,1,0,32,0.0001,0,1,
1790283945.277208,1790283945.325122,decode,1,0,32,0.0001,0,1,
1790283945.325122,1790283945.373129,decode,1,0,48,0.0001,0,1,
1790283945.373129,1790283945.421208,decode,1,0,48,0.0001,0,1,
1790283945.421208,1790283945.469227,decode,1,0,48,0.0001,0,1,
1790283945.469227,1790283945.517211,decode,1,0,48,0.0001,0,1,
1790283945.517211,1790283945.565195,decode,1,0,48,0.0001,0,1,
1790283945.565195,1790283945.613247,decode,1,0,48,0.0001,0,1,
1790283945.613247,1790283945.661320,decode,1,0,48,0.0001,0,1,
1790283945.661320,1790283945.707881,decode,1,0,48,0.0001,0,1,
1790283945.707881,1790283945.754526,decode,1,0,48,0.0001,0,1,
1790283945.754526,1790283945.802548,decode,1,0,48,0.0001,0,1,
1790283945.802548,1790283945.849093,decode,1,0,48,0.0001,0,1,
1790283945.849093,1790283945.895763,decode,1,0,48,0.0001,0,1,
1790283945.895763,1790283945.943751,decode,1,0,48,0.0001,0,1,
1790283945.943751,1790283945.990331,decode,1,0,48,0.0001,0,1,
1790283945.990331,1790283946.037325,decode,1,0,48,0.0001,0,1,
1790283946.037325,1790283946.085374,decode,1,0,48,0.0001,0,1,
1790283946.085374,1790283946.133356,decode,1,0,64,0.0001,0,1,
1790283946.133356,1790283946.181437,decode,1,0,64,0.0001,0,1,
1790283946.181437,1790283946.228177,decode,1,0,64,0.0001,0,1,
1790283946.228177,1790283946.273144,decode,1,0,64,0.0001,0,1,
1790283946.273144,1790283946.320115,decode,1,0,64,0.0001,0,1,
1790283946.320115,1790283946.368171,decode,1,0,64,0.0001,0,1,
1790283946.368171,1790283946.416342,decode,1,0,64,0.0001,0,1,
1790283946.416342,1790283946.464355,decode,1,0,64,0.0001,0,1,
1790283946.464355,1790283946.512363,decode,1,0,64,0.0001,0,1,
1790283946.512363,1790283946.560461,decode,1,0,64,0.0001,0,1,
1790283946.560461,1790283946.608637,decode,1,0,64,0.0001,0,1,
1790283946.608637,1790283946.656723,decode,1,0,64,0.0001,0,1,
1790283946.656723,1790283946.704795,decode,1,0,64,0.0001,0,1,
1790283946.704795,1790283946.752860,decode,1,0,64,0.0001,0,1,
1790283946.752860,1790283946.801023,decode,1,0,64,0.0001,0,1,
1790283946.801023,1790283946.847779,decode,1,0,64,0.0001,0,1,
1790283946.847779,1790283946.894454,decode,1,0,80,0.0002,0,1,
1790283946.894454,1790283946.942365,decode,1,0,80,0.0002,0,1,
1790283946.942365,1790283946.989000,decode,1,0,80,0.0002,0,1,
1790283946.989000,1790283947.034088,decode,1,0,80,0.0002,0,1,
1790283947.034088,1790283947.081270,decode,1,0,80,0.0002,0,1,
1790283947.081270,1790283947.127907,decode,1,0,80,0.0002,0,1,
1790283947.127907,1790283947.172911,decode,1,0,80,0.0002,0,1,
1790283947.172911,1790283947.220188,decode,1,0,80,0.0002,0,1,
1790283947.220188,1790283947.268406,decode,1,0,80,0.0002,0,1,
1790283947.268406,1790283947.316644,decode,1,0,80,0.0002,0,1,
1790283947.316644,1790283947.364891,decode,1,0,80,0.0002,0,1,
1790283947.364891,1790283947.413146,decode,1,0,80,0.0002,0,1,
1790283947.413146,1790283947.461326,decode,1,0,80,0.0002,0,1,
1790283947.461326,1790283947.508098,decode,1,0,80,0.0002,0,1,
1790283947.508098,1790283947.555048,decode,1,0,80,0.0002,0,1,
1790283947.555048,1790283947.603180,decode,1,0,80,0.0002,0,1,
1790283947.603180,1790283947.649694,decode,1,0,96,0.0002,0,1,
1790283947.649694,1790283947.696544,decode,1,0,96,0.0002,0,1,
1790283947.696544,1790283947.744610,decode,1,0,96,0.0002,0,1,
1790283947.744610,1790283947.792790,decode,1,0,96,0.0002,0,1,
1790283947.792790,1790283947.841022,decode,1,0,96,0.0002,0,1,
1790283947.841022,1790283947.887814,decode,1,0,96,0.0002,0,1,
1790283947.887814,1790283947.932885,decode,1,0,96,0.0002,0,1,
1790283947.932885,1790283947.980117,decode,1,0,96,0.0002,0,1,
1790283947.980117,1790283948.028339,decode,1,0,96,0.0002,0,1,
1790283948.028339,1790283948.076555,decode,1,0,96,0.0002,0,1,
1790283948.076555,1790283948.124569,decode,1,0,96,0.0002,0,1,
1790283948.124569,1790283948.172652,decode,1,0,96,0.0002,0,1,
1790283948.172652,1790283948.220809,decode,1,0,96,0.0002,0,1,
1790283948.220809,1790283948.267527,decode,1,0,96,0.0002,0,1,
1790283948.267527,1790283948.314392,decode,1,0,96,0.0002,0,1,
1790283948.314392,1790283948.362637,decode,1,0,96,0.0002,0,1,
1790283948.362637,1790283948.409345,decode,1,0,112,0.0003,0,1,
1790283948.409345,1790283948.456412,decode,1,0,112,0.0003,0,1,
1790283948.456412,1790283948.504583,decode,1,0,112,0.0003,0,1,
1790283948.504583,1790283948.552660,decode,1,0,112,0.0003,0,1,
1790283948.552660,1790283948.600777,decode,1,0,112,0.0003,0,1,
1790283948.600777,1790283948.647594,decode,1,0,112,0.0003,0,1,
1790283948.647594,1790283948.694540,decode,1,0,112,0.0003,0,1,
1790283948.694540,1790283948.742655,decode,1,0,112,0.0003,0,1,
1790283948.742655,1790283948.789266,decode,1,0,112,0.0003,0,1,
1790283948.789266,1790283948.836371,decode,1,0,112,0.0003,0,1,
1790283948.836371,1790283948.884494,decode,1,0,112,0.0003,0,1,
1790283948.884494,1790283948.932570,decode,1,0,112,0.0003,0,1,
1790283948.932570,1790283948.980741,decode,1,0,112,0.0003,0,1,
1790283948.980741,1790283949.027483,decode,1,0,112,0.0003,0,1,
1790283949.027483,1790283949.074736,decode,1,0,112,0.0003,0,1,
1790283949.074736,1790283949.123077,decode,1,0,112,0.0003,0,1,
1790283949.123077,1790283949.169755,decode,1,0,128,0.0003,0,1,
1790283949.169755,1790283949.216866,decode,1,0,128,0.0003,0,1,
1790283949.216866,1790283949.265042,decode,1,0,128,0.0003,0,1,
1790283949.265042,1790283949.313285,decode,1,0,128,0.0003,0,1,
1790283949.313285,1790283949.361509,decode,1,0,128,0.0003,0,1,
1790283949.361509,1790283949.408208,decode,1,0,128,0.0003,0,1,
1790283949.408208,1790283949.455149,decode,1,0,128,0.0003,0,1,
1790283949.455149,1790283949.503280,decode,1,0,128,0.0003,0,1,
1790283949.503280,1790283949.551427,decode,1,0,128,0.0003,0,1,
1790283949.551427,1790283949.599544,decode,1,0,128,0.0003,0,1,
1790283949.599544,1790283949.647849,decode,1,0,128,0.0003,0,1,
1790283949.647849,1790283949.696388,decode,1,0,128,0.0003,0,1,
1790283949.696388,1790283949.744469,decode,1,0,128,0.0003,0,1,
1790283949.744469,1790283949.792660,decode,1,0,128,0.0003,0,1,
1790283949.792660,1790283949.840864,decode,1,0,128,0.0003,0,1,
1790283949.840864,1790283949.887592,decode,1,0,128,0.0003,0,1,
1790283949.887592,1790283949.934097,decode,1,0,144,0.0003,0,1,
1790283949.934097,1790283949.980455,decode,1,0,144,0.0003,0,1,
1790283949.980455,1790283950.028099,decode,1,0,144,0.0003,0,1,
1790283950.028099,1790283950.074517,decode,1,0,144,0.0003,0,1,
1790283950.074517,1790283950.120846,decode,1,0,144,0.0003,0,1,
1790283950.120846,1790283950.167161,decode,1,0,144,0.0003,0,1,
1790283950.167161,1790283950.212376,decode,1,0,144,0.0003,0,1,
1790283950.212376,1790283950.258707,decode,1,0,144,0.0003,0,1,
1790283950.258707,1790283950.305046,decode,1,0,144,0.0003,0,1,
1790283950.305046,1790283950.351409,decode,1,0,144,0.0003,0,1,
1790283950.351409,1790283950.397746,decode,1,0,144,0.0003,0,1,
1790283950.397746,1790283950.444095,decode,1,0,144,0.0003,0,1,
1790283950.444095,1790283950.490564,decode,1,0,144,0.0003,0,1,
1790283950.490564,1790283950.536948,decode,1,0,144,0.0003,0,1,
1790283950.536948,1790283950.583296,decode,1,0,144,0.0003,0,1,
1790283950.583296,1790283950.629674,decode,1,0,144,0.0003,0,1,
1790283950.629674,1790283950.676137,decode,1,0,160,0.0004,0,1,
1790283950.676137,1790283950.722584,decode,1,0,160,0.0004,0,1,
1790283950.722584,1790283950.770272,decode,1,0,160,0.0004,0,1,
1790283950.770272,1790283950.816721,decode,1,0,160,0.0004,0,1,
1790283950.816721,1790283950.863143,decode,1,0,160,0.0004,0,1,
1790283950.863143,1790283950.909585,decode,1,0,160,0.0004,0,1,
1790283950.909585,1790283950.955962,decode,1,0,160,0.0004,0,1,
1790283950.955962,1790283951.002337,decode,1,0,160,0.0004,0,1,
1790283951.002337,1790283951.050111,decode,1,0,160,0.0004,0,1,
1790283951.050111,1790283951.095943,decode,1,0,160,0.0004,0,1,
1790283951.095943,1790283951.141759,decode,1,0,160,0.0004,0,1,
1790283951.141759,1790283951.189392,decode,1,0,160,0.0004,0,1,
1790283951.189392,1790283951.235744,decode,1,0,160,0.0004,0,1,
1790283951.235744,1790283951.282114,decode,1,0,160,0.0004,0,1,
1790283951.282114,1790283951.329823,decode,1,0,160,0.0004,0,1,
1790283951.329823,1790283951.376201,decode,1,0,160,0.0004,0,1,
1790283951.376201,1790283951.422626,decode,1,0,176,0.0004,0,1,
1790283951.422626,1790283951.467652,decode,1,0,176,0.0004,0,1,
1790283951.467652,1790283951.512886,decode,1,0,176,0.0004,0,1,
1790283951.512886,1790283951.559323,decode,1,0,176,0.0004,0,1,
1790283951.559323,1790283951.604538,decode,1,0,176,0.0004,0,1,
1790283951.604538,1790283951.649535,decode,1,0,176,0.0004,0,1,
1790283951.649535,1790283951.695835,decode,1,0,176,0.0004,0,1,
1790283951.695835,1790283951.742195,decode,1,0,176,0.0004,0,1,
1790283951.742195,1790283951.789875,decode,1,0,176,0.0004,0,1,
1790283951.789875,1790283951.836193,decode,1,0,176,0.0004,0,1,
1790283951.836193,1790283951.882677,decode,1,0,176,0.0004,0,1,
1790283951.882677,1790283951.927750,decode,1,0,176,0.0004,0,1,
1790283951.927750,1790283951.973006,decode,1,0,176,0.0004,0,1,
1790283951.973006,1790283952.019461,decode,1,0,176,0.0004,0,1,
1790283952.019461,1790283952.067209,decode,1,0,176,0.0004,0,1,
1790283952.067209,1790283952.113617,decode,1,0,176,0.0004,0,1,
1790283952.113617,1790283952.159990,decode,1,0,192,0.0004,0,1,
1790283952.159990,1790283952.206406,decode,1,0,192,0.0004,0,1,
1790283952.206406,1790283952.252892,decode,1,0,192,0.0004,0,1,
1790283952.252892,1790283952.299223,decode,1,0,192,0.0004,0,1,
1790283952.299223,1790283952.344485,decode,1,0,192,0.0004,0,1,
1790283952.344485,1790283952.389622,decode,1,0,192,0.0004,0,1,
1790283952.389622,1790283952.436005,decode,1,0,192,0.0004,0,1,
1790283952.436005,1790283952.482459,decode,1,0,192,0.0004,0,1,
1790283952.482459,1790283952.527553,decode,1,0,192,0.0004,0,1,
1790283952.527553,1790283952.572952,decode,1,0,192,0.0004,0,1,
1790283952.572952,1790283952.619567,decode,1,0,192,0.0004,0,1,
1790283952.619567,1790283952.667591,decode,1,0,192,0.0004,0,1,
1790283952.667591,1790283952.713990,decode,1,0,192,0.0004,0,1,
1790283952.713990,1790283952.760450,decode,1,0,192,0.0004,0,1,
1790283952.760450,1790283952.806902,decode,1,0,192,0.0004,0,1,
1790283952.806902,1790283952.852201,decode,1,0,192,0.0004,0,1,
1790283952.852201,1790283952.898643,decode,1,0,208,0.0005,0,1,
1790283952.898643,1790283952.945173,decode,1,0,208,0.0005,0,1,
1790283952.945173,1790283952.991738,decode,1,0,208,0.0005,0,1,
1790283952.991738,1790283953.038197,decode,1,0,208,0.0005,0,1,
1790283953.038197,1790283953.084812,decode,1,0,208,0.0005,0,1,
1790283953.084812,1790283953.131358,decode,1,0,208,0.0005,0,1,
1790283953.131358,1790283953.177957,decode,1,0,208,0.0005,0,1,
1790283953.177957,1790283953.224569,decode,1,0,208,0.0005,0,1,
1790283953.224569,1790283953.271214,decode,1,0,208,0.0005,0,1,
1790283953.271214,1790283953.317796,decode,1,0,208,0.0005,0,1,
1790283953.317796,1790283953.364352,decode,1,0,208,0.0005,0,1,
1790283953.364352,1790283953.411065,decode,1,0,208,0.0005,0,1,
1790283953.411065,1790283953.457716,decode,1,0,208,0.0005,0,1,
1790283953.457716,1790283953.504250,decode,1,0,208,0.0005,0,1,
1790283953.504250,1790283953.550754,decode,1,0,208,0.0005,0,1,
1790283953.550754,1790283953.597261,decode,1,0,208,0.0005,0,1,
1790283953.597261,1790283953.643726,decode,1,0,224,0.0005,0,1,
1790283953.643726,1790283953.690238,decode,1,0,224,0.0005,0,1,
1790283953.690238,1790283953.736736,decode,1,0,224,0.0005,0,1,
1790283953.736736,1790283953.783225,decode,1,0,224,0.0005,0,1,
1790283953.783225,1790283953.829720,decode,1,0,224,0.0005,0,1,
1790283953.829720,1790283953.876158,decode,1,0,224,0.0005,0,1,
1790283953.876158,1790283953.922604,decode,1,0,224,0.0005,0,1,
1790283953.922604,1790283953.968951,decode,1,0,224,0.0005,0,1,
1790283953.968951,1790283954.015358,decode,1,0,224,0.0005,0,1,
1790283954.015358,1790283954.061836,decode,1,0,224,0.0005,0,1,
1790283954.061836,1790283954.108215,decode,1,0,224,0.0005,0,1,
1790283954.108215,1790283954.154742,decode,1,0,224,0.0005,0,1,
1790283954.154742,1790283954.201253,decode,1,0,224,0.0005,0,1,
1790283954.201253,1790283954.249030,decode,1,0,224,0.0005,0,1,
1790283954.249030,1790283954.295580,decode,1,0,224,0.0005,0,1,
1790283954.295580,1790283954.342080,decode,1,0,224,0.0005,0,1,
1790283954.342080,1790283954.388482,decode,1,0,240,0.0006,0,1,
1790283954.388482,1790283954.434965,decode,1,0,240,0.0006,0,1,
1790283954.434965,1790283954.481527,decode,1,0,240,0.0006,0,1,
1790283954.481527,1790283954.529484,decode,1,0,240,0.0006,0,1,
1790283954.529484,1790283954.576020,decode,1,0,240,0.0006,0,1,
1790283954.576020,1790283954.622467,decode,1,0,240,0.0006,0,1,
1790283954.622467,1790283954.668773,decode,1,0,240,0.0006,0,1,
1790283954.668773,1790283954.715018,decode,1,0,240,0.0006,0,1,
1790283954.715018,1790283954.761243,decode,1,0,240,0.0006,0,1,
1790283954.761243,1790283954.808832,decode,1,0,240,0.0006,0,1,
1790283954.808832,1790283954.857148,decode,1,0,240,0.0006,0,1,
1790283954.857148,1790283954.905183,decode,1,0,240,0.0006,0,1,
1790283954.905183,1790283954.953338,decode,1,0,240,0.0006,0,1,
1790283954.953338,1790283955.001584,decode,1,0,240,0.0006,0,1,
1790283955.001584,1790283955.049177,decode,1,0,240,0.0006,0,1,
1790283955.049177,1790283955.095472,decode,1,0,240,0.0006,0,1,
1790283955.095472,1790283955.141688,decode,1,0,256,0.0006,0,1,
1790283955.141688,1790283955.187905,decode,1,0,256,0.0006,0,1,
1790283955.187905,1790283955.235453,decode,1,0,256,0.0006,0,1,
1790283955.235453,1790283955.281595,decode,1,0,256,0.0006,0,1,
1790283955.281595,1790283955.327859,decode,1,0,256,0.0006,0,1,
1790283955.327859,1790283955.375530,decode,1,0,256,0.0006,0,1,
1790283955.375530,1790283955.421702,decode,1,0,256,0.0006,0,1,
1790283955.421702,1790283955.467861,decode,1,0,256,0.0006,0,1,
1790283955.467861,1790283955.515441,decode,1,0,256,0.0006,0,1,
1790283955.515441,1790283955.561717,decode,1,0,256,0.0006,0,1,
1790283955.561717,1790283955.608361,decode,1,0,256,0.0006,0,1,
1790283955.608361,1790283955.654817,decode,1,0,256,0.0006,0,1,
1790283955.654817,1790283955.702364,decode,1,0,256,0.0006,0,1,
1790283955.702364,1790283955.748624,decode,1,0,256,0.0006,0,1,
1790283955.748624,1790283955.794974,decode,1,0,256,0.0006,0,1,
1790283955.794974,1790283955.841270,decode,1,0,256,0.0006,0,1,
1790283955.841270,1790283955.886436,decode,1,0,272,0.0006,0,1,
1790283955.886436,1790283955.932995,decode,1,0,272,0.0006,0,1,
1790283955.932995,1790283955.979380,decode,1,0,272,0.0006,0,1,
1790283955.979380,1790283956.025739,decode,1,0,272,0.0006,0,1,
1790283956.025739,1790283956.074058,decode,1,0,272,0.0006,0,1,
1790283956.074058,1790283956.122325,decode,1,0,272,0.0006,0,1,
1790283956.122325,1790283956.168635,decode,1,0,272,0.0006,0,1,
1790283956.168635,1790283956.216285,decode,1,0,272,0.0006,0,1,
1790283956.216285,1790283956.262660,decode,1,0,272,0.0006,0,1,
1790283956.262660,1790283956.308990,decode,1,0,272,0.0006,0,1,
1790283956.308990,1790283956.356764,decode,1,0,272,0.0006,0,1,
1790283956.356764,1790283956.403240,decode,1,0,272,0.0006,0,1,
1790283956.403240,1790283956.450877,decode,1,0,272,0.0006,0,1,
1790283956.450877,1790283956.498478,decode,1,0,272,0.0006,0,1,
1790283956.498478,1790283956.546259,decode,1,0,272,0.0006,0,1,
1790283956.546259,1790283956.592726,decode,1,0,272,0.0006,0,1,
1790283956.592726,1790283956.639020,decode,1,0,288,0.0007,0,1,
1790283956.639020,1790283956.685486,decode,1,0,288,0.0007,0,1,
1790283956.685486,1790283956.733718,decode,1,0,288,0.0007,0,1,
1790283956.733718,1790283956.781973,decode,1,0,288,0.0007,0,1,
1790283956.781973,1790283956.828307,decode,1,0,288,0.0007,0,1,
1790283956.828307,1790283956.876059,decode,1,0,288,0.0007,0,1,
1790283956.876059,1790283956.922314,decode,1,0,288,0.0007,0,1,
1790283956.922314,1790283956.970514,decode,0,0,0,0.0000,0,1,
1790283956.970514,1790283956.970809,idle,0,0,0,0.0000,,,
1790283956.970809,1790283957.020677,mixed,1,0,32,0.0001,25,1,
1790283957.020677,1790283957.056690,decode,1,0,32,0.0001,0,1,
1790283957.056690,1790283957.104526,decode,1,0,32,0.0001,0,1,
1790283957.104526,1790283957.152424,decode,1,0,32,0.0001,0,1,
1790283957.152424,1790283957.200431,decode,1,0,32,0.0001,0,1,
1790283957.200431,1790283957.248351,decode,1,0,32,0.0001,0,1,
1790283957.248351,1790283957.296277,decode,1,0,32,0.0001,0,1,
1790283957.296277,1790283957.344190,decode,1,0,32,0.0001,0,1,
1790283957.344190,1790283957.392068,decode,1,0,48,0.0001,0,1,
1790283957.392068,1790283957.439983,decode,1,0,48,0.0001,0,1,
1790283957.439983,1790283957.486694,decode,1,0,48,0.0001,0,1,
1790283957.486694,1790283957.534492,decode,1,0,48,0.0001,0,1,
1790283957.534492,1790283957.582355,decode,1,0,48,0.0001,0,1,
1790283957.582355,1790283957.630296,decode,1,0,48,0.0001,0,1,
1790283957.630296,1790283957.678273,decode,1,0,48,0.0001,0,1,
1790283957.678273,1790283957.724743,decode,1,0,48,0.0001,0,1,
1790283957.724743,1790283957.772619,decode,1,0,48,0.0001,0,1,
1790283957.772619,1790283957.820525,decode,1,0,48,0.0001,0,1,
1790283957.820525,1790283957.868474,decode,1,0,48,0.0001,0,1,
1790283957.868474,1790283957.916343,decode,1,0,48,0.0001,0,1,
1790283957.916343,1790283957.964193,decode,1,0,48,0.0001,0,1,
1790283957.964193,1790283958.012104,decode,1,0,48,0.0001,0,1,
1790283958.012104,1790283958.060131,decode,1,0,48,0.0001,0,1,
1790283958.060131,1790283958.108109,decode,1,0,48,0.0001,0,1,
1790283958.108109,1790283958.155898,decode,1,0,64,0.0001,0,1,
1790283958.155898,1790283958.203801,decode,1,0,64,0.0001,0,1,
1790283958.203801,1790283958.251768,decode,1,0,64,0.0001,0,1,
1790283958.251768,1790283958.299668,decode,1,0,64,0.0001,0,1,
1790283958.299668,1790283958.347538,decode,1,0,64,0.0001,0,1,
1790283958.347538,1790283958.395495,decode,1,0,64,0.0001,0,1,
1790283958.395495,1790283958.443433,decode,1,0,64,0.0001,0,1,
1790283958.443433,1790283958.491400,decode,1,0,64,0.0001,0,1,
1790283958.491400,1790283958.539228,decode,1,0,64,0.0001,0,1,
1790283958.539228,1790283958.587029,decode,1,0,64,0.0001,0,1,
1790283958.587029,1790283958.634979,decode,1,0,64,0.0001,0,1,
1790283958.634979,1790283958.682921,decode,1,0,64,0.0001,0,1,
1790283958.682921,1790283958.730755,decode,1,0,64,0.0001,0,1,
1790283958.730755,1790283958.778600,decode,1,0,64,0.0001,0,1,
1790283958.778600,1790283958.826569,decode,1,0,64,0.0001,0,1,
1790283958.826569,1790283958.874632,decode,1,0,64,0.0001,0,1,
1790283958.874632,1790283958.922477,decode,1,0,80,0.0002,0,1,
1790283958.922477,1790283958.970345,decode,1,0,80,0.0002,0,1,
1790283958.970345,1790283959.018344,decode,1,0,80,0.0002,0,1,
1790283959.018344,1790283959.066305,decode,1,0,80,0.0002,0,1,
1790283959.066305,1790283959.114203,decode,1,0,80,0.0002,0,1,
1790283959.114203,1790283959.162157,decode,1,0,80,0.0002,0,1,
1790283959.162157,1790283959.210089,decode,1,0,80,0.0002,0,1,
1790283959.210089,1790283959.258116,decode,1,0,80,0.0002,0,1,
1790283959.258116,1790283959.306127,decode,1,0,80,0.0002,0,1,
1790283959.306127,1790283959.354100,decode,1,0,80,0.0002,0,1,
1790283959.354100,1790283959.402179,decode,1,0,80,0.0002,0,1,
1790283959.402179,1790283959.450252,decode,1,0,80,0.0002,0,1,
1790283959.450252,1790283959.498234,decode,1,0,80,0.0002,0,1,
1790283959.498234,1790283959.546091,decode,1,0,80,0.0002,0,1,
1790283959.546091,1790283959.594074,decode,1,0,80,0.0002,0,1,
1790283959.594074,1790283959.642146,decode,1,0,80,0.0002,0,1,
1790283959.642146,1790283959.690125,decode,1,0,96,0.0002,0,1,
1790283959.690125,1790283959.738002,decode,1,0,96,0.0002,0,1,
1790283959.738002,1790283959.785909,decode,1,0,96,0.0002,0,1,
1790283959.785909,1790283959.833930,decode,1,0,96,0.0002,0,1,
1790283959.833930,1790283959.881976,decode,1,0,96,0.0002,0,1,
1790283959.881976,1790283959.929850,decode,1,0,96,0.0002,0,1,
1790283959.929850,1790283959.977788,decode,1,0,96,0.0002,0,1,
1790283959.977788,1790283960.025850,decode,1,0,96,0.0002,0,1,
1790283960.025850,1790283960.073964,decode,1,0,96,0.0002,0,1,
1790283960.073964,1790283960.121872,decode,1,0,96,0.0002,0,1,
1790283960.121872,1790283960.169827,decode,1,0,96,0.0002,0,1,
1790283960.169827,1790283960.217877,decode,1,0,96,0.0002,0,1,
1790283960.217877,1790283960.265883,decode,1,0,96,0.0002,0,1,
1790283960.265883,1790283960.313982,decode,1,0,96,0.0002,0,1,
1790283960.313982,1790283960.362040,decode,1,0,96,0.0002,0,1,
1790283960.362040,1790283960.410083,decode,1,0,96,0.0002,0,1,
1790283960.410083,1790283960.458090,decode,1,0,112,0.0003,0,1,
1790283960.458090,1790283960.506051,decode,1,0,112,0.0003,0,1,
1790283960.506051,1790283960.553950,decode,1,0,112,0.0003,0,1,
1790283960.553950,1790283960.601948,decode,1,0,112,0.0003,0,1,
1790283960.601948,1790283960.650057,decode,1,0,112,0.0003,0,1,
1790283960.650057,1790283960.698064,decode,1,0,112,0.0003,0,1,
1790283960.698064,1790283960.746066,decode,1,0,112,0.0003,0,1,
1790283960.746066,1790283960.794088,decode,1,0,112,0.0003,0,1,
1790283960.794088,1790283960.842118,decode,1,0,112,0.0003,0,1,
1790283960.842118,1790283960.890138,decode,1,0,112,0.0003,0,1,
1790283960.890138,1790283960.938113,decode,1,0,112,0.0003,0,1,
1790283960.938113,1790283960.986032,decode,1,0,112,0.0003,0,1,
1790283960.986032,1790283961.034068,decode,1,0,112,0.0003,0,1,
1790283961.034068,1790283961.082134,decode,1,0,112,0.0003,0,1,
1790283961.082134,1790283961.130125,decode,1,0,112,0.0003,0,1,
1790283961.130125,1790283961.178165,decode,1,0,112,0.0003,0,1,
1790283961.178165,1790283961.226215,decode,1,0,128,0.0003,0,1,
1790283961.226215,1790283961.274327,decode,1,0,128,0.0003,0,1,
1790283961.274327,1790283961.322433,decode,1,0,128,0.0003,0,1,
1790283961.322433,1790283961.370250,decode,1,0,128,0.0003,0,1,
1790283961.370250,1790283961.418176,decode,1,0,128,0.0003,0,1,
1790283961.418176,1790283961.466155,decode,1,0,128,0.0003,0,1,
1790283961.466155,1790283961.514112,decode,1,0,128,0.0003,0,1,
1790283961.514112,1790283961.562025,decode,1,0,128,0.0003,0,1,
1790283961.562025,1790283961.610002,decode,1,0,128,0.0003,0,1,
1790283961.610002,1790283961.657962,decode,1,0,128,0.0003,0,1,
1790283961.657962,1790283961.705879,decode,1,0,128,0.0003,0,1,
1790283961.705879,1790283961.753717,decode,1,0,128,0.0003,0,1,
1790283961.753717,1790283961.801658,decode,1,0,128,0.0003,0,1,
1790283961.801658,1790283961.849691,decode,1,0,128,0.0003,0,1,
1790283961.849691,1790283961.897588,decode,1,0,128,0.0003,0,1,
1790283961.897588,1790283961.945438,decode,1,0,128,0.0003,0,1,
1790283961.945438,1790283961.994720,decode,1,0,144,0.0003,0,1,
1790283961.994720,1790283962.043965,decode,1,0,144,0.0003,0,1,
1790283962.043965,1790283962.093208,decode,1,0,144,0.0003,0,1,
1790283962.093208,1790283962.142414,decode,1,0,144,0.0003,0,1,
1790283962.142414,1790283962.191071,decode,1,0,144,0.0003,0,1,
1790283962.191071,1790283962.239687,decode,1,0,144,0.0003,0,1,
1790283962.239687,1790283962.288897,decode,0,0,0,0.0000,0,1,
1790283962.288897,1790283962.288973,idle,0,0,0,0.0000,,,
1790283962.288973,1790283962.332591,mixed,1,0,16,0.0000,14,1,
1790283962.332591,1790283962.362128,decode,1,0,16,0.0000,0,1,
1790283962.362128,1790283962.410030,decode,1,0,16,0.0000,0,1,
1790283962.410030,1790283962.457895,decode,1,0,32,0.0001,0,1,
1790283962.457895,1790283962.505635,decode,1,0,32,0.0001,0,1,
1790283962.505635,1790283962.553425,decode,1,0,32,0.0001,0,1,
1790283962.553425,1790283962.601240,decode,1,0,32,0.0001,0,1,
1790283962.601240,1790283962.649096,decode,1,0,32,0.0001,0,1,
1790283962.649096,1790283962.696912,decode,1,0,32,0.0001,0,1,
1790283962.696912,1790283962.743282,decode,1,0,32,0.0001,0,1,
1790283962.743282,1790283962.791081,decode,1,0,32,0.0001,0,1,
1790283962.791081,1790283962.839014,decode,1,0,32,0.0001,0,1,
1790283962.839014,1790283962.886879,decode,1,0,32,0.0001,0,1,
1790283962.886879,1790283962.934561,decode,1,0,32,0.0001,0,1,
1790283962.934561,1790283962.982433,decode,1,0,32,0.0001,0,1,
1790283962.982433,1790283963.030462,decode,1,0,32,0.0001,0,1,
1790283963.030462,1790283963.078254,decode,1,0,32,0.0001,0,1,
1790283963.078254,1790283963.125899,decode,1,0,32,0.0001,0,1,
1790283963.125899,1790283963.173777,decode,1,0,32,0.0001,0,1,
1790283963.173777,1790283963.221525,decode,1,0,48,0.0001,0,1,
1790283963.221525,1790283963.269378,decode,1,0,48,0.0001,0,1,
1790283963.269378,1790283963.317134,decode,1,0,48,0.0001,0,1,
1790283963.317134,1790283963.364953,decode,1,0,48,0.0001,0,1,
1790283963.364953,1790283963.412781,decode,1,0,48,0.0001,0,1,
1790283963.412781,1790283963.460646,decode,1,0,48,0.0001,0,1,
1790283963.460646,1790283963.508308,decode,1,0,48,0.0001,0,1,
1790283963.508308,1790283963.556151,decode,1,0,48,0.0001,0,1,
1790283963.556151,1790283963.604038,decode,1,0,48,0.0001,0,1,
1790283963.604038,1790283963.651953,decode,1,0,48,0.0001,0,1,
1790283963.651953,1790283963.699783,decode,1,0,48,0.0001,0,1,
1790283963.699783,1790283963.747682,decode,1,0,48,0.0001,0,1,
1790283963.747682,1790283963.795473,decode,1,0,48,0.0001,0,1,
1790283963.795473,1790283963.843344,decode,1,0,48,0.0001,0,1,
1790283963.843344,1790283963.891317,decode,1,0,48,0.0001,0,1,
1790283963.891317,1790283963.939018,decode,1,0,48,0.0001,0,1,
1790283963.939018,1790283963.986812,decode,1,0,64,0.0001,0,1,
1790283963.986812,1790283964.034884,decode,1,0,64,0.0001,0,1,
1790283964.034884,1790283964.082648,decode,1,0,64,0.0001,0,1,
1790283964.082648,1790283964.130523,decode,1,0,64,0.0001,0,1,
1790283964.130523,1790283964.178492,decode,1,0,64,0.0001,0,1,
1790283964.178492,1790283964.226454,decode,1,0,64,0.0001,0,1,
1790283964.226454,1790283964.274320,decode,1,0,64,0.0001,0,1,
1790283964.274320,1790283964.322091,decode,1,0,64,0.0001,0,1,
1790283964.322091,1790283964.369875,decode,1,0,64,0.0001,0,1,
1790283964.369875,1790283964.417784,decode,1,0,64,0.0001,0,1,
1790283964.417784,1790283964.465713,decode,1,0,64,0.0001,0,1,
1790283964.465713,1790283964.513504,decode,1,0,64,0.0001,0,1,
1790283964.513504,1790283964.561296,decode,1,0,64,0.0001,0,1,
1790283964.561296,1790283964.609133,decode,1,0,64,0.0001,0,1,
1790283964.609133,1790283964.657092,decode,1,0,64,0.0001,0,1,
1790283964.657092,1790283964.704904,decode,1,0,64,0.0001,0,1,
1790283964.704904,1790283964.752696,decode,1,0,80,0.0002,0,1,
1790283964.752696,1790283964.800563,decode,1,0,80,0.0002,0,1,
1790283964.800563,1790283964.848553,decode,1,0,80,0.0002,0,1,
1790283964.848553,1790283964.896475,decode,1,0,80,0.0002,0,1,
1790283964.896475,1790283964.944318,decode,1,0,80,0.0002,0,1,
1790283964.944318,1790283964.992220,decode,1,0,80,0.0002,0,1,
1790283964.992220,1790283965.040276,decode,1,0,80,0.0002,0,1,
1790283965.040276,1790283965.088152,decode,1,0,80,0.0002,0,1,
1790283965.088152,1790283965.136098,decode,1,0,80,0.0002,0,1,
1790283965.136098,1790283965.184062,decode,1,0,80,0.0002,0,1,
1790283965.184062,1790283965.232038,decode,1,0,80,0.0002,0,1,
1790283965.232038,1790283965.280078,decode,1,0,80,0.0002,0,1,
1790283965.280078,1790283965.327714,decode,1,0,80,0.0002,0,1,
1790283965.327714,1790283965.375574,decode,1,0,80,0.0002,0,1,
1790283965.375574,1790283965.423586,decode,1,0,80,0.0002,0,1,
1790283965.423586,1790283965.471517,decode,1,0,80,0.0002,0,1,
1790283965.471517,1790283965.519419,decode,1,0,96,0.0002,0,1,
1790283965.519419,1790283965.567298,decode,1,0,96,0.0002,0,1,
1790283965.567298,1790283965.615191,decode,1,0,96,0.0002,0,1,
1790283965.615191,1790283965.663067,decode,1,0,96,0.0002,0,1,
1790283965.663067,1790283965.710951,decode,1,0,96,0.0002,0,1,
1790283965.710951,1790283965.758781,decode,1,0,96,0.0002,0,1,
1790283965.758781,1790283965.806685,decode,1,0,96,0.0002,0,1,
1790283965.806685,1790283965.854670,decode,1,0,96,0.0002,0,1,
1790283965.854670,1790283965.902545,decode,1,0,96,0.0002,0,1,
1790283965.902545,1790283965.950356,decode,1,0,96,0.0002,0,1,
1790283965.950356,1790283965.998296,decode,1,0,96,0.0002,0,1,
1790283965.998296,1790283966.046267,decode,1,0,96,0.0002,0,1,
1790283966.046267,1790283966.094288,decode,1,0,96,0.0002,0,1,
1790283966.094288,1790283966.142429,decode,1,0,96,0.0002,0,1,
1790283966.142429,1790283966.190367,decode,1,0,96,0.0002,0,1,
1790283966.190367,1790283966.238334,decode,1,0,96,0.0002,0,1,
1790283966.238334,1790283966.286192,decode,1,0,112,0.0003,0,1,
1790283966.286192,1790283966.334077,decode,1,0,112,0.0003,0,1,
1790283966.334077,1790283966.381923,decode,1,0,112,0.0003,0,1,
1790283966.381923,1790283966.430179,decode,1,0,112,0.0003,0,1,
1790283966.430179,1790283966.478277,decode,1,0,112,0.0003,0,1,
1790283966.478277,1790283966.526185,decode,1,0,112,0.0003,0,1,
1790283966.526185,1790283966.574186,decode,1,0,112,0.0003,0,1,
1790283966.574186,1790283966.622401,decode,1,0,112,0.0003,0,1,
1790283966.622401,1790283966.670510,decode,1,0,112,0.0003,0,1,
1790283966.670510,1790283966.718434,decode,1,0,112,0.0003,0,1,
1790283966.718434,1790283966.766488,decode,1,0,112,0.0003,0,1,
1790283966.766488,1790283966.814589,decode,1,0,112,0.0003,0,1,
1790283966.814589,1790283966.862652,decode,1,0,112,0.0003,0,1,
1790283966.862652,1790283966.910664,decode,1,0,112,0.0003,0,1,
1790283966.910664,1790283966.958691,decode,1,0,112,0.0003,0,1,
1790283966.958691,1790283967.006748,decode,1,0,112,0.0003,0,1,
1790283967.006748,1790283967.054876,decode,1,0,128,0.0003,0,1,
1790283967.054876,1790283967.101556,decode,1,0,128,0.0003,0,1,
1790283967.101556,1790283967.149514,decode,1,0,128,0.0003,0,1,
1790283967.149514,1790283967.197652,decode,1,0,128,0.0003,0,1,
1790283967.197652,1790283967.245864,decode,1,0,128,0.0003,0,1,
1790283967.245864,1790283967.293833,decode,1,0,128,0.0003,0,1,
1790283967.293833,1790283967.341975,decode,1,0,128,0.0003,0,1,
1790283967.341975,1790283967.390268,decode,1,0,128,0.0003,0,1,
1790283967.390268,1790283967.438424,decode,1,0,128,0.0003,0,1,
1790283967.438424,1790283967.486459,decode,1,0,128,0.0003,0,1,
1790283967.486459,1790283967.534400,decode,1,0,128,0.0003,0,1,
1790283967.534400,1790283967.582445,decode,1,0,128,0.0003,0,1,
1790283967.582445,1790283967.630558,decode,1,0,128,0.0003,0,1,
1790283967.630558,1790283967.678575,decode,1,0,128,0.0003,0,1,
1790283967.678575,1790283967.726515,decode,1,0,128,0.0003,0,1,
1790283967.726515,1790283967.774496,decode,1,0,128,0.0003,0,1,
1790283967.774496,1790283967.822536,decode,1,0,144,0.0003,0,1,
1790283967.822536,1790283967.870714,decode,1,0,144,0.0003,0,1,
1790283967.870714,1790283967.919987,decode,1,0,144,0.0003,0,1,
1790283967.919987,1790283967.968013,decode,1,0,144,0.0003,0,1,
1790283967.968013,1790283968.017470,decode,1,0,144,0.0003,0,1,
1790283968.017470,1790283968.065138,decode,1,0,144,0.0003,0,1,
1790283968.065138,1790283968.112673,decode,1,0,144,0.0003,0,1,
1790283968.112673,1790283968.161512,decode,1,0,144,0.0003,0,1,
1790283968.161512,1790283968.209146,decode,1,0,144,0.0003,0,1,
1790283968.209146,1790283968.257854,decode,1,0,144,0.0003,0,1,
1790283968.257854,1790283968.306731,decode,1,0,144,0.0003,0,1,
1790283968.306731,1790283968.355120,decode,1,0,144,0.0003,0,1,
1790283968.355120,1790283968.402971,decode,1,0,144,0.0003,0,1,
1790283968.402971,1790283968.451292,decode,1,0,144,0.0003,0,1,
1790283968.451292,1790283968.499353,decode,1,0,144,0.0003,0,1,
1790283968.499353,1790283968.546954,decode,1,0,144,0.0003,0,1,
1790283968.546954,1790283968.594620,decode,1,0,160,0.0004,0,1,
1790283968.594620,1790283968.642356,decode,1,0,160,0.0004,0,1,
1790283968.642356,1790283968.689840,decode,1,0,160,0.0004,0,1,
1790283968.689840,1790283968.738449,decode,1,0,160,0.0004,0,1,
1790283968.738449,1790283968.787862,decode,1,0,160,0.0004,0,1,
1790283968.787862,1790283968.837303,decode,1,0,160,0.0004,0,1,
1790283968.837303,1790283968.885036,decode,1,0,160,0.0004,0,1,
1790283968.885036,1790283968.932441,decode,1,0,160,0.0004,0,1,
1790283968.932441,1790283968.981289,decode,1,0,160,0.0004,0,1,
1790283968.981289,1790283969.028917,decode,1,0,160,0.0004,0,1,
1790283969.028917,1790283969.077542,decode,1,0,160,0.0004,0,1,
1790283969.077542,1790283969.126358,decode,1,0,160,0.0004,0,1,
1790283969.126358,1790283969.174840,decode,1,0,160,0.0004,0,1,
1790283969.174840,1790283969.221462,decode,1,0,160,0.0004,0,1,
1790283969.221462,1790283969.269057,decode,1,0,160,0.0004,0,1,
1790283969.269057,1790283969.316592,decode,1,0,160,0.0004,0,1,
1790283969.316592,1790283969.364129,decode,1,0,176,0.0004,0,1,
1790283969.364129,1790283969.412564,decode,1,0,176,0.0004,0,1,
1790283969.412564,1790283969.461921,decode,1,0,176,0.0004,0,1,
1790283969.461921,1790283969.509988,decode,1,0,176,0.0004,0,1,
1790283969.509988,1790283969.558106,decode,1,0,176,0.0004,0,1,
1790283969.558106,1790283969.606122,decode,1,0,176,0.0004,0,1,
1790283969.606122,1790283969.654566,decode,1,0,176,0.0004,0,1,
1790283969.654566,1790283969.701942,decode,1,0,176,0.0004,0,1,
1790283969.701942,1790283969.750107,decode,1,0,176,0.0004,0,1,
1790283969.750107,1790283969.799545,decode,1,0,176,0.0004,0,1,
1790283969.799545,1790283969.847566,decode,1,0,176,0.0004,0,1,
1790283969.847566,1790283969.896876,decode,1,0,176,0.0004,0,1,
1790283969.896876,1790283969.946268,decode,1,0,176,0.0004,0,1,
1790283969.946268,1790283969.994723,decode,1,0,176,0.0004,0,1,
1790283969.994723,1790283970.041005,decode,1,0,176,0.0004,0,1,
1790283970.041005,1790283970.087797,decode,1,0,176,0.0004,0,1,
1790283970.087797,1790283970.137045,decode,1,0,192,0.0004,0,1,
1790283970.137045,1790283970.186426,decode,1,0,192,0.0004,0,1,
1790283970.186426,1790283970.235871,decode,1,0,192,0.0004,0,1,
1790283970.235871,1790283970.283549,decode,1,0,192,0.0004,0,1,
1790283970.283549,1790283970.331716,decode,1,0,192,0.0004,0,1,
1790283970.331716,1790283970.381124,decode,1,0,192,0.0004,0,1,
1790283970.381124,1790283970.429904,decode,1,0,192,0.0004,0,1,
1790283970.429904,1790283970.477508,decode,1,0,192,0.0004,0,1,
1790283970.477508,1790283970.524960,decode,1,0,192,0.0004,0,1,
1790283970.524960,1790283970.573372,decode,1,0,192,0.0004,0,1,
1790283970.573372,1790283970.621403,decode,1,0,192,0.0004,0,1,
1790283970.621403,1790283970.667689,decode,1,0,192,0.0004,0,1,
1790283970.667689,1790283970.715152,decode,1,0,192,0.0004,0,1,
1790283970.715152,1790283970.762696,decode,1,0,192,0.0004,0,1,
1790283970.762696,1790283970.811101,decode,1,0,192,0.0004,0,1,
1790283970.811101,1790283970.860530,decode,1,0,192,0.0004,0,1,
1790283970.860530,1790283970.909759,decode,1,0,208,0.0005,0,1,
1790283970.909759,1790283970.959130,decode,1,0,208,0.0005,0,1,
1790283970.959130,1790283971.007366,decode,1,0,208,0.0005,0,1,
1790283971.007366,1790283971.056750,decode,1,0,208,0.0005,0,1,
1790283971.056750,1790283971.106091,decode,1,0,208,0.0005,0,1,
1790283971.106091,1790283971.155548,decode,1,0,208,0.0005,0,1,
1790283971.155548,1790283971.203362,decode,1,0,208,0.0005,0,1,
1790283971.203362,1790283971.251727,decode,1,0,208,0.0005,0,1,
1790283971.251727,1790283971.299719,decode,1,0,208,0.0005,0,1,
1790283971.299719,1790283971.347809,decode,1,0,208,0.0005,0,1,
1790283971.347809,1790283971.397260,decode,1,0,208,0.0005,0,1,
1790283971.397260,1790283971.446647,decode,1,0,208,0.0005,0,1,
1790283971.446647,1790283971.495928,decode,1,0,208,0.0005,0,1,
1790283971.495928,1790283971.544703,decode,1,0,208,0.0005,0,1,
1790283971.544703,1790283971.593204,decode,1,0,208,0.0005,0,1,
1790283971.593204,1790283971.641052,decode,1,0,208,0.0005,0,1,
1790283971.641052,1790283971.688965,decode,1,0,224,0.0005,0,1,
1790283971.688965,1790283971.738190,decode,1,0,224,0.0005,0,1,
1790283971.738190,1790283971.787553,decode,1,0,224,0.0005,0,1,
1790283971.787553,1790283971.836854,decode,1,0,224,0.0005,0,1,
1790283971.836854,1790283971.885634,decode,1,0,224,0.0005,0,1,
1790283971.885634,1790283971.933948,decode,1,0,224,0.0005,0,1,
1790283971.933948,1790283971.981705,decode,1,0,224,0.0005,0,1,
1790283971.981705,1790283972.029802,decode,1,0,224,0.0005,0,1,
1790283972.029802,1790283972.079101,decode,1,0,224,0.0005,0,1,
1790283972.079101,1790283972.128297,decode,1,0,224,0.0005,0,1,
1790283972.128297,1790283972.177600,decode,1,0,224,0.0005,0,1,
1790283972.177600,1790283972.226942,decode,1,0,224,0.0005,0,1,
1790283972.226942,1790283972.276160,decode,1,0,224,0.0005,0,1,
1790283972.276160,1790283972.325387,decode,1,0,224,0.0005,0,1,
1790283972.325387,1790283972.375446,decode,1,0,224,0.0005,0,1,
1790283972.375446,1790283972.421999,decode,1,0,224,0.0005,0,1,
1790283972.421999,1790283972.470009,decode,1,0,240,0.0006,0,1,
1790283972.470009,1790283972.519614,decode,1,0,240,0.0006,0,1,
1790283972.519614,1790283972.568876,decode,1,0,240,0.0006,0,1,
1790283972.568876,1790283972.618118,decode,1,0,240,0.0006,0,1,
1790283972.618118,1790283972.666876,decode,1,0,240,0.0006,0,1,
1790283972.666876,1790283972.715383,decode,1,0,240,0.0006,0,1,
1790283972.715383,1790283972.764674,decode,1,0,240,0.0006,0,1,
1790283972.764674,1790283972.813831,decode,1,0,240,0.0006,0,1,
1790283972.813831,1790283972.861505,decode,1,0,240,0.0006,0,1,
1790283972.861505,1790283972.909520,decode,1,0,240,0.0006,0,1,
1790283972.909520,1790283972.958835,decode,1,0,240,0.0006,0,1,
1790283972.958835,1790283973.008199,decode,1,0,240,0.0006,0,1,
1790283973.008199,1790283973.057384,decode,1,0,240,0.0006,0,1,
1790283973.057384,1790283973.106637,decode,1,0,240,0.0006,0,1,
1790283973.106637,1790283973.156013,decode,1,0,240,0.0006,0,1,
1790283973.156013,1790283973.205363,decode,1,0,240,0.0006,0,1,
1790283973.205363,1790283973.254604,decode,1,0,256,0.0006,0,1,
1790283973.254604,1790283973.302221,decode,1,0,256,0.0006,0,1,
1790283973.302221,1790283973.349694,decode,1,0,256,0.0006,0,1,
1790283973.349694,1790283973.398537,decode,1,0,256,0.0006,0,1,
1790283973.398537,1790283973.447804,decode,1,0,256,0.0006,0,1,
1790283973.447804,1790283973.496959,decode,1,0,256,0.0006,0,1,
1790283973.496959,1790283973.546198,decode,1,0,256,0.0006,0,1,
1790283973.546198,1790283973.595682,decode,1,0,256,0.0006,0,1,
1790283973.595682,1790283973.643379,decode,1,0,256,0.0006,0,1,
1790283973.643379,1790283973.690720,decode,1,0,256,0.0006,0,1,
1790283973.690720,1790283973.739474,decode,1,0,256,0.0006,0,1,
1790283973.739474,1790283973.788842,decode,1,0,256,0.0006,0,1,
1790283973.788842,1790283973.838121,decode,1,0,256,0.0006,0,1,
1790283973.838121,1790283973.885973,decode,1,0,256,0.0006,0,1,
1790283973.885973,1790283973.935246,decode,1,0,256,0.0006,0,1,
1790283973.935246,1790283973.984621,decode,1,0,256,0.0006,0,1,
1790283973.984621,1790283974.033078,decode,1,0,272,0.0006,0,1,
1790283974.033078,1790283974.080582,decode,1,0,272,0.0006,0,1,
1790283974.080582,1790283974.128746,decode,1,0,272,0.0006,0,1,
1790283974.128746,1790283974.178259,decode,1,0,272,0.0006,0,1,
1790283974.178259,1790283974.227094,decode,1,0,272,0.0006,0,1,
1790283974.227094,1790283974.275692,decode,1,0,272,0.0006,0,1,
1790283974.275692,1790283974.325070,decode,1,0,272,0.0006,0,1,
1790283974.325070,1790283974.374529,decode,1,0,272,0.0006,0,1,
1790283974.374529,1790283974.422314,decode,1,0,272,0.0006,0,1,
1790283974.422314,1790283974.470673,decode,1,0,272,0.0006,0,1,
1790283974.470673,1790283974.520078,decode,1,0,272,0.0006,0,1,
1790283974.520078,1790283974.569595,decode,1,0,272,0.0006,0,1,
1790283974.569595,1790283974.619220,decode,0,0,0,0.0000,0,1,
1790283974.619220,1790283974.620325,idle,0,0,0,0.0000,,,
1790283974.620325,1790283974.669261,mixed,1,0,32,0.0001,24,1,
1790283974.669261,1790283974.704887,decode,1,0,32,0.0001,0,1,
1790283974.704887,1790283974.752754,decode,1,0,32,0.0001,0,1,
1790283974.752754,1790283974.799141,decode,1,0,32,0.0001,0,1,
1790283974.799141,1790283974.846834,decode,1,0,32,0.0001,0,1,
1790283974.846834,1790283974.894588,decode,1,0,32,0.0001,0,1,
1790283974.894588,1790283974.942545,decode,1,0,32,0.0001,0,1,
1790283974.942545,1790283974.990475,decode,1,0,32,0.0001,0,1,
1790283974.990475,1790283975.038333,decode,1,0,32,0.0001,0,1,
1790283975.038333,1790283975.086055,decode,1,0,48,0.0001,0,1,
1790283975.086055,1790283975.133909,decode,1,0,48,0.0001,0,1,
1790283975.133909,1790283975.181822,decode,1,0,48,0.0001,0,1,
1790283975.181822,1790283975.229621,decode,1,0,48,0.0001,0,1,
1790283975.229621,1790283975.277375,decode,1,0,48,0.0001,0,1,
1790283975.277375,1790283975.325293,decode,1,0,48,0.0001,0,1,
1790283975.325293,1790283975.373174,decode,1,0,48,0.0001,0,1,
1790283975.373174,1790283975.420976,decode,1,0,48,0.0001,0,1,
1790283975.420976,1790283975.468797,decode,1,0,48,0.0001,0,1,
1790283975.468797,1790283975.516634,decode,1,0,48,0.0001,0,1,
1790283975.516634,1790283975.564478,decode,1,0,48,0.0001,0,1,
1790283975.564478,1790283975.612307,decode,1,0,48,0.0001,0,1,
1790283975.612307,1790283975.660115,decode,1,0,48,0.0001,0,1,
1790283975.660115,1790283975.707901,decode,1,0,48,0.0001,0,1,
1790283975.707901,1790283975.755817,decode,1,0,48,0.0001,0,1,
1790283975.755817,1790283975.803733,decode,1,0,48,0.0001,0,1,
1790283975.803733,1790283975.851507,decode,1,0,64,0.0001,0,1,
1790283975.851507,1790283975.899271,decode,1,0,64,0.0001,0,1,
1790283975.899271,1790283975.947213,decode,1,0,64,0.0001,0,1,
1790283975.947213,1790283975.995085,decode,1,0,64,0.0001,0,1,
1790283975.995085,1790283976.042910,decode,1,0,64,0.0001,0,1,
1790283976.042910,1790283976.090678,decode,1,0,64,0.0001,0,1,
1790283976.090678,1790283976.138513,decode,1,0,64,0.0001,0,1,
1790283976.138513,1790283976.186389,decode,1,0,64,0.0001,0,1,
1790283976.186389,1790283976.234313,decode,1,0,64,0.0001,0,1,
1790283976.234313,1790283976.282011,decode,1,0,64,0.0001,0,1,
1790283976.282011,1790283976.329897,decode,1,0,64,0.0001,0,1,
1790283976.329897,1790283976.377892,decode,1,0,64,0.0001,0,1,
1790283976.377892,1790283976.425731,decode,1,0,64,0.0001,0,1,
1790283976.425731,1790283976.473457,decode,1,0,64,0.0001,0,1,
1790283976.473457,1790283976.521532,decode,1,0,64,0.0001,0,1,
1790283976.521532,1790283976.569609,decode,1,0,64,0.0001,0,1,
1790283976.569609,1790283976.617433,decode,1,0,80,0.0002,0,1,
1790283976.617433,1790283976.665281,decode,1,0,80,0.0002,0,1,
1790283976.665281,1790283976.713147,decode,1,0,80,0.0002,0,1,
1790283976.713147,1790283976.761018,decode,1,0,80,0.0002,0,1,
1790283976.761018,1790283976.808886,decode,1,0,80,0.0002,0,1,
1790283976.808886,1790283976.856808,decode,1,0,80,0.0002,0,1,
1790283976.856808,1790283976.904557,decode,1,0,80,0.0002,0,1,
1790283976.904557,1790283976.952418,decode,1,0,80,0.0002,0,1,
1790283976.952418,1790283977.000252,decode,1,0,80,0.0002,0,1,
1790283977.000252,1790283977.048066,decode,1,0,80,0.0002,0,1,
1790283977.048066,1790283977.095891,decode,1,0,80,0.0002,0,1,
1790283977.095891,1790283977.143810,decode,1,0,80,0.0002,0,1,
1790283977.143810,1790283977.191673,decode,1,0,80,0.0002,0,1,
1790283977.191673,1790283977.239505,decode,1,0,80,0.0002,0,1,
1790283977.239505,1790283977.287340,decode,1,0,80,0.0002,0,1,
1790283977.287340,1790283977.335208,decode,1,0,80,0.0002,0,1,
1790283977.335208,1790283977.383183,decode,1,0,96,0.0002,0,1,
1790283977.383183,1790283977.431003,decode,1,0,96,0.0002,0,1,
1790283977.431003,1790283977.478786,decode,1,0,96,0.0002,0,1,
1790283977.478786,1790283977.526690,decode,1,0,96,0.0002,0,1,
1790283977.526690,1790283977.574638,decode,1,0,96,0.0002,0,1,
1790283977.574638,1790283977.622429,decode,1,0,96,0.0002,0,1,
1790283977.622429,1790283977.670244,decode,1,0,96,0.0002,0,1,
1790283977.670244,1790283977.718209,decode,1,0,96,0.0002,0,1,
1790283977.718209,1790283977.766145,decode,1,0,96,0.0002,0,1,
1790283977.766145,1790283977.814002,decode,1,0,96,0.0002,0,1,
1790283977.814002,1790283977.861841,decode,1,0,96,0.0002,0,1,
1790283977.861841,1790283977.909719,decode,1,0,96,0.0002,0,1,
1790283977.909719,1790283977.957657,decode,1,0,96,0.0002,0,1,
1790283977.957657,1790283978.005493,decode,1,0,96,0.0002,0,1,
1790283978.005493,1790283978.053289,decode,1,0,96,0.0002,0,1,
1790283978.053289,1790283978.101173,decode,1,0,96,0.0002,0,1,
1790283978.101173,1790283978.149125,decode,1,0,112,0.0003,0,1,
1790283978.149125,1790283978.196996,decode,1,0,112,0.0003,0,1,
1790283978.196996,1790283978.244819,decode,1,0,112,0.0003,0,1,
1790283978.244819,1790283978.292699,decode,1,0,112,0.0003,0,1,
1790283978.292699,1790283978.340579,decode,1,0,112,0.0003,0,1,
1790283978.340579,1790283978.388438,decode,1,0,112,0.0003,0,1,
1790283978.388438,1790283978.436298,decode,1,0,112,0.0003,0,1,
1790283978.436298,1790283978.484107,decode,1,0,112,0.0003,0,1,
1790283978.484107,1790283978.532026,decode,1,0,112,0.0003,0,1,
1790283978.532026,1790283978.580012,decode,1,0,112,0.0003,0,1,
1790283978.580012,1790283978.627827,decode,1,0,112,0.0003,0,1,
1790283978.627827,1790283978.675719,decode,1,0,112,0.0003,0,1,
1790283978.675719,1790283978.723612,decode,1,0,112,0.0003,0,1,
1790283978.723612,1790283978.771459,decode,1,0,112,0.0003,0,1,
1790283978.771459,1790283978.819361,decode,1,0,112,0.0003,0,1,
1790283978.819361,1790283978.867282,decode,1,0,112,0.0003,0,1,
1790283978.867282,1790283978.915183,decode,1,0,128,0.0003,0,1,
1790283978.915183,1790283978.963114,decode,1,0,128,0.0003,0,1,
1790283978.963114,1790283979.010997,decode,1,0,128,0.0003,0,1,
1790283979.010997,1790283979.058838,decode,1,0,128,0.0003,0,1,
1790283979.058838,1790283979.106758,decode,1,0,128,0.0003,0,1,
1790283979.106758,1790283979.154701,decode,1,0,128,0.0003,0,1,
1790283979.154701,1790283979.202557,decode,1,0,128,0.0003,0,1,
1790283979.202557,1790283979.250401,decode,1,0,128,0.0003,0,1,
1790283979.250401,1790283979.298290,decode,1,0,128,0.0003,0,1,
1790283979.298290,1790283979.346242,decode,1,0,128,0.0003,0,1,
1790283979.346242,1790283979.394177,decode,1,0,128,0.0003,0,1,
1790283979.394177,1790283979.442077,decode,1,0,128,0.0003,0,1,
1790283979.442077,1790283979.489946,decode,1,0,128,0.0003,0,1,
1790283979.489946,1790283979.537824,decode,1,0,128,0.0003,0,1,
1790283979.537824,1790283979.585745,decode,1,0,128,0.0003,0,1,
1790283979.585745,1790283979.633551,decode,1,0,128,0.0003,0,1,
1790283979.633551,1790283979.682791,decode,1,0,144,0.0003,0,1,
1790283979.682791,1790283979.732060,decode,1,0,144,0.0003,0,1,
1790283979.732060,1790283979.781247,decode,1,0,144,0.0003,0,1,
1790283979.781247,1790283979.830472,decode,1,0,144,0.0003,0,1,
1790283979.830472,1790283979.879792,decode,1,0,144,0.0003,0,1,
1790283979.879792,1790283979.929024,decode,1,0,144,0.0003,0,1,
1790283979.929024,1790283979.978312,decode,1,0,144,0.0003,0,1,
1790283979.978312,1790283980.027587,decode,1,0,144,0.0003,0,1,
1790283980.027587,1790283980.076749,decode,1,0,144,0.0003,0,1,
1790283980.076749,1790283980.125990,decode,1,0,144,0.0003,0,1,
1790283980.125990,1790283980.175220,decode,1,0,144,0.0003,0,1,
1790283980.175220,1790283980.224402,decode,1,0,144,0.0003,0,1,
1790283980.224402,1790283980.273655,decode,1,0,144,0.0003,0,1,
1790283980.273655,1790283980.322957,decode,1,0,144,0.0003,0,1,
1790283980.322957,1790283980.372269,decode,1,0,144,0.0003,0,1,
1790283980.372269,1790283980.419874,decode,1,0,144,0.0003,0,1,
1790283980.419874,1790283980.468066,decode,1,0,160,0.0004,0,1,
1790283980.468066,1790283980.517303,decode,1,0,160,0.0004,0,1,
1790283980.517303,1790283980.566528,decode,1,0,160,0.0004,0,1,
1790283980.566528,1790283980.615740,decode,1,0,160,0.0004,0,1,
1790283980.615740,1790283980.664956,decode,1,0,160,0.0004,0,1,
1790283980.664956,1790283980.714207,decode,1,0,160,0.0004,0,1,
1790283980.714207,1790283980.763566,decode,1,0,160,0.0004,0,1,
1790283980.763566,1790283980.812892,decode,1,0,160,0.0004,0,1,
1790283980.812892,1790283980.862085,decode,1,0,160,0.0004,0,1,
1790283980.862085,1790283980.911446,decode,1,0,160,0.0004,0,1,
1790283980.911446,1790283980.959219,decode,1,0,160,0.0004,0,1,
1790283980.959219,1790283981.007410,decode,1,0,160,0.0004,0,1,
1790283981.007410,1790283981.056669,decode,1,0,160,0.0004,0,1,
1790283981.056669,1790283981.105873,decode,1,0,160,0.0004,0,1,
1790283981.105873,1790283981.155152,decode,1,0,160,0.0004,0,1,
1790283981.155152,1790283981.204366,decode,1,0,160,0.0004,0,1,
1790283981.204366,1790283981.253678,decode,1,0,176,0.0004,0,1,
1790283981.253678,1790283981.302869,decode,1,0,176,0.0004,0,1,
1790283981.302869,1790283981.352157,decode,1,0,176,0.0004,0,1,
1790283981.352157,1790283981.399816,decode,1,0,176,0.0004,0,1,
1790283981.399816,1790283981.448005,decode,1,0,176,0.0004,0,1,
1790283981.448005,1790283981.497317,decode,1,0,176,0.0004,0,1,
1790283981.497317,1790283981.546608,decode,1,0,176,0.0004,0,1,
1790283981.546608,1790283981.595785,decode,1,0,176,0.0004,0,1,
1790283981.595785,1790283981.644962,decode,1,0,176,0.0004,0,1,
1790283981.644962,1790283981.694203,decode,1,0,176,0.0004,0,1,
1790283981.694203,1790283981.743495,decode,1,0,176,0.0004,0,1,
1790283981.743495,1790283981.792809,decode,1,0,176,0.0004,0,1,
1790283981.792809,1790283981.842100,decode,1,0,176,0.0004,0,1,
1790283981.842100,1790283981.891488,decode,1,0,176,0.0004,0,1,
1790283981.891488,1790283981.939296,decode,1,0,176,0.0004,0,1,
1790283981.939296,1790283981.987498,decode,1,0,176,0.0004,0,1,
1790283981.987498,1790283982.036798,decode,1,0,192,0.0004,0,1,
1790283982.036798,1790283982.086244,decode,1,0,192,0.0004,0,1,
1790283982.086244,1790283982.135827,decode,1,0,192,0.0004,0,1,
1790283982.135827,1790283982.185278,decode,1,0,192,0.0004,0,1,
1790283982.185278,1790283982.234709,decode,1,0,192,0.0004,0,1,
1790283982.234709,1790283982.284187,decode,1,0,192,0.0004,0,1,
1790283982.284187,1790283982.333566,decode,1,0,192,0.0004,0,1,
1790283982.333566,1790283982.383002,decode,1,0,192,0.0004,0,1,
1790283982.383002,1790283982.432554,decode,1,0,192,0.0004,0,1,
1790283982.432554,1790283982.482003,decode,1,0,192,0.0004,0,1,
1790283982.482003,1790283982.531438,decode,1,0,192,0.0004,0,1,
1790283982.531438,1790283982.579333,decode,1,0,192,0.0004,0,1,
1790283982.579333,1790283982.627621,decode,1,0,192,0.0004,0,1,
1790283982.627621,1790283982.676916,decode,1,0,192,0.0004,0,1,
1790283982.676916,1790283982.726315,decode,1,0,192,0.0004,0,1,
1790283982.726315,1790283982.775777,decode,1,0,192,0.0004,0,1,
1790283982.775777,1790283982.825217,decode,1,0,208,0.0005,0,1,
1790283982.825217,1790283982.874672,decode,1,0,208,0.0005,0,1,
1790283982.874672,1790283982.924067,decode,1,0,208,0.0005,0,1,
1790283982.924067,1790283982.973497,decode,1,0,208,0.0005,0,1,
1790283982.973497,1790283983.023253,decode,1,0,208,0.0005,0,1,
1790283983.023253,1790283983.072919,decode,1,0,208,0.0005,0,1,
1790283983.072919,1790283983.122360,decode,1,0,208,0.0005,0,1,
1790283983.122360,1790283983.171838,decode,1,0,208,0.0005,0,1,
1790283983.171838,1790283983.219685,decode,1,0,208,0.0005,0,1,
1790283983.219685,1790283983.268121,decode,1,0,208,0.0005,0,1,
1790283983.268121,1790283983.317565,decode,1,0,208,0.0005,0,1,
1790283983.317565,1790283983.365870,decode,1,0,208,0.0005,0,1,
1790283983.365870,1790283983.415305,decode,1,0,208,0.0005,0,1,
1790283983.415305,1790283983.463462,decode,1,0,208,0.0005,0,1,
1790283983.463462,1790283983.512889,decode,1,0,208,0.0005,0,1,
1790283983.512889,1790283983.562239,decode,1,0,208,0.0005,0,1,
1790283983.562239,1790283983.611701,decode,1,0,224,0.0005,0,1,
1790283983.611701,1790283983.659516,decode,1,0,224,0.0005,0,1,
1790283983.659516,1790283983.707825,decode,1,0,224,0.0005,0,1,
1790283983.707825,1790283983.757236,decode,1,0,224,0.0005,0,1,
1790283983.757236,1790283983.806603,decode,1,0,224,0.0005,0,1,
1790283983.806603,1790283983.855970,decode,1,0,224,0.0005,0,1,
1790283983.855970,1790283983.905418,decode,1,0,224,0.0005,0,1,
1790283983.905418,1790283983.954812,decode,1,0,224,0.0005,0,1,
1790283983.954812,1790283984.004181,decode,1,0,224,0.0005,0,1,
1790283984.004181,1790283984.053710,decode,1,0,224,0.0005,0,1,
1790283984.053710,1790283984.103051,decode,1,0,224,0.0005,0,1,
1790283984.103051,1790283984.152411,decode,1,0,224,0.0005,0,1,
1790283984.152411,1790283984.201853,decode,1,0,224,0.0005,0,1,
1790283984.201853,1790283984.251301,decode,1,0,224,0.0005,0,1,
1790283984.251301,1790283984.299104,decode,1,0,224,0.0005,0,1,
1790283984.299104,1790283984.347562,decode,1,0,224,0.0005,0,1,
1790283984.347562,1790283984.397096,decode,1,0,240,0.0006,0,1,
1790283984.397096,1790283984.446583,decode,1,0,240,0.0006,0,1,
1790283984.446583,1790283984.496065,decode,1,0,240,0.0006,0,1,
1790283984.496065,1790283984.545686,decode,1,0,240,0.0006,0,1,
1790283984.545686,1790283984.595211,decode,1,0,240,0.0006,0,1,
1790283984.595211,1790283984.644774,decode,1,0,240,0.0006,0,1,
1790283984.644774,1790283984.694455,decode,1,0,240,0.0006,0,1,
1790283984.694455,1790283984.743928,decode,1,0,240,0.0006,0,1,
1790283984.743928,1790283984.793389,decode,1,0,240,0.0006,0,1,
1790283984.793389,1790283984.842861,decode,1,0,240,0.0006,0,1,
1790283984.842861,1790283984.892289,decode,1,0,240,0.0006,0,1,
1790283984.892289,1790283984.941722,decode,1,0,240,0.0006,0,1,
1790283984.941722,1790283984.991109,decode,1,0,240,0.0006,0,1,
1790283984.991109,1790283985.038926,decode,1,0,240,0.0006,0,1,
1790283985.038926,1790283985.087299,decode,1,0,240,0.0006,0,1,
1790283985.087299,1790283985.136835,decode,1,0,240,0.0006,0,1,
1790283985.136835,1790283985.186388,decode,1,0,256,0.0006,0,1,
1790283985.186388,1790283985.235946,decode,1,0,256,0.0006,0,1,
1790283985.235946,1790283985.285352,decode,1,0,256,0.0006,0,1,
1790283985.285352,1790283985.334795,decode,1,0,256,0.0006,0,1,
1790283985.334795,1790283985.384223,decode,1,0,256,0.0006,0,1,
1790283985.384223,1790283985.433700,decode,1,0,256,0.0006,0,1,
1790283985.433700,1790283985.483162,decode,1,0,256,0.0006,0,1,
1790283985.483162,1790283985.532795,decode,1,0,256,0.0006,0,1,
1790283985.532795,1790283985.582436,decode,1,0,256,0.0006,0,1,
1790283985.582436,1790283985.632071,decode,1,0,256,0.0006,0,1,
1790283985.632071,1790283985.681634,decode,1,0,256,0.0006,0,1,
1790283985.681634,1790283985.731253,decode,1,0,256,0.0006,0,1,
1790283985.731253,1790283985.779177,decode,1,0,256,0.0006,0,1,
1790283985.779177,1790283985.827763,decode,1,0,256,0.0006,0,1,
1790283985.827763,1790283985.877504,decode,1,0,256,0.0006,0,1,
1790283985.877504,1790283985.927117,decode,1,0,256,0.0006,0,1,
1790283985.927117,1790283985.976703,decode,1,0,272,0.0006,0,1,
1790283985.976703,1790283986.026362,decode,1,0,272,0.0006,0,1,
1790283986.026362,1790283986.076132,decode,1,0,272,0.0006,0,1,
1790283986.076132,1790283986.125760,decode,1,0,272,0.0006,0,1,
1790283986.125760,1790283986.175333,decode,1,0,272,0.0006,0,1,
1790283986.175333,1790283986.224876,decode,1,0,272,0.0006,0,1,
1790283986.224876,1790283986.274844,decode,1,0,272,0.0006,0,1,
1790283986.274844,1790283986.324799,decode,1,0,272,0.0006,0,1,
1790283986.324799,1790283986.374382,decode,1,0,272,0.0006,0,1,
1790283986.374382,1790283986.422664,decode,1,0,272,0.0006,0,1,
1790283986.422664,1790283986.472245,decode,1,0,272,0.0006,0,1,
1790283986.472245,1790283986.522057,decode,1,0,272,0.0006,0,1,
1790283986.522057,1790283986.571720,decode,1,0,272,0.0006,0,1,
1790283986.571720,1790283986.621226,decode,1,0,272,0.0006,0,1,
1790283986.621226,1790283986.670964,decode,1,0,272,0.0006,0,1,
1790283986.670964,1790283986.718935,decode,1,0,272,0.0006,0,1,
1790283986.718935,1790283986.767496,decode,1,0,288,0.0007,0,1,
1790283986.767496,1790283986.817083,decode,1,0,288,0.0007,0,1,
1790283986.817083,1790283986.866684,decode,1,0,288,0.0007,0,1,
1790283986.866684,1790283986.916342,decode,1,0,288,0.0007,0,1,
1790283986.916342,1790283986.966005,decode,1,0,288,0.0007,0,1,
1790283986.966005,1790283987.015552,decode,1,0,288,0.0007,0,1,
1790283987.015552,1790283987.065391,decode,0,0,0,0.0000,0,1,
1790283987.065391,1790283987.065511,idle,0,0,0,0.0000,,,
1790283987.065511,1790283987.115801,mixed,1,0,32,0.0001,26,1,
1790283987.115801,1790283987.154402,decode,1,0,32,0.0001,0,1,
1790283987.154402,1790283987.202512,decode,1,0,32,0.0001,0,1,
1790283987.202512,1790283987.250577,decode,1,0,32,0.0001,0,1,
1790283987.250577,1790283987.298611,decode,1,0,32,0.0001,0,1,
1790283987.298611,1790283987.346614,decode,1,0,32,0.0001,0,1,
1790283987.346614,1790283987.394625,decode,1,0,32,0.0001,0,1,
1790283987.394625,1790283987.442563,decode,1,0,48,0.0001,0,1,
1790283987.442563,1790283987.490603,decode,1,0,48,0.0001,0,1,
1790283987.490603,1790283987.538381,decode,1,0,48,0.0001,0,1,
1790283987.538381,1790283987.586507,decode,1,0,48,0.0001,0,1,
1790283987.586507,1790283987.634495,decode,1,0,48,0.0001,0,1,
1790283987.634495,1790283987.682456,decode,1,0,48,0.0001,0,1,
1790283987.682456,1790283987.730466,decode,1,0,48,0.0001,0,1,
1790283987.730466,1790283987.778536,decode,1,0,48,0.0001,0,1,
1790283987.778536,1790283987.826526,decode,1,0,48,0.0001,0,1,
1790283987.826526,1790283987.874567,decode,1,0,48,0.0001,0,1,
1790283987.874567,1790283987.922642,decode,1,0,48,0.0001,0,1,
1790283987.922642,1790283987.970678,decode,1,0,48,0.0001,0,1,
1790283987.970678,1790283988.018789,decode,1,0,48,0.0001,0,1,
1790283988.018789,1790283988.066979,decode,1,0,48,0.0001,0,1,
1790283988.066979,1790283988.114986,decode,1,0,48,0.0001,0,1,
1790283988.114986,1790283988.163045,decode,1,0,48,0.0001,0,1,
1790283988.163045,1790283988.211000,decode,1,0,64,0.0001,0,1,
1790283988.211000,1790283988.258979,decode,1,0,64,0.0001,0,1,
1790283988.258979,1790283988.307026,decode,1,0,64,0.0001,0,1,
1790283988.307026,1790283988.354935,decode,1,0,64,0.0001,0,1,
1790283988.354935,1790283988.403192,decode,1,0,64,0.0001,0,1,
1790283988.403192,1790283988.451447,decode,1,0,64,0.0001,0,1,
1790283988.451447,1790283988.499530,decode,1,0,64,0.0001,0,1,
1790283988.499530,1790283988.547592,decode,1,0,64,0.0001,0,1,
1790283988.547592,1790283988.595591,decode,1,0,64,0.0001,0,1,
1790283988.595591,1790283988.643657,decode,1,0,64,0.0001,0,1,
1790283988.643657,1790283988.691717,decode,1,0,64,0.0001,0,1,
1790283988.691717,1790283988.739573,decode,1,0,64,0.0001,0,1,
1790283988.739573,1790283988.787585,decode,1,0,64,0.0001,0,1,
1790283988.787585,1790283988.835417,decode,1,0,64,0.0001,0,1,
1790283988.835417,1790283988.883310,decode,1,0,64,0.0001,0,1,
1790283988.883310,1790283988.931525,decode,1,0,64,0.0001,0,1,
1790283988.931525,1790283988.979565,decode,1,0,80,0.0002,0,1,
1790283988.979565,1790283989.027629,decode,1,0,80,0.0002,0,1,
1790283989.027629,1790283989.075689,decode,1,0,80,0.0002,0,1,
1790283989.075689,1790283989.123787,decode,1,0,80,0.0002,0,1,
1790283989.123787,1790283989.171796,decode,1,0,80,0.0002,0,1,
1790283989.171796,1790283989.219719,decode,1,0,80,0.0002,0,1,
1790283989.219719,1790283989.267822,decode,1,0,80,0.0002,0,1,
1790283989.267822,1790283989.316050,decode,1,0,80,0.0002,0,1,
1790283989.316050,1790283989.364074,decode,1,0,80,0.0002,0,1,
1790283989.364074,1790283989.412190,decode,1,0,80,0.0002,0,1,
1790283989.412190,1790283989.460291,decode,1,0,80,0.0002,0,1,
1790283989.460291,1790283989.508340,decode,1,0,80,0.0002,0,1,
1790283989.508340,1790283989.556426,decode,1,0,80,0.0002,0,1,
1790283989.556426,1790283989.604529,decode,1,0,80,0.0002,0,1,
1790283989.604529,1790283989.652645,decode,1,0,80,0.0002,0,1,
1790283989.652645,1790283989.700797,decode,1,0,80,0.0002,0,1,
1790283989.700797,1790283989.748919,decode,1,0,96,0.0002,0,1,
1790283989.748919,1790283989.797039,decode,1,0,96,0.0002,0,1,
1790283989.797039,1790283989.845197,decode,1,0,96,0.0002,0,1,
1790283989.845197,1790283989.893318,decode,1,0,96,0.0002,0,1,
1790283989.893318,1790283989.941262,decode,1,0,96,0.0002,0,1,
1790283989.941262,1790283989.989449,decode,1,0,96,0.0002,0,1,
1790283989.989449,1790283990.037444,decode,1,0,96,0.0002,0,1,
1790283990.037444,1790283990.085662,decode,1,0,96,0.0002,0,1,
1790283990.085662,1790283990.133829,decode,1,0,96,0.0002,0,1,
1790283990.133829,1790283990.181821,decode,1,0,96,0.0002,0,1,
1790283990.181821,1790283990.229782,decode,1,0,96,0.0002,0,1,
1790283990.229782,1790283990.277832,decode,1,0,96,0.0002,0,1,
1790283990.277832,1790283990.325832,decode,1,0,96,0.0002,0,1,
1790283990.325832,1790283990.373842,decode,1,0,96,0.0002,0,1,
1790283990.373842,1790283990.421926,decode,1,0,96,0.0002,0,1,
1790283990.421926,1790283990.470034,decode,1,0,96,0.0002,0,1,
1790283990.470034,1790283990.518237,decode,1,0,112,0.0003,0,1,
1790283990.518237,1790283990.566365,decode,1,0,112,0.0003,0,1,
1790283990.566365,1790283990.614388,decode,1,0,112,0.0003,0,1,
1790283990.614388,1790283990.662431,decode,1,0,112,0.0003,0,1,
1790283990.662431,1790283990.710438,decode,1,0,112,0.0003,0,1,
1790283990.710438,1790283990.758443,decode,1,0,112,0.0003,0,1,
1790283990.758443,1790283990.806501,decode,1,0,112,0.0003,0,1,
1790283990.806501,1790283990.854526,decode,1,0,112,0.0003,0,1,
1790283990.854526,1790283990.902646,decode,1,0,112,0.0003,0,1,
1790283990.902646,1790283990.950711,decode,1,0,112,0.0003,0,1,
1790283990.950711,1790283990.998791,decode,1,0,112,0.0003,0,1,
1790283990.998791,1790283991.046980,decode,1,0,112,0.0003,0,1,
1790283991.046980,1790283991.095109,decode,1,0,112,0.0003,0,1,
1790283991.095109,1790283991.143240,decode,1,0,112,0.0003,0,1,
1790283991.143240,1790283991.191486,decode,1,0,112,0.0003,0,1,
1790283991.191486,1790283991.239667,decode,1,0,112,0.0003,0,1,
1790283991.239667,1790283991.287747,decode,1,0,128,0.0003,0,1,
1790283991.287747,1790283991.335871,decode,1,0,128,0.0003,0,1,
1790283991.335871,1790283991.383951,decode,1,0,128,0.0003,0,1,
1790283991.383951,1790283991.432056,decode,1,0,128,0.0003,0,1,
1790283991.432056,1790283991.480097,decode,1,0,128,0.0003,0,1,
1790283991.480097,1790283991.528220,decode,1,0,128,0.0003,0,1,
1790283991.528220,1790283991.576380,decode,1,0,128,0.0003,0,1,
1790283991.576380,1790283991.624456,decode,1,0,128,0.0003,0,1,
1790283991.624456,1790283991.672519,decode,1,0,128,0.0003,0,1,
1790283991.672519,1790283991.720525,decode,1,0,128,0.0003,0,1,
1790283991.720525,1790283991.768499,decode,1,0,128,0.0003,0,1,
1790283991.768499,1790283991.816519,decode,1,0,128,0.0003,0,1,
1790283991.816519,1790283991.864577,decode,1,0,128,0.0003,0,1,
1790283991.864577,1790283991.912570,decode,1,0,128,0.0003,0,1,
1790283991.912570,1790283991.960645,decode,1,0,128,0.0003,0,1,
1790283991.960645,1790283992.008645,decode,1,0,128,0.0003,0,1,
1790283992.008645,1790283992.057965,decode,1,0,144,0.0003,0,1,
1790283992.057965,1790283992.107336,decode,1,0,144,0.0003,0,1,
1790283992.107336,1790283992.156758,decode,1,0,144,0.0003,0,1,
1790283992.156758,1790283992.206091,decode,1,0,144,0.0003,0,1,
1790283992.206091,1790283992.255446,decode,1,0,144,0.0003,0,1,
1790283992.255446,1790283992.304934,decode,1,0,144,0.0003,0,1,
1790283992.304934,1790283992.354338,decode,1,0,144,0.0003,0,1,
1790283992.354338,1790283992.403694,decode,1,0,144,0.0003,0,1,
1790283992.403694,1790283992.453078,decode,1,0,144,0.0003,0,1,
1790283992.453078,1790283992.502492,decode,1,0,144,0.0003,0,1,
1790283992.502492,1790283992.551838,decode,1,0,144,0.0003,0,1,
1790283992.551838,1790283992.601270,decode,1,0,144,0.0003,0,1,
1790283992.601270,1790283992.650736,decode,1,0,144,0.0003,0,1,
1790283992.650736,1790283992.700157,decode,1,0,144,0.0003,0,1,
1790283992.700157,1790283992.749570,decode,1,0,144,0.0003,0,1,
1790283992.749570,1790283992.798927,decode,1,0,144,0.0003,0,1,
1790283992.798927,1790283992.848377,decode,1,0,160,0.0004,0,1,
1790283992.848377,1790283992.896409,decode,1,0,160,0.0004,0,1,
1790283992.896409,1790283992.945868,decode,1,0,160,0.0004,0,1,
1790283992.945868,1790283992.995250,decode,1,0,160,0.0004,0,1,
1790283992.995250,1790283993.044622,decode,1,0,160,0.0004,0,1,
1790283993.044622,1790283993.094024,decode,1,0,160,0.0004,0,1,
1790283993.094024,1790283993.143457,decode,1,0,160,0.0004,0,1,
1790283993.143457,1790283993.192861,decode,1,0,160,0.0004,0,1,
1790283993.192861,1790283993.242361,decode,1,0,160,0.0004,0,1,
1790283993.242361,1790283993.291788,decode,1,0,160,0.0004,0,1,
1790283993.291788,1790283993.341188,decode,1,0,160,0.0004,0,1,
1790283993.341188,1790283993.390615,decode,1,0,160,0.0004,0,1,
1790283993.390615,1790283993.439974,decode,1,0,160,0.0004,0,1,
1790283993.439974,1790283993.489331,decode,1,0,160,0.0004,0,1,
1790283993.489331,1790283993.538826,decode,1,0,160,0.0004,0,1,
1790283993.538826,1790283993.588351,decode,1,0,160,0.0004,0,1,
1790283993.588351,1790283993.636366,decode,1,0,176,0.0004,0,1,
1790283993.636366,1790283993.685832,decode,1,0,176,0.0004,0,1,
1790283993.685832,1790283993.735234,decode,1,0,176,0.0004,0,1,
1790283993.735234,1790283993.784646,decode,1,0,176,0.0004,0,1,
1790283993.784646,1790283993.834115,decode,1,0,176,0.0004,0,1,
1790283993.834115,1790283993.883638,decode,1,0,176,0.0004,0,1,
1790283993.883638,1790283993.933095,decode,1,0,176,0.0004,0,1,
1790283993.933095,1790283993.982608,decode,1,0,176,0.0004,0,1,
1790283993.982608,1790283994.032034,decode,1,0,176,0.0004,0,1,
1790283994.032034,1790283994.081375,decode,1,0,176,0.0004,0,1,
1790283994.081375,1790283994.130852,decode,1,0,176,0.0004,0,1,
1790283994.130852,1790283994.180316,decode,1,0,176,0.0004,0,1,
1790283994.180316,1790283994.229692,decode,1,0,176,0.0004,0,1,
1790283994.229692,1790283994.279127,decode,1,0,176,0.0004,0,1,
1790283994.279127,1790283994.328634,decode,1,0,176,0.0004,0,1,
1790283994.328634,1790283994.378055,decode,1,0,176,0.0004,0,1,
1790283994.378055,1790283994.427493,decode,1,0,192,0.0004,0,1,
1790283994.427493,1790283994.475627,decode,1,0,192,0.0004,0,1,
1790283994.475627,1790283994.525044,decode,1,0,192,0.0004,0,1,
1790283994.525044,1790283994.574566,decode,1,0,192,0.0004,0,1,
1790283994.574566,1790283994.623948,decode,1,0,192,0.0004,0,1,
1790283994.623948,1790283994.673297,decode,1,0,192,0.0004,0,1,
1790283994.673297,1790283994.722744,decode,1,0,192,0.0004,0,1,
1790283994.722744,1790283994.772257,decode,1,0,192,0.0004,0,1,
1790283994.772257,1790283994.821750,decode,1,0,192,0.0004,0,1,
1790283994.821750,1790283994.871176,decode,1,0,192,0.0004,0,1,
1790283994.871176,1790283994.920661,decode,1,0,192,0.0004,0,1,
1790283994.920661,1790283994.970037,decode,1,0,192,0.0004,0,1,
1790283994.970037,1790283995.019462,decode,1,0,192,0.0004,0,1,
1790283995.019462,1790283995.068912,decode,1,0,192,0.0004,0,1,
1790283995.068912,1790283995.118387,decode,1,0,192,0.0004,0,1,
1790283995.118387,1790283995.167813,decode,1,0,192,0.0004,0,1,
1790283995.167813,1790283995.215923,decode,1,0,208,0.0005,0,1,
1790283995.215923,1790283995.265506,decode,1,0,208,0.0005,0,1,
1790283995.265506,1790283995.315048,decode,1,0,208,0.0005,0,1,
1790283995.315048,1790283995.364518,decode,1,0,208,0.0005,0,1,
1790283995.364518,1790283995.414000,decode,1,0,208,0.0005,0,1,
1790283995.414000,1790283995.463469,decode,1,0,208,0.0005,0,1,
1790283995.463469,1790283995.513027,decode,1,0,208,0.0005,0,1,
1790283995.513027,1790283995.562499,decode,1,0,208,0.0005,0,1,
1790283995.562499,1790283995.611939,decode,1,0,208,0.0005,0,1,
1790283995.611939,1790283995.661357,decode,1,0,208,0.0005,0,1,
1790283995.661357,1790283995.710889,decode,1,0,208,0.0005,0,1,
1790283995.710889,1790283995.760416,decode,1,0,208,0.0005,0,1,
1790283995.760416,1790283995.809936,decode,1,0,208,0.0005,0,1,
1790283995.809936,1790283995.859402,decode,1,0,208,0.0005,0,1,
1790283995.859402,1790283995.908894,decode,1,0,208,0.0005,0,1,
1790283995.908894,1790283995.958334,decode,1,0,208,0.0005,0,1,
1790283995.958334,1790283996.007713,decode,1,0,224,0.0005,0,1,
1790283996.007713,1790283996.055577,decode,1,0,224,0.0005,0,1,
1790283996.055577,1790283996.104131,decode,1,0,224,0.0005,0,1,
1790283996.104131,1790283996.153661,decode,1,0,224,0.0005,0,1,
1790283996.153661,1790283996.203177,decode,1,0,224,0.0005,0,1,
1790283996.203177,1790283996.252609,decode,1,0,224,0.0005,0,1,
1790283996.252609,1790283996.302091,decode,1,0,224,0.0005,0,1,
1790283996.302091,1790283996.351580,decode,1,0,224,0.0005,0,1,
1790283996.351580,1790283996.400901,decode,1,0,224,0.0005,0,1,
1790283996.400901,1790283996.450338,decode,1,0,224,0.0005,0,1,
1790283996.450338,1790283996.499665,decode,1,0,224,0.0005,0,1,
1790283996.499665,1790283996.549078,decode,1,0,224,0.0005,0,1,
1790283996.549078,1790283996.598550,decode,1,0,224,0.0005,0,1,
1790283996.598550,1790283996.647978,decode,1,0,224,0.0005,0,1,
1790283996.647978,1790283996.697407,decode,1,0,224,0.0005,0,1,
1790283996.697407,1790283996.746894,decode,1,0,224,0.0005,0,1,
1790283996.746894,1790283996.794879,decode,1,0,240,0.0006,0,1,
1790283996.794879,1790283996.844238,decode,1,0,240,0.0006,0,1,
1790283996.844238,1790283996.894024,decode,1,0,240,0.0006,0,1,
1790283996.894024,1790283996.943685,decode,1,0,240,0.0006,0,1,
1790283996.943685,1790283996.993079,decode,1,0,240,0.0006,0,1,
1790283996.993079,1790283997.042495,decode,1,0,240,0.0006,0,1,
1790283997.042495,1790283997.091856,decode,1,0,240,0.0006,0,1,
1790283997.091856,1790283997.141276,decode,1,0,240,0.0006,0,1,
1790283997.141276,1790283997.190735,decode,1,0,240,0.0006,0,1,
1790283997.190735,1790283997.240168,decode,1,0,240,0.0006,0,1,
1790283997.240168,1790283997.289598,decode,1,0,240,0.0006,0,1,
1790283997.289598,1790283997.338999,decode,1,0,240,0.0006,0,1,
1790283997.338999,1790283997.388449,decode,1,0,240,0.0006,0,1,
1790283997.388449,1790283997.437783,decode,1,0,240,0.0006,0,1,
1790283997.437783,1790283997.487159,decode,1,0,240,0.0006,0,1,
1790283997.487159,1790283997.535233,decode,1,0,240,0.0006,0,1,
1790283997.535233,1790283997.584675,decode,1,0,256,0.0006,0,1,
1790283997.584675,1790283997.634071,decode,1,0,256,0.0006,0,1,
1790283997.634071,1790283997.683487,decode,1,0,256,0.0006,0,1,
1790283997.683487,1790283997.732924,decode,1,0,256,0.0006,0,1,
1790283997.732924,1790283997.782291,decode,1,0,256,0.0006,0,1,
1790283997.782291,1790283997.831702,decode,1,0,256,0.0006,0,1,
1790283997.831702,1790283997.881099,decode,1,0,256,0.0006,0,1,
1790283997.881099,1790283997.930468,decode,1,0,256,0.0006,0,1,
1790283997.930468,1790283997.979920,decode,1,0,256,0.0006,0,1,
1790283997.979920,1790283998.029330,decode,1,0,256,0.0006,0,1,
1790283998.029330,1790283998.078665,decode,1,0,256,0.0006,0,1,
1790283998.078665,1790283998.128150,decode,1,0,256,0.0006,0,1,
1790283998.128150,1790283998.177598,decode,1,0,256,0.0006,0,1,
1790283998.177598,1790283998.226993,decode,1,0,256,0.0006,0,1,
1790283998.226993,1790283998.276430,decode,1,0,256,0.0006,0,1,
1790283998.276430,1790283998.325854,decode,1,0,256,0.0006,0,1,
1790283998.325854,1790283998.374117,decode,1,0,272,0.0006,0,1,
1790283998.374117,1790283998.423664,decode,1,0,272,0.0006,0,1,
1790283998.423664,1790283998.473144,decode,1,0,272,0.0006,0,1,
1790283998.473144,1790283998.522650,decode,1,0,272,0.0006,0,1,
1790283998.522650,1790283998.572208,decode,1,0,272,0.0006,0,1,
1790283998.572208,1790283998.621708,decode,1,0,272,0.0006,0,1,
1790283998.621708,1790283998.671148,decode,1,0,272,0.0006,0,1,
1790283998.671148,1790283998.720680,decode,1,0,272,0.0006,0,1,
1790283998.720680,1790283998.770185,decode,1,0,272,0.0006,0,1,
1790283998.770185,1790283998.819724,decode,1,0,272,0.0006,0,1,
1790283998.819724,1790283998.869212,decode,1,0,272,0.0006,0,1,
1790283998.869212,1790283998.918754,decode,1,0,272,0.0006,0,1,
1790283998.918754,1790283998.968286,decode,1,0,272,0.0006,0,1,
1790283998.968286,1790283999.017985,decode,1,0,272,0.0006,0,1,
1790283999.017985,1790283999.067806,decode,1,0,272,0.0006,0,1,
1790283999.067806,1790283999.117459,decode,1,0,272,0.0006,0,1,
1790283999.117459,1790283999.166971,decode,1,0,288,0.0007,0,1,
1790283999.166971,1790283999.216527,decode,1,0,288,0.0007,0,1,
1790283999.216527,1790283999.265990,decode,1,0,288,0.0007,0,1,
1790283999.265990,1790283999.314178,decode,1,0,288,0.0007,0,1,
1790283999.314178,1790283999.363779,decode,1,0,288,0.0007,0,1,
1790283999.363779,1790283999.413306,decode,1,0,288,0.0007,0,1,
1790283999.413306,1790283999.462748,decode,1,0,288,0.0007,0,1,
1790283999.462748,1790283999.512265,decode,1,0,288,0.0007,0,1,
1790283999.512265,1790283999.561975,decode,0,0,0,0.0000,0,1,
1790283999.561975,1790283999.562916,idle,0,0,0,0.0000,,,
1790283999.562916,1790283999.612374,mixed,1,0,48,0.0001,38,1,
1790283999.612374,1790283999.654182,decode,1,0,48,0.0001,0,1,
1790283999.654182,1790283999.702048,decode,1,0,48,0.0001,0,1,
1790283999.702048,1790283999.749993,decode,1,0,48,0.0001,0,1,
1790283999.749993,1790283999.798091,decode,1,0,48,0.0001,0,1,
1790283999.798091,1790283999.846075,decode,1,0,48,0.0001,0,1,
1790283999.846075,1790283999.893950,decode,1,0,48,0.0001,0,1,
1790283999.893950,1790283999.941860,decode,1,0,48,0.0001,0,1,
1790283999.941860,1790283999.989876,decode,1,0,48,0.0001,0,1,
1790283999.989876,1790284000.037926,decode,1,0,48,0.0001,0,1,
1790284000.037926,1790284000.085828,decode,1,0,48,0.0001,0,1,
1790284000.085828,1790284000.133860,decode,1,0,64,0.0001,0,1,
1790284000.133860,1790284000.181869,decode,1,0,64,0.0001,0,1,
1790284000.181869,1790284000.229833,decode,1,0,64,0.0001,0,1,
1790284000.229833,1790284000.277789,decode,1,0,64,0.0001,0,1,
1790284000.277789,1790284000.325846,decode,1,0,64,0.0001,0,1,
1790284000.325846,1790284000.373844,decode,1,0,64,0.0001,0,1,
1790284000.373844,1790284000.421796,decode,1,0,64,0.0001,0,1,
1790284000.421796,1790284000.469792,decode,1,0,64,0.0001,0,1,
1790284000.469792,1790284000.517800,decode,1,0,64,0.0001,0,1,
1790284000.517800,1790284000.565859,decode,1,0,64,0.0001,0,1,
1790284000.565859,1790284000.613847,decode,1,0,64,0.0001,0,1,
1790284000.613847,1790284000.661757,decode,1,0,64,0.0001,0,1,
1790284000.661757,1790284000.709689,decode,1,0,64,0.0001,0,1,
1790284000.709689,1790284000.757771,decode,1,0,64,0.0001,0,1,
1790284000.757771,1790284000.805820,decode,1,0,64,0.0001,0,1,
1790284000.805820,1790284000.853775,decode,1,0,64,0.0001,0,1,
1790284000.853775,1790284000.901779,decode,1,0,80,0.0002,0,1,
1790284000.901779,1790284000.949811,decode,1,0,80,0.0002,0,1,
1790284000.949811,1790284000.997887,decode,1,0,80,0.0002,0,1,
1790284000.997887,1790284001.045893,decode,1,0,80,0.0002,0,1,
1790284001.045893,1790284001.093965,decode,1,0,80,0.0002,0,1,
1790284001.093965,1790284001.142115,decode,1,0,80,0.0002,0,1,
1790284001.142115,1790284001.190503,decode,1,0,80,0.0002,0,1,
1790284001.190503,1790284001.238553,decode,1,0,80,0.0002,0,1,
1790284001.238553,1790284001.286557,decode,1,0,80,0.0002,0,1,
1790284001.286557,1790284001.334531,decode,1,0,80,0.0002,0,1,
1790284001.334531,1790284001.382572,decode,1,0,80,0.0002,0,1,
1790284001.382572,1790284001.430524,decode,1,0,80,0.0002,0,1,
1790284001.430524,1790284001.478483,decode,1,0,80,0.0002,0,1,
1790284001.478483,1790284001.526509,decode,1,0,80,0.0002,0,1,
1790284001.526509,1790284001.574672,decode,1,0,80,0.0002,0,1,
1790284001.574672,1790284001.622648,decode,1,0,80,0.0002,0,1,
1790284001.622648,1790284001.670593,decode,1,0,96,0.0002,0,1,
1790284001.670593,1790284001.718619,decode,1,0,96,0.0002,0,1,
1790284001.718619,1790284001.766683,decode,1,0,96,0.0002,0,1,
1790284001.766683,1790284001.814656,decode,1,0,96,0.0002,0,1,
1790284001.814656,1790284001.862530,decode,1,0,96,0.0002,0,1,
1790284001.862530,1790284001.910569,decode,1,0,96,0.0002,0,1,
1790284001.910569,1790284001.958621,decode,1,0,96,0.0002,0,1,
1790284001.958621,1790284002.006552,decode,1,0,96,0.0002,0,1,
1790284002.006552,1790284002.054481,decode,1,0,96,0.0002,0,1,
1790284002.054481,1790284002.102339,decode,1,0,96,0.0002,0,1,
1790284002.102339,1790284002.150390,decode,1,0,96,0.0002,0,1,
1790284002.150390,1790284002.198418,decode,1,0,96,0.0002,0,1,
1790284002.198418,1790284002.246375,decode,1,0,96,0.0002,0,1,
1790284002.246375,1790284002.294420,decode,1,0,96,0.0002,0,1,
1790284002.294420,1790284002.342483,decode,1,0,96,0.0002,0,1,
1790284002.342483,1790284002.390416,decode,1,0,96,0.0002,0,1,
1790284002.390416,1790284002.438458,decode,1,0,112,0.0003,0,1,
1790284002.438458,1790284002.486433,decode,1,0,112,0.0003,0,1,
1790284002.486433,1790284002.534454,decode,1,0,112,0.0003,0,1,
1790284002.534454,1790284002.582447,decode,1,0,112,0.0003,0,1,
1790284002.582447,1790284002.630458,decode,1,0,112,0.0003,0,1,
1790284002.630458,1790284002.678419,decode,1,0,112,0.0003,0,1,
1790284002.678419,1790284002.726438,decode,1,0,112,0.0003,0,1,
1790284002.726438,1790284002.774491,decode,1,0,112,0.0003,0,1,
1790284002.774491,1790284002.822507,decode,1,0,112,0.0003,0,1,
1790284002.822507,1790284002.870475,decode,1,0,112,0.0003,0,1,
1790284002.870475,1790284002.918475,decode,1,0,112,0.0003,0,1,
1790284002.918475,1790284002.966528,decode,1,0,112,0.0003,0,1,
1790284002.966528,1790284003.014580,decode,1,0,112,0.0003,0,1,
1790284003.014580,1790284003.062658,decode,1,0,112,0.0003,0,1,
1790284003.062658,1790284003.110740,decode,1,0,112,0.0003,0,1,
1790284003.110740,1790284003.158838,decode,1,0,112,0.0003,0,1,
1790284003.158838,1790284003.206903,decode,1,0,128,0.0003,0,1,
1790284003.206903,1790284003.254988,decode,1,0,128,0.0003,0,1,
1790284003.254988,1790284003.303025,decode,1,0,128,0.0003,0,1,
1790284003.303025,1790284003.351101,decode,1,0,128,0.0003,0,1,
1790284003.351101,1790284003.399104,decode,1,0,128,0.0003,0,1,
1790284003.399104,1790284003.447076,decode,1,0,128,0.0003,0,1,
1790284003.447076,1790284003.495082,decode,1,0,128,0.0003,0,1,
1790284003.495082,1790284003.543203,decode,1,0,128,0.0003,0,1,
1790284003.543203,1790284003.591248,decode,1,0,128,0.0003,0,1,
1790284003.591248,1790284003.639269,decode,1,0,128,0.0003,0,1,
1790284003.639269,1790284003.687266,decode,1,0,128,0.0003,0,1,
1790284003.687266,1790284003.735348,decode,1,0,128,0.0003,0,1,
1790284003.735348,1790284003.783453,decode,1,0,128,0.0003,0,1,
1790284003.783453,1790284003.831509,decode,1,0,128,0.0003,0,1,
1790284003.831509,1790284003.879725,decode,1,0,128,0.0003,0,1,
1790284003.879725,1790284003.928084,decode,1,0,128,0.0003,0,1,
1790284003.928084,1790284003.977539,decode,1,0,144,0.0003,0,1,
1790284003.977539,1790284004.026992,decode,1,0,144,0.0003,0,1,
1790284004.026992,1790284004.076421,decode,1,0,144,0.0003,0,1,
1790284004.076421,1790284004.125954,decode,1,0,144,0.0003,0,1,
1790284004.125954,1790284004.175452,decode,1,0,144,0.0003,0,1,
1790284004.175452,1790284004.224906,decode,1,0,144,0.0003,0,1,
1790284004.224906,1790284004.274436,decode,1,0,144,0.0003,0,1,
1790284004.274436,1790284004.323923,decode,1,0,144,0.0003,0,1,
1790284004.323923,1790284004.373365,decode,1,0,144,0.0003,0,1,
1790284004.373365,1790284004.422864,decode,1,0,144,0.0003,0,1,
1790284004.422864,1790284004.472305,decode,1,0,144,0.0003,0,1,
1790284004.472305,1790284004.521795,decode,1,0,144,0.0003,0,1,
1790284004.521795,1790284004.571386,decode,1,0,144,0.0003,0,1,
1790284004.571386,1790284004.620793,decode,1,0,144,0.0003,0,1,
1790284004.620793,1790284004.670301,decode,1,0,144,0.0003,0,1,
1790284004.670301,1790284004.719910,decode,1,0,144,0.0003,0,1,
1790284004.719910,1790284004.769487,decode,1,0,160,0.0004,0,1,
1790284004.769487,1790284004.818992,decode,1,0,160,0.0004,0,1,
1790284004.818992,1790284004.868421,decode,1,0,160,0.0004,0,1,
1790284004.868421,1790284004.917919,decode,1,0,160,0.0004,0,1,
1790284004.917919,1790284004.967370,decode,1,0,160,0.0004,0,1,
1790284004.967370,1790284005.016880,decode,1,0,160,0.0004,0,1,
1790284005.016880,1790284005.066413,decode,1,0,160,0.0004,0,1,
1790284005.066413,1790284005.115900,decode,1,0,160,0.0004,0,1,
1790284005.115900,1790284005.165441,decode,1,0,160,0.0004,0,1,
1790284005.165441,1790284005.214886,decode,1,0,160,0.0004,0,1,
1790284005.214886,1790284005.264281,decode,1,0,160,0.0004,0,1,
1790284005.264281,1790284005.312505,decode,1,0,160,0.0004,0,1,
1790284005.312505,1790284005.361982,decode,1,0,160,0.0004,0,1,
1790284005.361982,1790284005.411491,decode,1,0,160,0.0004,0,1,
1790284005.411491,1790284005.461030,decode,1,0,160,0.0004,0,1,
1790284005.461030,1790284005.510539,decode,1,0,160,0.0004,0,1,
1790284005.510539,1790284005.560017,decode,1,0,176,0.0004,0,1,
1790284005.560017,1790284005.609668,decode,1,0,176,0.0004,0,1,
1790284005.609668,1790284005.659150,decode,1,0,176,0.0004,0,1,
1790284005.659150,1790284005.708560,decode,1,0,176,0.0004,0,1,
1790284005.708560,1790284005.758083,decode,1,0,176,0.0004,0,1,
1790284005.758083,1790284005.807560,decode,1,0,176,0.0004,0,1,
1790284005.807560,1790284005.856974,decode,1,0,176,0.0004,0,1,
1790284005.856974,1790284005.906519,decode,1,0,176,0.0004,0,1,
1790284005.906519,1790284005.955981,decode,1,0,176,0.0004,0,1,
1790284005.955981,1790284006.005440,decode,1,0,176,0.0004,0,1,
1790284006.005440,1790284006.054912,decode,1,0,176,0.0004,0,1,
1790284006.054912,1790284006.104401,decode,1,0,176,0.0004,0,1,
1790284006.104401,1790284006.152531,decode,1,0,176,0.0004,0,1,
1790284006.152531,1790284006.202030,decode,1,0,176,0.0004,0,1,
1790284006.202030,1790284006.251558,decode,1,0,176,0.0004,0,1,
1790284006.251558,1790284006.301154,decode,1,0,176,0.0004,0,1,
1790284006.301154,1790284006.350747,decode,1,0,192,0.0004,0,1,
1790284006.350747,1790284006.400213,decode,1,0,192,0.0004,0,1,
1790284006.400213,1790284006.449702,decode,1,0,192,0.0004,0,1,
1790284006.449702,1790284006.499239,decode,1,0,192,0.0004,0,1,
1790284006.499239,1790284006.548595,decode,1,0,192,0.0004,0,1,
1790284006.548595,1790284006.598021,decode,1,0,192,0.0004,0,1,
1790284006.598021,1790284006.647457,decode,1,0,192,0.0004,0,1,
1790284006.647457,1790284006.697133,decode,1,0,192,0.0004,0,1,
1790284006.697133,1790284006.746571,decode,1,0,192,0.0004,0,1,
1790284006.746571,1790284006.795902,decode,1,0,192,0.0004,0,1,
1790284006.795902,1790284006.845407,decode,1,0,192,0.0004,0,1,
1790284006.845407,1790284006.894821,decode,1,0,192,0.0004,0,1,
1790284006.894821,1790284006.944262,decode,1,0,192,0.0004,0,1,
1790284006.944262,1790284006.993716,decode,1,0,192,0.0004,0,1,
1790284006.993716,1790284007.043168,decode,1,0,192,0.0004,0,1,
1790284007.043168,1790284007.091174,decode,1,0,192,0.0004,0,1,
1790284007.091174,1790284007.140643,decode,1,0,208,0.0005,0,1,
1790284007.140643,1790284007.190036,decode,1,0,208,0.0005,0,1,
1790284007.190036,1790284007.239613,decode,1,0,208,0.0005,0,1,
1790284007.239613,1790284007.289188,decode,1,0,208,0.0005,0,1,
1790284007.289188,1790284007.338638,decode,1,0,208,0.0005,0,1,
1790284007.338638,1790284007.388027,decode,1,0,208,0.0005,0,1,
1790284007.388027,1790284007.437406,decode,1,0,208,0.0005,0,1,
1790284007.437406,1790284007.486683,decode,1,0,208,0.0005,0,1,
1790284007.486683,1790284007.536060,decode,1,0,208,0.0005,0,1,
1790284007.536060,1790284007.585565,decode,1,0,208,0.0005,0,1,
1790284007.585565,1790284007.635018,decode,1,0,208,0.0005,0,1,
1790284007.635018,1790284007.684428,decode,1,0,208,0.0005,0,1,
1790284007.684428,1790284007.733913,decode,1,0,208,0.0005,0,1,
1790284007.733913,1790284007.783397,decode,1,0,208,0.0005,0,1,
1790284007.783397,1790284007.832870,decode,1,0,208,0.0005,0,1,
1790284007.832870,1790284007.882379,decode,1,0,208,0.0005,0,1,
1790284007.882379,1790284007.930565,decode,1,0,224,0.0005,0,1,
1790284007.930565,1790284007.980097,decode,1,0,224,0.0005,0,1,
1790284007.980097,1790284008.029650,decode,1,0,224,0.0005,0,1,
1790284008.029650,1790284008.079130,decode,1,0,224,0.0005,0,1,
1790284008.079130,1790284008.128570,decode,1,0,224,0.0005,0,1,
1790284008.128570,1790284008.178089,decode,1,0,224,0.0005,0,1,
1790284008.178089,1790284008.227507,decode,1,0,224,0.0005,0,1,
1790284008.227507,1790284008.276860,decode,1,0,224,0.0005,0,1,
1790284008.276860,1790284008.326372,decode,1,0,224,0.0005,0,1,
1790284008.326372,1790284008.375895,decode,1,0,224,0.0005,0,1,
1790284008.375895,1790284008.425301,decode,1,0,224,0.0005,0,1,
1790284008.425301,1790284008.474747,decode,1,0,224,0.0005,0,1,
1790284008.474747,1790284008.524289,decode,1,0,224,0.0005,0,1,
1790284008.524289,1790284008.573833,decode,1,0,224,0.0005,0,1,
1790284008.573833,1790284008.623316,decode,1,0,224,0.0005,0,1,
1790284008.623316,1790284008.672764,decode,1,0,224,0.0005,0,1,
1790284008.672764,1790284008.722242,decode,1,0,240,0.0006,0,1,
1790284008.722242,1790284008.770471,decode,1,0,240,0.0006,0,1,
1790284008.770471,1790284008.819877,decode,1,0,240,0.0006,0,1,
1790284008.819877,1790284008.869420,decode,1,0,240,0.0006,0,1,
1790284008.869420,1790284008.919034,decode,1,0,240,0.0006,0,1,
1790284008.919034,1790284008.968620,decode,1,0,240,0.0006,0,1,
1790284008.968620,1790284009.017978,decode,1,0,240,0.0006,0,1,
1790284009.017978,1790284009.067376,decode,1,0,240,0.0006,0,1,
1790284009.067376,1790284009.116907,decode,1,0,240,0.0006,0,1,
1790284009.116907,1790284009.166362,decode,1,0,240,0.0006,0,1,
1790284009.166362,1790284009.215729,decode,1,0,240,0.0006,0,1,
1790284009.215729,1790284009.265083,decode,1,0,240,0.0006,0,1,
1790284009.265083,1790284009.314642,decode,1,0,240,0.0006,0,1,
1790284009.314642,1790284009.364251,decode,1,0,240,0.0006,0,1,
1790284009.364251,1790284009.413739,decode,1,0,240,0.0006,0,1,
1790284009.413739,1790284009.463145,decode,1,0,240,0.0006,0,1,
1790284009.463145,1790284009.512575,decode,1,0,256,0.0006,0,1,
1790284009.512575,1790284009.562100,decode,1,0,256,0.0006,0,1,
1790284009.562100,1790284009.610190,decode,1,0,256,0.0006,0,1,
1790284009.610190,1790284009.659629,decode,1,0,256,0.0006,0,1,
1790284009.659629,1790284009.709308,decode,1,0,256,0.0006,0,1,
1790284009.709308,1790284009.758938,decode,1,0,256,0.0006,0,1,
1790284009.758938,1790284009.808470,decode,1,0,256,0.0006,0,1,
1790284009.808470,1790284009.857932,decode,1,0,256,0.0006,0,1,
1790284009.857932,1790284009.907407,decode,1,0,256,0.0006,0,1,
1790284009.907407,1790284009.956930,decode,1,0,256,0.0006,0,1,
1790284009.956930,1790284010.006469,decode,1,0,256,0.0006,0,1,
1790284010.006469,1790284010.056031,decode,1,0,256,0.0006,0,1,
1790284010.056031,1790284010.105568,decode,1,0,256,0.0006,0,1,
1790284010.105568,1790284010.155134,decode,1,0,256,0.0006,0,1,
1790284010.155134,1790284010.204531,decode,1,0,256,0.0006,0,1,
1790284010.204531,1790284010.253954,decode,1,0,256,0.0006,0,1,
1790284010.253954,1790284010.303635,decode,1,0,272,0.0006,0,1,
1790284010.303635,1790284010.353310,decode,1,0,272,0.0006,0,1,
1790284010.353310,1790284010.402903,decode,1,0,272,0.0006,0,1,
1790284010.402903,1790284010.452516,decode,1,0,272,0.0006,0,1,
1790284010.452516,1790284010.502115,decode,1,0,272,0.0006,0,1,
1790284010.502115,1790284010.551809,decode,1,0,272,0.0006,0,1,
1790284010.551809,1790284010.601387,decode,1,0,272,0.0006,0,1,
1790284010.601387,1790284010.650816,decode,1,0,272,0.0006,0,1,
1790284010.650816,1790284010.700413,decode,1,0,272,0.0006,0,1,
1790284010.700413,1790284010.750173,decode,1,0,272,0.0006,0,1,
1790284010.750173,1790284010.799660,decode,1,0,272,0.0006,0,1,
1790284010.799660,1790284010.849088,decode,1,0,272,0.0006,0,1,
1790284010.849088,1790284010.898612,decode,1,0,272,0.0006,0,1,
1790284010.898612,1790284010.948184,decode,1,0,272,0.0006,0,1,
1790284010.948184,1790284010.997725,decode,1,0,272,0.0006,0,1,
1790284010.997725,1790284011.047348,decode,1,0,272,0.0006,0,1,
1790284011.047348,1790284011.096905,decode,1,0,288,0.0007,0,1,
1790284011.096905,1790284011.146500,decode,1,0,288,0.0007,0,1,
1790284011.146500,1790284011.196036,decode,1,0,288,0.0007,0,1,
1790284011.196036,1790284011.245524,decode,1,0,288,0.0007,0,1,
1790284011.245524,1790284011.295022,decode,1,0,288,0.0007,0,1,
1790284011.295022,1790284011.344687,decode,1,0,288,0.0007,0,1,
1790284011.344687,1790284011.394186,decode,1,0,288,0.0007,0,1,
1790284011.394186,1790284011.443663,decode,1,0,288,0.0007,0,1,
1790284011.443663,1790284011.493220,decode,1,0,288,0.0007,0,1,
1790284011.493220,1790284011.542778,decode,1,0,288,0.0007,0,1,
1790284011.542778,1790284011.592303,decode,1,0,288,0.0007,0,1,
1790284011.592303,1790284011.641808,decode,1,0,288,0.0007,0,1,
1790284011.641808,1790284011.691334,decode,1,0,288,0.0007,0,1,
1790284011.691334,1790284011.740858,decode,1,0,288,0.0007,0,1,
1790284011.740858,1790284011.790480,decode,1,0,288,0.0007,0,1,
1790284011.790480,1790284011.839895,decode,1,0,288,0.0007,0,1,
1790284011.839895,1790284011.889430,decode,1,0,304,0.0007,0,1,
1790284011.889430,1790284011.939089,decode,1,0,304,0.0007,0,1,
1790284011.939089,1790284011.988621,decode,1,0,304,0.0007,0,1,
1790284011.988621,1790284012.038060,decode,1,0,304,0.0007,0,1,
1790284012.038060,1790284012.087942,decode,0,0,0,0.0000,0,1,
1790284012.087942,1790284012.088027,idle,0,0,0,0.0000,,,
