t_mid,dt_s,energy_bin_j,bytes_bin,flops_bin,flops_bin_v1,weight_bytes_bin,kv_bytes_bin,gemm_flops_bin,attn_flops_bin,prefill_tokens,decode_tokens,n_iters
1790282343.669932,0.2000,19.8760,6.171984e+09,9.881780e+10,9.874702e+10,6.171394e+09,5.898240e+05,9.874230e+10,4.718592e+06,15,1,1
1790282343.869932,0.2000,19.8750,1.249319e+10,1.018533e+13,1.017166e+13,1.234279e+10,1.504051e+08,1.017046e+13,1.203241e+09,1520,128,2
1790282344.069932,0.2000,19.9211,2.502590e+10,1.582600e+12,1.582600e+12,2.468558e+10,3.403284e+08,1.579877e+12,2.722628e+09,0,256,4
1790282344.269932,0.2000,19.9116,3.131762e+10,1.978531e+12,1.978531e+12,3.085697e+10,4.606525e+08,1.974846e+12,3.685220e+09,0,320,5
1790282344.469933,0.2000,19.9045,2.508135e+10,1.583043e+12,1.583043e+12,2.468558e+10,3.957719e+08,1.579877e+12,3.166175e+09,0,256,4
1790282344.669932,0.2000,19.8845,3.142910e+10,1.979423e+12,1.979423e+12,3.085697e+10,5.721293e+08,1.974846e+12,4.577034e+09,0,320,5
1790282344.869933,0.2000,19.9155,3.149575e+10,1.979956e+12,1.979956e+12,3.085697e+10,6.387794e+08,1.974846e+12,5.110235e+09,0,320,5
1790282345.069932,0.2000,19.8779,2.521760e+10,1.584133e+12,1.584133e+12,2.468558e+10,5.320212e+08,1.579877e+12,4.256170e+09,0,256,4
1790282345.269933,0.2000,19.8798,3.157715e+10,1.980627e+12,1.980607e+12,3.085697e+10,7.201751e+08,1.974846e+12,5.761401e+09,0,320,5
1790282345.469933,0.2000,19.8300,2.532200e+10,1.665472e+12,1.665196e+12,2.468558e+10,6.364201e+08,1.660105e+12,5.091361e+09,14,255,4
1790282345.669933,0.2000,19.8551,3.168921e+10,1.981504e+12,1.981504e+12,3.085697e+10,8.322417e+08,1.974846e+12,6.657933e+09,0,320,5
1790282345.869933,0.2000,19.8896,2.537862e+10,1.585421e+12,1.585421e+12,2.468558e+10,6.930432e+08,1.579877e+12,5.544346e+09,0,256,4
1790282346.069933,0.2000,19.8919,3.180069e+10,1.982396e+12,1.982396e+12,3.085697e+10,9.437184e+08,1.974846e+12,7.549747e+09,0,320,5
1790282346.269933,0.2000,19.8934,3.186675e+10,1.982924e+12,1.982924e+12,3.085697e+10,1.009779e+09,1.974846e+12,8.078230e+09,0,320,5
1790282346.469933,0.2000,19.8463,2.551487e+10,1.586511e+12,1.586511e+12,2.468558e+10,8.292925e+08,1.579877e+12,6.634340e+09,0,256,4
1790282346.669933,0.2000,19.9267,3.195050e+10,1.983594e+12,1.983594e+12,3.085697e+10,1.093534e+09,1.974846e+12,8.748270e+09,0,320,5
1790282346.869933,0.2000,19.9141,2.562458e+10,1.587389e+12,1.587389e+12,2.468558e+10,9.389998e+08,1.579877e+12,7.511998e+09,0,256,4
1790282347.069933,0.2000,19.9150,3.206670e+10,1.984524e+12,1.984524e+12,3.085697e+10,1.209729e+09,1.974846e+12,9.677832e+09,0,320,5
1790282347.269933,0.2000,19.9025,2.567707e+10,1.587840e+12,1.587809e+12,2.468558e+10,9.914941e+08,1.579877e+12,7.931953e+09,0,256,4
1790282347.469933,0.2000,19.8752,3.216284e+10,2.078377e+12,2.077864e+12,3.085697e+10,1.305870e+09,2.067417e+12,1.044696e+10,16,319,5
1790282347.669933,0.2000,19.8770,2.578088e+10,1.588639e+12,1.588639e+12,2.468558e+10,1.095303e+09,1.579877e+12,8.762425e+09,0,256,4
1790282347.869933,0.2000,19.8690,3.223657e+10,2.085245e+12,2.084625e+12,3.085697e+10,1.379598e+09,2.073588e+12,1.103679e+10,17,319,5
1790282348.069933,0.2000,19.8203,2.581981e+10,1.582815e+12,1.582779e+12,2.468558e+10,1.134232e+09,1.573705e+12,9.073852e+09,0,255,4
1790282348.269933,0.2000,19.7993,2.587702e+10,1.682530e+12,1.681979e+12,2.468558e+10,1.191444e+09,1.672448e+12,9.531556e+09,15,256,4
1790282348.469934,0.2000,19.7716,3.238874e+10,1.987100e+12,1.987100e+12,3.085697e+10,1.531773e+09,1.974846e+12,1.225418e+10,0,320,5
1790282348.669933,0.2000,19.8362,2.593600e+10,1.589880e+12,1.589880e+12,2.468558e+10,1.250427e+09,1.579877e+12,1.000342e+10,0,256,4
1790282348.869934,0.2000,19.8347,3.248606e+10,1.987879e+12,1.987879e+12,3.085697e+10,1.629094e+09,1.974846e+12,1.303275e+10,0,320,5
1790282349.069933,0.2000,19.8935,2.604748e+10,1.590772e+12,1.590772e+12,2.468558e+10,1.361904e+09,1.579877e+12,1.089523e+10,0,256,4
1790282349.269934,0.2000,19.8520,3.258928e+10,1.988705e+12,1.988705e+12,3.085697e+10,1.732313e+09,1.974846e+12,1.385850e+10,0,320,5
1790282349.469934,0.2000,19.8914,2.609290e+10,1.585008e+12,1.584964e+12,2.468558e+10,1.407320e+09,1.573705e+12,1.125856e+10,0,255,4
1790282349.669934,0.2000,19.8782,2.614657e+10,1.709673e+12,1.708821e+12,2.468558e+10,1.460994e+09,1.697133e+12,1.168795e+10,19,256,4
1790282349.869934,0.2000,19.8429,3.273674e+10,1.989884e+12,1.989884e+12,3.085697e+10,1.879769e+09,1.974846e+12,1.503815e+10,0,320,5
1790282350.069934,0.2000,19.8565,2.619081e+10,1.703949e+12,1.703004e+12,2.468558e+10,1.505231e+09,1.690962e+12,1.204185e+10,19,255,4
1790282350.269934,0.2000,19.8481,2.622974e+10,1.592230e+12,1.592230e+12,2.468558e+10,1.544159e+09,1.579877e+12,1.235327e+10,0,256,4
1790282350.469934,0.2000,19.8772,3.286886e+10,1.990941e+12,1.990941e+12,3.085697e+10,2.011890e+09,1.974846e+12,1.609512e+10,0,320,5
1790282350.669934,0.2000,19.8734,2.632706e+10,1.593009e+12,1.593009e+12,2.468558e+10,1.641480e+09,1.579877e+12,1.313184e+10,0,256,4
1790282350.869934,0.2000,19.8866,3.294377e+10,1.991540e+12,1.991540e+12,3.085697e+10,2.086797e+09,1.974846e+12,1.669438e+10,0,320,5
1790282351.069934,0.2000,19.8866,2.641376e+10,1.593702e+12,1.593702e+12,2.468558e+10,1.728184e+09,1.579877e+12,1.382547e+10,0,256,4
1790282351.269934,0.2000,19.8724,3.307884e+10,1.992621e+12,1.992621e+12,3.085697e+10,2.221867e+09,1.974846e+12,1.777494e+10,0,320,5
1790282351.469934,0.2000,19.8921,2.648867e+10,1.594302e+12,1.594302e+12,2.468558e+10,1.803092e+09,1.579877e+12,1.442474e+10,0,256,4
1790282351.669934,0.2000,19.9027,2.651993e+10,1.594552e+12,1.594552e+12,2.468558e+10,1.834353e+09,1.579877e+12,1.467482e+10,0,256,4
1790282351.869934,0.2000,19.8987,3.321568e+10,1.987604e+12,1.987544e+12,3.085697e+10,2.358706e+09,1.968675e+12,1.886965e+10,0,319,5
1790282352.069934,0.2000,19.8806,1.994686e+10,1.358372e+12,1.356825e+12,1.851418e+10,1.432682e+09,1.345364e+12,1.146146e+10,26,192,3
1790282352.269934,0.2000,19.8856,3.327230e+10,1.994169e+12,1.994169e+12,3.085697e+10,2.415329e+09,1.974846e+12,1.932263e+10,0,320,5
1790282352.469934,0.2000,19.9100,2.665913e+10,1.595665e+12,1.595665e+12,2.468558e+10,1.973551e+09,1.579877e+12,1.578841e+10,0,256,4
1790282352.669934,0.2000,19.8945,3.340324e+10,1.995216e+12,1.995216e+12,3.085697e+10,2.546270e+09,1.974846e+12,2.037016e+10,0,320,5
1790282352.869935,0.2000,19.9027,2.675409e+10,1.596425e+12,1.596425e+12,2.468558e+10,2.068513e+09,1.579877e+12,1.654810e+10,0,256,4
1790282353.069934,0.2000,19.8660,2.677945e+10,1.596628e+12,1.596628e+12,2.468558e+10,2.093875e+09,1.579877e+12,1.675100e+10,0,256,4
1790282353.269935,0.2000,19.8960,2.682664e+10,1.597005e+12,1.597005e+12,2.468558e+10,2.141061e+09,1.579877e+12,1.712849e+10,0,256,4
1790282353.469934,0.2000,19.8723,3.360319e+10,1.996816e+12,1.996816e+12,3.085697e+10,2.746221e+09,1.974846e+12,2.196976e+10,0,320,5
1790282353.669935,0.2000,19.8595,2.690921e+10,1.597666e+12,1.597666e+12,2.468558e+10,2.223636e+09,1.579877e+12,1.778909e+10,0,256,4
1790282353.869935,0.2000,19.8756,2.690331e+10,1.585417e+12,1.585276e+12,2.468558e+10,2.217738e+09,1.567534e+12,1.774191e+10,0,254,4
1790282354.069935,0.2000,19.8755,2.692278e+10,1.884918e+12,1.881659e+12,2.468558e+10,2.237202e+09,1.863761e+12,1.789762e+10,46,256,4
1790282354.269935,0.2000,19.9045,2.018515e+10,1.416952e+12,1.414274e+12,1.851418e+10,1.670971e+09,1.400906e+12,1.336777e+10,37,190,3
1790282354.469935,0.2000,19.8880,2.694283e+10,1.597935e+12,1.597935e+12,2.468558e+10,2.257256e+09,1.579877e+12,1.805805e+10,0,256,4
1790282354.669935,0.2000,19.9132,2.693634e+10,1.679168e+12,1.678111e+12,2.468558e+10,2.250768e+09,1.660105e+12,1.800615e+10,14,255,4
1790282354.869935,0.2000,19.8938,2.697055e+10,1.598157e+12,1.598157e+12,2.468558e+10,2.284978e+09,1.579877e+12,1.827983e+10,0,256,4
1790282355.069935,0.2000,19.9018,2.702187e+10,1.598567e+12,1.598567e+12,2.468558e+10,2.336293e+09,1.579877e+12,1.869034e+10,0,256,4
1790282355.269935,0.2000,19.8932,2.705136e+10,1.598803e+12,1.598803e+12,2.468558e+10,2.365784e+09,1.579877e+12,1.892627e+10,0,256,4
1790282355.469935,0.2000,19.9181,3.385210e+10,1.998807e+12,1.998807e+12,3.085697e+10,2.995126e+09,1.974846e+12,2.396101e+10,0,320,5
1790282355.669935,0.2000,19.8708,1.244011e+10,4.654974e+11,4.636331e+11,1.234279e+10,9.732096e+07,4.628546e+11,7.785677e+08,0,75,2
1790282355.869935,0.2000,19.8302,6.278152e+09,7.928835e+12,7.912581e+12,6.171394e+09,1.067581e+08,7.911727e+12,8.540652e+08,1218,64,1
1790282356.069935,0.2000,19.8707,3.145623e+10,1.979640e+12,1.979640e+12,3.085697e+10,5.992612e+08,1.974846e+12,4.794089e+09,0,320,5
1790282356.269935,0.2000,19.8982,2.520226e+10,1.584010e+12,1.584010e+12,2.468558e+10,5.166858e+08,1.579877e+12,4.133487e+09,0,256,4
1790282356.469935,0.2000,19.9119,3.152819e+10,1.980216e+12,1.980216e+12,3.085697e+10,6.712197e+08,1.974846e+12,5.369758e+09,0,320,5
1790282356.669935,0.2000,19.8772,2.527245e+10,1.584572e+12,1.584572e+12,2.468558e+10,5.868749e+08,1.579877e+12,4.694999e+09,0,256,4
1790282356.869936,0.2000,19.9210,3.166975e+10,1.981369e+12,1.981348e+12,3.085697e+10,8.127775e+08,1.974846e+12,6.502220e+09,0,320,5
1790282357.069935,0.2000,19.8818,2.536151e+10,1.901130e+12,1.900025e+12,2.468558e+10,6.759383e+08,1.894618e+12,5.407506e+09,52,255,4
1790282357.269936,0.2000,19.7986,3.172696e+10,2.093324e+12,2.092891e+12,3.085697e+10,8.699904e+08,2.085931e+12,6.959923e+09,19,319,5
1790282357.469935,0.2000,19.7586,2.541460e+10,1.691062e+12,1.690623e+12,2.468558e+10,7.290225e+08,1.684791e+12,5.832180e+09,18,255,4
1790282357.669936,0.2000,19.7508,3.182487e+10,1.982589e+12,1.982589e+12,3.085697e+10,9.679012e+08,1.974846e+12,7.743209e+09,0,320,5
1790282357.869936,0.2000,19.7895,2.547948e+10,1.586228e+12,1.586228e+12,2.468558e+10,7.939031e+08,1.579877e+12,6.351225e+09,0,256,4
1790282358.069936,0.2000,19.8089,3.190450e+10,1.983226e+12,1.983226e+12,3.085697e+10,1.047527e+09,1.974846e+12,8.380219e+09,0,320,5
1790282358.269936,0.2000,19.8706,2.559449e+10,1.587148e+12,1.587148e+12,2.468558e+10,9.089188e+08,1.579877e+12,7.271350e+09,0,256,4
1790282358.469936,0.2000,19.8902,2.561750e+10,1.587332e+12,1.587332e+12,2.468558e+10,9.319219e+08,1.579877e+12,7.455375e+09,0,256,4
1790282358.669936,0.2000,19.8570,3.204841e+10,1.984378e+12,1.984378e+12,3.085697e+10,1.191444e+09,1.974846e+12,9.531556e+09,0,320,5
1790282358.869936,0.2000,19.8930,2.570125e+10,1.588002e+12,1.588002e+12,2.468558e+10,1.015677e+09,1.579877e+12,8.125415e+09,0,256,4
1790282359.069936,0.2000,19.8745,3.219410e+10,1.985543e+12,1.985543e+12,3.085697e+10,1.337131e+09,1.974846e+12,1.069705e+10,0,320,5
1790282359.269936,0.2000,19.8656,2.577852e+10,1.588620e+12,1.588620e+12,2.468558e+10,1.092944e+09,1.579877e+12,8.743551e+09,0,256,4
1790282359.469936,0.2000,19.8610,3.222477e+10,2.122385e+12,2.121559e+12,3.085697e+10,1.367802e+09,2.110617e+12,1.094241e+10,23,319,5
1790282359.669936,0.2000,19.8573,2.584281e+10,1.589172e+12,1.589135e+12,2.468558e+10,1.157235e+09,1.579877e+12,9.257878e+09,0,256,4
1790282359.869936,0.2000,19.8193,2.584517e+10,1.825172e+12,1.823667e+12,2.468558e+10,1.159594e+09,1.814390e+12,9.276752e+09,40,254,4
1790282360.069936,0.2000,19.7682,2.584989e+10,1.700928e+12,1.700276e+12,2.468558e+10,1.164313e+09,1.690962e+12,9.314501e+09,18,256,4
1790282360.269936,0.2000,19.7448,3.232681e+10,2.104641e+12,2.103861e+12,3.085697e+10,1.469841e+09,2.092103e+12,1.175873e+10,20,319,5
1790282360.469936,0.2000,19.7079,2.592480e+10,1.589791e+12,1.589791e+12,2.468558e+10,1.239220e+09,1.579877e+12,9.913762e+09,0,256,4
1790282360.669936,0.2000,19.7461,3.243888e+10,1.987501e+12,1.987501e+12,3.085697e+10,1.581908e+09,1.974846e+12,1.265526e+10,0,320,5
1790282360.869936,0.2000,19.7943,2.597434e+10,1.590187e+12,1.590187e+12,2.468558e+10,1.288765e+09,1.579877e+12,1.031012e+10,0,256,4
1790282361.069936,0.2000,19.8648,2.603273e+10,1.590654e+12,1.590654e+12,2.468558e+10,1.347158e+09,1.579877e+12,1.077726e+10,0,256,4
1790282361.269937,0.2000,19.8639,3.260698e+10,1.988846e+12,1.988846e+12,3.085697e+10,1.750008e+09,1.974846e+12,1.400006e+10,0,320,5
1790282361.469936,0.2000,19.8617,2.611059e+10,1.591277e+12,1.591277e+12,2.468558e+10,1.425015e+09,1.579877e+12,1.140012e+10,0,256,4
1790282361.669937,0.2000,19.9026,3.268012e+10,1.989431e+12,1.989431e+12,3.085697e+10,1.823146e+09,1.974846e+12,1.458517e+10,0,320,5
1790282361.869936,0.2000,19.8783,2.621499e+10,1.592112e+12,1.592112e+12,2.468558e+10,1.529414e+09,1.579877e+12,1.223531e+10,0,256,4
1790282362.069937,0.2000,19.8831,2.623445e+10,1.592316e+12,1.592268e+12,2.468558e+10,1.548878e+09,1.579877e+12,1.239102e+10,0,256,4
1790282362.269937,0.2000,19.8602,2.622620e+10,1.704202e+12,1.703287e+12,2.468558e+10,1.540620e+09,1.690962e+12,1.232496e+10,19,255,4
1790282362.469937,0.2000,19.8465,2.624566e+10,1.747978e+12,1.746642e+12,2.468558e+10,1.560084e+09,1.734162e+12,1.248068e+10,26,255,4
1790282362.669937,0.2000,19.8128,3.288950e+10,1.991106e+12,1.991106e+12,3.085697e+10,2.032534e+09,1.974846e+12,1.626027e+10,0,320,5
1790282362.869937,0.2000,19.8412,2.634357e+10,1.593141e+12,1.593141e+12,2.468558e+10,1.657995e+09,1.579877e+12,1.326396e+10,0,256,4
1790282363.069937,0.2000,19.8359,3.296028e+10,1.991673e+12,1.991673e+12,3.085697e+10,2.103312e+09,1.974846e+12,1.682650e+10,0,320,5
1790282363.269937,0.2000,19.8280,2.642674e+10,1.593806e+12,1.593806e+12,2.468558e+10,1.741160e+09,1.579877e+12,1.392928e+10,0,256,4
1790282363.469937,0.2000,19.8924,2.647687e+10,1.594207e+12,1.594207e+12,2.468558e+10,1.791295e+09,1.579877e+12,1.433036e+10,0,256,4
1790282363.669937,0.2000,19.8947,3.312956e+10,1.993027e+12,1.993027e+12,3.085697e+10,2.272592e+09,1.974846e+12,1.818073e+10,0,320,5
1790282363.869937,0.2000,19.9073,2.653173e+10,1.594646e+12,1.594646e+12,2.468558e+10,1.846149e+09,1.579877e+12,1.476919e+10,0,256,4
1790282364.069937,0.2000,19.8931,2.655768e+10,1.582630e+12,1.582511e+12,2.468558e+10,1.872101e+09,1.567534e+12,1.497681e+10,0,254,4
1790282364.269937,0.2000,19.8893,2.656770e+10,1.931358e+12,1.928189e+12,2.468558e+10,1.882128e+09,1.913132e+12,1.505703e+10,54,256,4
1790282364.469937,0.2000,19.8429,2.659071e+10,1.595118e+12,1.595118e+12,2.468558e+10,1.905132e+09,1.579877e+12,1.524105e+10,0,256,4
1790282364.669937,0.2000,19.8574,3.327761e+10,1.994211e+12,1.994211e+12,3.085697e+10,2.420638e+09,1.974846e+12,1.936510e+10,0,320,5
1790282364.869937,0.2000,19.8721,2.669275e+10,1.595934e+12,1.595934e+12,2.468558e+10,2.007171e+09,1.579877e+12,1.605737e+10,0,256,4
1790282365.069937,0.2000,19.8742,2.672460e+10,1.596189e+12,1.596189e+12,2.468558e+10,2.039022e+09,1.579877e+12,1.631217e+10,0,256,4
1790282365.269938,0.2000,19.8537,3.343450e+10,1.995466e+12,1.995466e+12,3.085697e+10,2.577531e+09,1.974846e+12,2.062025e+10,0,320,5
1790282365.469937,0.2000,19.8684,2.679302e+10,1.596736e+12,1.596736e+12,2.468558e+10,2.107441e+09,1.579877e+12,1.685953e+10,0,256,4
1790282365.669938,0.2000,19.9075,2.685672e+10,1.597246e+12,1.597246e+12,2.468558e+10,2.171142e+09,1.579877e+12,1.736914e+10,0,256,4
1790282365.869937,0.2000,19.9038,2.688149e+10,1.597444e+12,1.597444e+12,2.468558e+10,2.195915e+09,1.579877e+12,1.756732e+10,0,256,4
1790282366.069938,0.2000,19.8928,2.685790e+10,1.585050e+12,1.584913e+12,2.468558e+10,2.172322e+09,1.567534e+12,1.737857e+10,0,254,4
1790282366.269938,0.2000,19.8679,2.685908e+10,1.896795e+12,1.893492e+12,2.468558e+10,2.173501e+09,1.876104e+12,1.738801e+10,48,256,4
1790282366.469938,0.2000,19.8853,2.013915e+10,1.609947e+12,1.605219e+12,1.851418e+10,1.624965e+09,1.592220e+12,1.299972e+10,68,190,3
1790282366.669938,0.2000,19.8730,3.360437e+10,1.996825e+12,1.996825e+12,3.085697e+10,2.747400e+09,1.974846e+12,2.197920e+10,0,320,5
1790282366.869938,0.2000,19.8884,2.011378e+10,1.615949e+12,1.611188e+12,1.851418e+10,1.599603e+09,1.598391e+12,1.279682e+10,69,190,3
1790282367.069938,0.2000,19.8494,2.685967e+10,1.597270e+12,1.597270e+12,2.468558e+10,2.174091e+09,1.579877e+12,1.739273e+10,0,256,4
1790282367.269938,0.2000,19.8805,3.366394e+10,1.997302e+12,1.997302e+12,3.085697e+10,2.806972e+09,1.974846e+12,2.245578e+10,0,320,5
1790282367.469938,0.2000,19.8887,2.696407e+10,1.598105e+12,1.598105e+12,2.468558e+10,2.278490e+09,1.579877e+12,1.822792e+10,0,256,4
1790282367.669938,0.2000,19.9160,2.698058e+10,1.598237e+12,1.598237e+12,2.468558e+10,2.295005e+09,1.579877e+12,1.836004e+10,0,256,4
1790282367.869938,0.2000,19.8738,1.252445e+10,5.033322e+11,5.013362e+11,1.234279e+10,1.816658e+08,4.998829e+11,1.453326e+09,0,81,2
1790282368.069938,0.2000,19.8376,6.322979e+09,7.867925e+12,7.845055e+12,6.171394e+09,1.515848e+08,7.843842e+12,1.212678e+09,1207,64,1
1790282368.269938,0.2000,19.8765,3.165382e+10,1.981221e+12,1.981221e+12,3.085697e+10,7.968522e+08,1.974846e+12,6.374818e+09,0,320,5
1790282368.469938,0.2000,19.8822,2.535739e+10,1.585251e+12,1.585251e+12,2.468558e+10,6.718095e+08,1.579877e+12,5.374476e+09,0,256,4
1790282368.669938,0.2000,19.8930,3.173345e+10,1.981858e+12,1.981858e+12,3.085697e+10,8.764785e+08,1.974846e+12,7.011828e+09,0,320,5
1790282368.869938,0.2000,19.8600,2.544291e+10,1.771850e+12,1.771077e+12,2.468558e+10,7.573340e+08,1.765019e+12,6.058672e+09,31,255,4
1790282369.069938,0.2000,19.8865,2.548007e+10,1.586258e+12,1.586233e+12,2.468558e+10,7.944929e+08,1.579877e+12,6.355943e+09,0,256,4
1790282369.269938,0.2000,19.8055,3.181956e+10,2.199464e+12,2.198546e+12,3.085697e+10,9.625928e+08,2.190845e+12,7.700742e+09,37,318,5
1790282369.469938,0.2000,19.7308,2.545176e+10,1.685183e+12,1.684749e+12,2.468558e+10,7.661814e+08,1.678619e+12,6.129451e+09,17,255,4
1790282369.669939,0.2000,19.7113,2.548715e+10,1.809418e+12,1.808460e+12,2.468558e+10,8.015708e+08,1.802047e+12,6.412567e+09,37,255,4
1790282369.869938,0.2000,19.6281,3.189565e+10,1.983156e+12,1.983156e+12,3.085697e+10,1.038680e+09,1.974846e+12,8.309441e+09,0,320,5
1790282370.069939,0.2000,19.7094,2.554318e+10,1.586738e+12,1.586738e+12,2.468558e+10,8.576041e+08,1.579877e+12,6.860833e+09,0,256,4
1790282370.269938,0.2000,19.7646,3.199415e+10,1.983944e+12,1.983944e+12,3.085697e+10,1.137181e+09,1.974846e+12,9.097445e+09,0,320,5
1790282370.469939,0.2000,19.8648,2.564817e+10,1.587578e+12,1.587578e+12,2.468558e+10,9.625928e+08,1.579877e+12,7.700742e+09,0,256,4
1790282370.669939,0.2000,19.8557,3.210150e+10,1.984802e+12,1.984802e+12,3.085697e+10,1.244529e+09,1.974846e+12,9.956229e+09,0,320,5
1790282370.869939,0.2000,19.8924,2.570892e+10,1.588064e+12,1.588064e+12,2.468558e+10,1.023345e+09,1.579877e+12,8.186757e+09,0,256,4
1790282371.069939,0.2000,19.9140,3.221946e+10,1.985746e+12,1.985746e+12,3.085697e+10,1.362493e+09,1.974846e+12,1.089995e+10,0,320,5
1790282371.269939,0.2000,19.8917,2.581450e+10,1.588908e+12,1.588908e+12,2.468558e+10,1.128923e+09,1.579877e+12,9.031385e+09,0,256,4
1790282371.469939,0.2000,19.8987,2.584045e+10,1.589116e+12,1.589116e+12,2.468558e+10,1.154875e+09,1.579877e+12,9.239003e+09,0,256,4
1790282371.669939,0.2000,19.8830,3.232032e+10,2.141846e+12,2.140838e+12,3.085697e+10,1.463353e+09,2.129131e+12,1.170683e+10,26,319,5
1790282371.869939,0.2000,19.8435,2.590592e+10,1.589640e+12,1.589640e+12,2.468558e+10,1.220346e+09,1.579877e+12,9.762767e+09,0,256,4
1790282372.069939,0.2000,19.8498,2.588469e+10,1.782074e+12,1.780783e+12,2.468558e+10,1.199112e+09,1.771190e+12,9.592898e+09,32,255,4
1790282372.269939,0.2000,19.7886,3.235748e+10,2.166942e+12,2.165821e+12,3.085697e+10,1.500512e+09,2.153817e+12,1.200410e+10,30,319,5
1790282372.469939,0.2000,19.7421,2.591359e+10,1.726409e+12,1.725472e+12,2.468558e+10,1.228014e+09,1.715648e+12,9.824109e+09,23,255,4
1790282372.669939,0.2000,19.6789,2.593836e+10,1.583767e+12,1.583728e+12,2.468558e+10,1.252786e+09,1.573705e+12,1.002229e+10,0,255,4
1790282372.869939,0.2000,19.7252,2.596255e+10,1.708101e+12,1.707349e+12,2.468558e+10,1.276969e+09,1.697133e+12,1.021575e+10,19,256,4
1790282373.069939,0.2000,19.7073,3.248842e+10,1.987898e+12,1.987898e+12,3.085697e+10,1.631453e+09,1.974846e+12,1.305163e+10,0,320,5
1790282373.269939,0.2000,19.7342,2.605161e+10,1.590805e+12,1.590805e+12,2.468558e+10,1.366032e+09,1.579877e+12,1.092826e+10,0,256,4
1790282373.469939,0.2000,19.8338,2.608936e+10,1.591107e+12,1.591107e+12,2.468558e+10,1.403781e+09,1.579877e+12,1.123025e+10,0,256,4
1790282373.669940,0.2000,19.8532,3.265239e+10,1.989209e+12,1.989209e+12,3.085697e+10,1.795424e+09,1.974846e+12,1.436339e+10,0,320,5
1790282373.869939,0.2000,19.8680,2.614008e+10,1.908692e+12,1.906254e+12,2.468558e+10,1.454506e+09,1.894618e+12,1.163605e+10,52,255,4
1790282374.069940,0.2000,19.8179,2.619965e+10,1.591990e+12,1.591990e+12,2.468558e+10,1.514078e+09,1.579877e+12,1.211263e+10,0,256,4
1790282374.269939,0.2000,19.8461,3.279631e+10,1.990361e+12,1.990361e+12,3.085697e+10,1.939341e+09,1.974846e+12,1.551473e+10,0,320,5
1790282374.469940,0.2000,19.8404,2.621263e+10,1.704240e+12,1.703178e+12,2.468558e+10,1.527054e+09,1.690962e+12,1.221643e+10,20,254,4
1790282374.669940,0.2000,19.7725,2.622797e+10,1.691826e+12,1.690958e+12,2.468558e+10,1.542390e+09,1.678619e+12,1.233912e+10,17,255,4
1790282374.869940,0.2000,19.7266,2.626277e+10,1.772887e+12,1.771465e+12,2.468558e+10,1.577189e+09,1.758847e+12,1.261752e+10,29,256,4
1790282375.069940,0.2000,19.7518,2.629698e+10,1.592768e+12,1.592768e+12,2.468558e+10,1.611399e+09,1.579877e+12,1.289119e+10,0,256,4
1790282375.269940,0.2000,19.8040,2.631880e+10,1.592943e+12,1.592943e+12,2.468558e+10,1.633223e+09,1.579877e+12,1.306578e+10,0,256,4
1790282375.469940,0.2000,19.7908,3.296382e+10,1.991701e+12,1.991701e+12,3.085697e+10,2.106851e+09,1.974846e+12,1.685481e+10,0,320,5
1790282375.669940,0.2000,19.8031,2.642143e+10,1.593764e+12,1.593764e+12,2.468558e+10,1.735852e+09,1.579877e+12,1.388682e+10,0,256,4
1790282375.869940,0.2000,19.8772,2.643205e+10,1.699801e+12,1.698762e+12,2.468558e+10,1.746469e+09,1.684791e+12,1.397175e+10,18,255,4
1790282376.069940,0.2000,19.8754,2.645210e+10,1.594009e+12,1.594009e+12,2.468558e+10,1.766523e+09,1.579877e+12,1.413218e+10,0,256,4
1790282376.269940,0.2000,19.8698,3.313723e+10,1.993088e+12,1.993088e+12,3.085697e+10,2.280260e+09,1.974846e+12,1.824208e+10,0,320,5
1790282376.469940,0.2000,19.8698,1.987137e+10,1.308051e+12,1.306850e+12,1.851418e+10,1.357185e+09,1.295993e+12,1.085748e+10,19,191,3
1790282376.669940,0.2000,19.8029,2.650990e+10,1.874802e+12,1.872184e+12,2.468558e+10,1.824326e+09,1.857590e+12,1.459461e+10,46,255,4
1790282376.869940,0.2000,19.7722,3.318088e+10,1.993437e+12,1.993437e+12,3.085697e+10,2.323907e+09,1.974846e+12,1.859125e+10,0,320,5
1790282377.069940,0.2000,19.8141,2.660132e+10,1.595203e+12,1.595203e+12,2.468558e+10,1.915748e+09,1.579877e+12,1.532599e+10,0,256,4
1790282377.269940,0.2000,19.8417,2.663082e+10,1.595500e+12,1.595439e+12,2.468558e+10,1.945240e+09,1.579877e+12,1.556192e+10,0,256,4
1790282377.469940,0.2000,19.8260,2.664084e+10,1.788788e+12,1.786832e+12,2.468558e+10,1.955267e+09,1.771190e+12,1.564213e+10,32,255,4
1790282377.669940,0.2000,19.8351,2.667387e+10,1.595783e+12,1.595783e+12,2.468558e+10,1.988297e+09,1.579877e+12,1.590637e+10,0,256,4
1790282377.869940,0.2000,19.9135,3.341091e+10,1.995278e+12,1.995278e+12,3.085697e+10,2.553938e+09,1.974846e+12,2.043150e+10,0,320,5
1790282378.069941,0.2000,19.9039,2.677001e+10,1.596552e+12,1.596552e+12,2.468558e+10,2.084438e+09,1.579877e+12,1.667550e+10,0,256,4
1790282378.269940,0.2000,19.9073,2.680010e+10,1.596793e+12,1.596793e+12,2.468558e+10,2.114519e+09,1.579877e+12,1.691615e+10,0,256,4
1790282378.469941,0.2000,19.8840,2.677296e+10,1.771461e+12,1.769375e+12,2.468558e+10,2.087387e+09,1.752676e+12,1.669910e+10,30,254,4
1790282378.669940,0.2000,19.8840,2.677591e+10,1.590560e+12,1.590428e+12,2.468558e+10,2.090336e+09,1.573705e+12,1.672269e+10,0,255,4
1790282378.869941,0.2000,19.8784,2.006837e+10,1.415683e+12,1.413340e+12,1.851418e+10,1.554186e+09,1.400906e+12,1.243349e+10,36,191,3
1790282379.069941,0.2000,19.8845,2.676707e+10,1.590490e+12,1.590357e+12,2.468558e+10,2.081489e+09,1.573705e+12,1.665191e+10,0,255,4
1790282379.269941,0.2000,19.8534,2.003711e+10,1.546497e+12,1.542689e+12,1.851418e+10,1.522926e+09,1.530506e+12,1.218340e+10,58,190,3
1790282379.469941,0.2000,19.8546,2.676058e+10,1.596477e+12,1.596477e+12,2.468558e+10,2.075001e+09,1.579877e+12,1.660001e+10,0,256,4
1790282379.669941,0.2000,19.8868,3.351059e+10,1.996075e+12,1.996075e+12,3.085697e+10,2.653618e+09,1.974846e+12,2.122895e+10,0,320,5
1790282379.869941,0.2000,19.8868,2.684492e+10,1.597152e+12,1.597152e+12,2.468558e+10,2.159346e+09,1.579877e+12,1.727477e+10,0,256,4
1790282380.069941,0.2000,19.8910,2.687500e+10,1.597392e+12,1.597392e+12,2.468558e+10,2.189427e+09,1.579877e+12,1.751541e+10,0,256,4
1790282380.269941,0.2000,19.8578,1.260644e+10,5.469456e+11,5.451919e+11,1.234279e+10,2.636513e+08,5.430827e+11,2.109211e+09,0,88,2
1790282380.469941,0.2000,19.8403,1.904679e+10,6.614492e+12,6.595310e+12,1.851418e+10,5.326111e+08,6.591049e+12,4.260889e+09,876,192,3
1790282380.669941,0.2000,19.8527,2.543170e+10,1.585846e+12,1.585846e+12,2.468558e+10,7.461274e+08,1.579877e+12,5.969019e+09,0,256,4
1790282380.869941,0.2000,19.8600,3.184669e+10,1.982764e+12,1.982764e+12,3.085697e+10,9.897247e+08,1.974846e+12,7.917797e+09,0,320,5
1790282381.069941,0.2000,19.8797,2.550543e+10,1.586461e+12,1.586436e+12,2.468558e+10,8.198554e+08,1.579877e+12,6.558843e+09,0,256,4
1790282381.269941,0.2000,19.8274,3.189624e+10,2.088536e+12,2.088074e+12,3.085697e+10,1.039270e+09,2.079760e+12,8.314159e+09,18,319,5
1790282381.469941,0.2000,19.8502,2.551487e+10,1.679576e+12,1.679082e+12,2.468558e+10,8.292925e+08,1.672448e+12,6.634340e+09,17,254,4
1790282381.669941,0.2000,19.8508,2.551723e+10,1.760082e+12,1.759329e+12,2.468558e+10,8.316518e+08,1.752676e+12,6.653215e+09,28,256,4
1790282381.869941,0.2000,19.7615,3.189683e+10,2.138154e+12,2.137450e+12,3.085697e+10,1.039860e+09,2.129131e+12,8.318878e+09,26,319,5
1790282382.069942,0.2000,19.7054,2.552961e+10,1.704409e+12,1.703886e+12,2.468558e+10,8.440381e+08,1.697133e+12,6.752305e+09,20,255,4
1790282382.269941,0.2000,19.6806,2.557385e+10,1.587011e+12,1.586983e+12,2.468558e+10,8.882749e+08,1.579877e+12,7.106200e+09,0,256,4
1790282382.469942,0.2000,19.7591,3.200772e+10,2.095679e+12,2.095137e+12,3.085697e+10,1.150747e+09,2.085931e+12,9.205973e+09,19,319,5
1790282382.669941,0.2000,19.7173,2.564345e+10,1.587540e+12,1.587540e+12,2.468558e+10,9.578742e+08,1.579877e+12,7.662993e+09,0,256,4
1790282382.869942,0.2000,19.7515,2.568415e+10,1.587865e+12,1.587865e+12,2.468558e+10,9.985720e+08,1.579877e+12,7.988576e+09,0,256,4
1790282383.069942,0.2000,19.8310,3.216638e+10,1.985321e+12,1.985321e+12,3.085697e+10,1.309409e+09,1.974846e+12,1.047527e+10,0,320,5
1790282383.269942,0.2000,19.8684,2.576908e+10,1.588545e+12,1.588545e+12,2.468558e+10,1.083507e+09,1.579877e+12,8.668054e+09,0,256,4
1790282383.469942,0.2000,19.8612,3.226311e+10,1.986095e+12,1.986095e+12,3.085697e+10,1.406140e+09,1.974846e+12,1.124912e+10,0,320,5
1790282383.669942,0.2000,19.9002,2.585815e+10,1.589257e+12,1.589257e+12,2.468558e+10,1.172570e+09,1.579877e+12,9.380561e+09,0,256,4
1790282383.869942,0.2000,19.9104,3.237695e+10,1.987006e+12,1.987006e+12,3.085697e+10,1.519976e+09,1.974846e+12,1.215981e+10,0,320,5
1790282384.069942,0.2000,19.8933,2.588705e+10,1.676574e+12,1.675888e+12,2.468558e+10,1.201471e+09,1.666276e+12,9.611772e+09,16,254,4
1790282384.269942,0.2000,19.8558,2.591418e+10,1.676679e+12,1.676105e+12,2.468558e+10,1.228603e+09,1.666276e+12,9.828827e+09,14,256,4
1790282384.469942,0.2000,19.7709,2.590710e+10,1.682916e+12,1.682220e+12,2.468558e+10,1.221526e+09,1.672448e+12,9.772204e+09,17,254,4
1790282384.669942,0.2000,19.7319,2.591713e+10,1.689162e+12,1.688472e+12,2.468558e+10,1.231553e+09,1.678619e+12,9.852420e+09,17,255,4
1790282384.869942,0.2000,19.7012,2.590946e+10,1.763628e+12,1.762467e+12,2.468558e+10,1.223885e+09,1.752676e+12,9.791078e+09,29,255,4
1790282385.069942,0.2000,19.5961,3.240231e+10,2.136332e+12,2.135322e+12,3.085697e+10,1.545339e+09,2.122960e+12,1.236271e+10,25,319,5
1790282385.269942,0.2000,19.5626,2.596019e+10,1.590074e+12,1.590074e+12,2.468558e+10,1.274610e+09,1.579877e+12,1.019688e+10,0,256,4
1790282385.469942,0.2000,19.6225,2.599381e+10,1.590343e+12,1.590343e+12,2.468558e+10,1.308230e+09,1.579877e+12,1.046584e+10,0,256,4
1790282385.669942,0.2000,19.6954,3.253679e+10,1.988285e+12,1.988285e+12,3.085697e+10,1.679819e+09,1.974846e+12,1.343855e+10,0,320,5
1790282385.869942,0.2000,19.7112,2.606164e+10,1.665551e+12,1.664942e+12,2.468558e+10,1.376059e+09,1.653934e+12,1.100848e+10,13,255,4
1790282386.069942,0.2000,19.7259,2.610174e+10,1.591206e+12,1.591206e+12,2.468558e+10,1.416167e+09,1.579877e+12,1.132934e+10,0,256,4
1790282386.269942,0.2000,19.7941,2.610056e+10,1.777752e+12,1.776339e+12,2.468558e+10,1.414988e+09,1.765019e+12,1.131990e+10,31,255,4
1790282386.469943,0.2000,19.7655,3.266714e+10,1.989327e+12,1.989327e+12,3.085697e+10,1.810170e+09,1.974846e+12,1.448136e+10,0,320,5
1790282386.669942,0.2000,19.7498,2.618078e+10,1.591839e+12,1.591839e+12,2.468558e+10,1.495204e+09,1.579877e+12,1.196163e+10,0,256,4
1790282386.869943,0.2000,19.7674,2.618019e+10,1.691420e+12,1.690576e+12,2.468558e+10,1.494614e+09,1.678619e+12,1.195691e+10,17,255,4
1790282387.069942,0.2000,19.7739,2.619199e+10,1.585804e+12,1.585757e+12,2.468558e+10,1.506410e+09,1.573705e+12,1.205128e+10,0,255,4
1790282387.269943,0.2000,19.7820,2.622325e+10,2.158109e+12,2.153775e+12,2.468558e+10,1.537671e+09,2.141474e+12,1.230137e+10,91,256,4
1790282387.469943,0.2000,19.7906,2.622738e+10,1.779004e+12,1.777353e+12,2.468558e+10,1.541800e+09,1.765019e+12,1.233440e+10,32,254,4
1790282387.669943,0.2000,19.7824,3.283524e+10,1.990672e+12,1.990672e+12,3.085697e+10,1.978270e+09,1.974846e+12,1.582616e+10,0,320,5
1790282387.869943,0.2000,19.7849,2.630346e+10,1.592820e+12,1.592820e+12,2.468558e+10,1.617887e+09,1.579877e+12,1.294310e+10,0,256,4
1790282388.069943,0.2000,19.7992,3.292961e+10,1.991427e+12,1.991427e+12,3.085697e+10,2.072642e+09,1.974846e+12,1.658113e+10,0,320,5
1790282388.269943,0.2000,19.8344,1.976284e+10,1.518652e+12,1.515809e+12,1.851418e+10,1.248657e+09,1.505820e+12,9.989259e+09,53,191,3
1790282388.469943,0.2000,19.7935,3.299331e+10,1.991937e+12,1.991937e+12,3.085697e+10,2.136343e+09,1.974846e+12,1.709074e+10,0,320,5
1790282388.669943,0.2000,19.8290,2.643028e+10,1.593834e+12,1.593834e+12,2.468558e+10,1.744699e+09,1.579877e+12,1.395760e+10,0,256,4
1790282388.869943,0.2000,19.8681,2.640137e+10,1.569027e+12,1.568918e+12,2.468558e+10,1.715798e+09,1.555191e+12,1.372638e+10,0,252,4
1790282389.069943,0.2000,19.8377,2.642379e+10,1.544411e+12,1.544411e+12,2.468558e+10,1.738211e+09,1.530506e+12,1.390569e+10,0,248,4
1790282389.269943,0.2000,19.8403,2.645328e+10,1.544705e+12,1.544647e+12,2.468558e+10,1.767703e+09,1.530506e+12,1.414162e+10,0,248,4
1790282389.469943,0.2000,19.8581,2.645859e+10,1.520004e+12,1.520004e+12,2.468558e+10,1.773011e+09,1.505820e+12,1.418409e+10,0,244,4
1790282389.669943,0.2000,19.9129,2.648159e+10,1.520248e+12,1.520188e+12,2.468558e+10,1.796014e+09,1.505820e+12,1.436811e+10,0,244,4
1790282389.869943,0.2000,19.9108,2.649280e+10,1.495592e+12,1.495592e+12,2.468558e+10,1.807221e+09,1.481135e+12,1.445777e+10,0,240,4
1790282390.069943,0.2000,19.8989,3.316495e+10,1.869882e+12,1.869882e+12,3.085697e+10,2.307981e+09,1.851418e+12,1.846385e+10,0,300,5
1790282390.269943,0.2000,19.9022,2.656652e+10,1.496182e+12,1.496182e+12,2.468558e+10,1.880949e+09,1.481135e+12,1.504759e+10,0,240,4
1790282390.469944,0.2000,19.8929,2.660191e+10,1.496465e+12,1.496465e+12,2.468558e+10,1.916338e+09,1.481135e+12,1.533071e+10,0,240,4
1790282390.669943,0.2000,19.8901,2.664379e+10,1.496800e+12,1.496800e+12,2.468558e+10,1.958216e+09,1.481135e+12,1.566573e+10,0,240,4
1790282390.869944,0.2000,19.8924,2.661607e+10,1.472025e+12,1.471893e+12,2.468558e+10,1.930494e+09,1.456449e+12,1.544395e+10,0,236,4
1790282391.069943,0.2000,19.8921,2.659307e+10,1.440985e+12,1.440852e+12,2.468558e+10,1.907491e+09,1.425592e+12,1.525993e+10,0,231,4
1790282391.269944,0.2000,19.8848,3.322393e+10,1.746926e+12,1.746926e+12,3.085697e+10,2.366964e+09,1.727990e+12,1.893571e+10,0,280,5
1790282391.469944,0.2000,19.8732,3.316082e+10,1.691084e+12,1.690879e+12,3.085697e+10,2.303853e+09,1.672448e+12,1.843082e+10,0,271,5
1790282391.669944,0.2000,19.8991,3.317144e+10,1.653935e+12,1.653935e+12,3.085697e+10,2.314469e+09,1.635419e+12,1.851576e+10,0,265,5
1790282391.869944,0.2000,19.9001,2.656652e+10,1.323383e+12,1.323383e+12,2.468558e+10,1.880949e+09,1.308336e+12,1.504759e+10,0,212,4
1790282392.069944,0.2000,19.8967,3.326345e+10,1.654671e+12,1.654671e+12,3.085697e+10,2.406482e+09,1.635419e+12,1.925186e+10,0,265,5
1790282392.269944,0.2000,19.9051,3.259754e+10,1.441450e+12,1.439517e+12,3.085697e+10,1.740571e+09,1.425592e+12,1.392456e+10,0,231,5
1790282392.469944,0.2000,19.9101,3.785294e+10,7.101355e+11,7.101355e+11,3.702836e+10,8.245740e+08,7.035389e+11,6.596592e+09,0,114,6
1790282392.669944,0.2000,19.9146,3.788479e+10,7.103903e+11,7.103903e+11,3.702836e+10,8.564244e+08,7.035389e+11,6.851396e+09,0,114,6
1790282392.869944,0.2000,19.9041,3.158953e+10,5.921429e+11,5.921429e+11,3.085697e+10,7.325614e+08,5.862824e+11,5.860491e+09,0,95,5
1790282393.069944,0.2000,19.9142,3.791369e+10,7.106844e+11,7.106215e+11,3.702836e+10,8.853258e+08,7.035389e+11,7.082607e+09,0,114,6
1790282393.269944,0.2000,19.9166,3.781873e+10,6.421003e+11,6.419765e+11,3.702836e+10,7.903642e+08,6.356536e+11,6.322913e+09,0,103,6
1790282393.469944,0.2000,19.9144,3.776328e+10,5.922238e+11,5.921618e+11,3.702836e+10,7.349207e+08,5.862824e+11,5.879366e+09,0,95,6
1790282393.669944,0.2000,19.9283,4.402079e+10,6.546280e+11,6.545647e+11,4.319976e+10,8.210350e+08,6.479964e+11,6.568280e+09,0,105,7
1790282393.869944,0.2000,19.9151,3.770489e+10,5.238093e+11,5.238093e+11,3.702836e+10,6.765281e+08,5.183971e+11,5.412225e+09,0,84,6
1790282394.069944,0.2000,19.9145,4.400605e+10,6.112469e+11,6.112469e+11,4.319976e+10,8.062894e+08,6.047966e+11,6.450315e+09,0,98,7
1790282394.269944,0.2000,19.9163,4.403790e+10,6.115017e+11,6.115017e+11,4.319976e+10,8.381399e+08,6.047966e+11,6.705119e+09,0,98,7
1790282394.469944,0.2000,19.9113,3.776211e+10,5.242670e+11,5.242670e+11,3.702836e+10,7.337411e+08,5.183971e+11,5.869928e+09,0,84,6
1790282394.669944,0.2000,19.9171,4.408155e+10,6.118509e+11,6.118509e+11,4.319976e+10,8.817869e+08,6.047966e+11,7.054295e+09,0,98,7
1790282394.869945,0.2000,19.9108,3.771610e+10,4.809218e+11,4.806992e+11,3.702836e+10,6.877348e+08,4.751973e+11,5.501878e+09,0,77,6
1790282395.069944,0.2000,19.9103,4.380669e+10,4.247341e+11,4.245102e+11,4.319976e+10,6.069289e+08,4.196548e+11,4.855431e+09,0,68,7
1790282395.269945,0.2000,19.9027,4.364331e+10,2.999285e+11,2.997753e+11,4.319976e+10,4.435476e+08,2.962269e+11,3.548381e+09,0,48,7
1790282395.469944,0.2000,19.9105,4.972682e+10,2.436826e+11,2.435297e+11,4.937115e+10,3.556639e+08,2.406844e+11,2.845311e+09,0,39,8
1790282395.669945,0.2000,19.9191,4.347639e+10,1.750121e+11,1.750121e+11,4.319976e+10,2.766275e+08,1.727990e+11,2.213020e+09,0,28,7
1790282395.869945,0.2000,19.9202,4.348051e+10,1.750451e+11,1.750451e+11,4.319976e+10,2.807562e+08,1.727990e+11,2.246050e+09,0,28,7
1790282396.069945,0.2000,19.9161,4.962065e+10,1.563610e+11,1.562808e+11,4.937115e+10,2.494956e+08,1.542849e+11,1.995964e+09,0,25,8
1790282396.269945,0.2000,19.9213,4.342271e+10,1.313829e+11,1.313829e+11,4.319976e+10,2.229535e+08,1.295993e+11,1.783628e+09,0,21,7
1790282396.469945,0.2000,19.9152,4.960177e+10,1.377077e+11,1.376156e+11,4.937115e+10,2.306212e+08,1.357707e+11,1.844969e+09,0,22,8
1790282396.669945,0.2000,19.9247,3.712745e+10,6.258688e+10,6.250666e+10,3.702836e+10,9.909043e+07,6.171394e+10,7.927235e+08,0,10,6
1790282396.869945,0.2000,19.9794,2.472568e+10,2.500644e+10,2.500644e+10,2.468558e+10,4.010803e+07,2.468558e+10,3.208643e+08,0,4,4
1790282396.981935,0.0240,2.3972,6.171394e+09,6.171394e+09,6.171394e+09,6.171394e+09,0.000000e+00,6.171394e+09,0.000000e+00,0,1,1
