t,energy_mj,p_inst_w,p_avg_w,sm_mhz,mem_mhz,temp_c,reasons,on
1790294559.5749736,27262843770.0,90.452,88.375,1935,7601,44,0,0
1790294559.584978,27262843770.0,90.452,88.375,1935,7601,44,0,0
1790294559.5949697,27262843770.0,90.05,85.799,1935,7601,44,0,0
1790294559.604978,27262843770.0,90.05,85.799,1935,7601,44,0,0
1790294559.6149693,27262845394.0,90.05,85.799,1935,7601,44,0,0
1790294559.6249795,27262845394.0,90.05,85.799,1935,7601,44,0,0
1790294559.6349716,27262845394.0,90.05,85.799,1935,7601,44,0,0
1790294559.6449802,27262845394.0,90.05,85.799,1935,7601,44,0,0
1790294559.6549726,27262845394.0,90.05,85.799,1935,7601,44,0,0
1790294559.6649795,27262845394.0,90.05,85.799,1935,7601,44,0,0
1790294559.674972,27262845394.0,90.05,85.799,1935,7601,44,0,0
1790294559.6849797,27262845394.0,90.05,85.799,1935,7601,44,0,0
1790294559.6949706,27262845394.0,90.05,85.799,1935,7601,44,0,0
1790294559.7049792,27262845394.0,90.05,85.799,1935,7601,44,0,0
1790294559.7149756,27262845653.0,90.05,85.799,1935,7601,44,0,0
1790294559.7249794,27262845653.0,90.05,85.799,1935,7601,44,0,0
1790294559.734972,27262845653.0,90.05,85.799,1935,7601,44,0,0
1790294559.7449777,27262845653.0,90.05,85.799,1935,7601,44,0,0
1790294559.75497,27262845653.0,90.05,85.799,1935,7601,44,0,0
1790294559.76498,27262845653.0,90.05,85.799,1935,7601,44,0,0
1790294559.7749712,27262845653.0,90.05,85.799,1935,7601,44,0,0
1790294559.7849782,27262845653.0,90.05,85.799,1935,7601,44,0,0
1790294559.7949717,27262845653.0,90.05,85.799,1935,7601,44,0,0
1790294559.8049803,27262845653.0,90.05,85.799,1935,7601,44,0,0
1790294559.8149724,27262845911.0,90.05,85.799,1935,7601,44,0,0
1790294559.8249812,27262845911.0,90.05,85.799,1935,7601,44,0,0
1790294559.834973,27262845911.0,90.05,85.799,1935,7601,44,0,0
1790294559.8449805,27262845911.0,90.05,85.799,1935,7601,44,0,0
1790294559.8549721,27262845911.0,90.05,85.799,1935,7601,44,0,0
1790294559.8649783,27262845911.0,90.05,85.799,1935,7601,44,0,0
1790294559.8749726,27262845911.0,90.05,85.799,1935,7601,44,0,0
1790294559.88498,27262845911.0,90.05,85.799,1935,7601,44,0,0
1790294559.8949733,27262845911.0,90.05,85.799,1935,7601,44,0,0
1790294559.9049776,27262845911.0,90.05,85.799,1935,7601,44,0,0
1790294559.914972,27262846167.0,90.05,85.799,1935,7601,44,0,0
1790294559.9249773,27262846167.0,90.05,85.799,1935,7601,44,0,0
1790294559.9349725,27262846167.0,90.05,85.799,1935,7601,44,0,0
1790294559.9449785,27262846167.0,90.05,85.799,1935,7601,44,0,0
1790294559.954971,27262846167.0,90.05,85.799,1935,7601,44,0,0
1790294559.9649792,27262846167.0,90.05,85.799,1935,7601,44,0,0
1790294559.974972,27262846167.0,90.05,85.799,1935,7601,44,0,0
1790294559.9849787,27262846167.0,90.05,85.799,1935,7601,44,0,0
1790294559.9949694,27262846167.0,90.05,85.799,1935,7601,44,0,0
1790294560.0049777,27262846167.0,90.05,85.799,1935,7601,44,0,0
1790294560.014972,27262846422.0,90.05,85.799,1935,7601,44,0,0
1790294560.02498,27262846422.0,90.05,85.799,1935,7601,44,0,0
1790294560.0349724,27262846422.0,90.05,85.799,1935,7601,44,0,0
1790294560.0449784,27262846422.0,90.05,85.799,1935,7601,44,0,0
1790294560.0549715,27262846422.0,90.05,85.799,1935,7601,44,0,0
1790294560.0649738,27262846422.0,90.05,85.799,1935,7601,44,0,0
1790294560.0749724,27262846422.0,90.05,85.799,1935,7601,44,0,0
1790294560.0849795,27262846422.0,90.05,85.799,1935,7601,44,0,0
1790294560.0949712,27262846422.0,90.05,85.799,1935,7601,44,0,0
1790294560.1049798,27262846422.0,90.05,85.799,1935,7601,44,0,0
1790294560.1149738,27262846670.0,90.05,85.799,1935,7601,44,0,0
1790294560.1249797,27262846670.0,90.05,85.799,1935,7601,44,0,0
1790294560.1349711,27262846670.0,90.05,85.799,1935,7601,44,0,0
1790294560.1449795,27262846670.0,90.05,85.799,1935,7601,44,0,0
1790294560.154972,27262846670.0,90.05,85.799,1935,7601,44,0,0
1790294560.1649797,27262846670.0,90.05,85.799,1935,7601,44,0,0
1790294560.1749725,27262846670.0,90.05,85.799,1935,7601,44,0,0
1790294560.1849802,27262846670.0,90.05,85.799,1935,7601,44,0,0
1790294560.1949706,27262846670.0,90.05,85.799,1935,7601,44,0,0
1790294560.2049782,27262846670.0,90.05,85.799,1935,7601,44,0,0
1790294560.2149713,27262846917.0,90.05,85.799,1935,7601,44,0,0
1790294560.2249806,27262846917.0,90.05,85.799,1935,7601,44,0,0
1790294560.234977,27262846917.0,90.05,85.799,1935,7601,44,0,0
1790294560.244981,27262846917.0,90.05,85.799,1935,7601,44,0,0
1790294560.2549717,27262846917.0,90.05,85.799,1935,7601,44,0,0
1790294560.2649806,27262846917.0,90.05,85.799,1935,7601,44,0,0
1790294560.2749722,27262846917.0,90.05,85.799,1935,7601,44,0,0
1790294560.2849782,27262846917.0,90.05,85.799,1935,7601,44,0,0
1790294560.2949736,27262846917.0,90.05,85.799,1935,7601,44,0,0
1790294560.30498,27262846917.0,90.05,85.799,1935,7601,44,0,0
1790294560.314972,27262847163.0,90.05,85.799,1935,7601,44,0,0
1790294560.3249805,27262847163.0,90.05,85.799,1935,7601,44,0,0
1790294560.3349693,27262847163.0,90.05,85.799,1935,7601,44,0,0
1790294560.3449795,27262847163.0,90.05,85.799,1935,7601,44,0,0
1790294560.354972,27262847163.0,90.05,85.799,1935,7601,44,0,0
1790294560.3649795,27262847163.0,90.05,85.799,1935,7601,44,0,0
1790294560.3749712,27262847163.0,90.05,85.799,1935,7601,44,0,0
1790294560.3849795,27262847163.0,90.05,85.799,1935,7601,44,0,0
1790294560.394974,27262847163.0,90.05,85.799,1935,7601,44,0,0
1790294560.4049804,27262847163.0,90.05,85.799,1935,7601,44,0,0
1790294560.4149735,27262847404.0,90.05,85.799,1935,7601,44,0,0
1790294560.4249802,27262847404.0,90.05,85.799,1935,7601,44,0,0
1790294560.434971,27262847404.0,90.05,85.799,1935,7601,44,0,0
1790294560.4449787,27262847404.0,90.05,85.799,1935,7601,44,0,0
1790294560.4549692,27262847404.0,90.05,85.799,1935,7601,44,0,0
1790294560.464967,27262847404.0,90.05,85.799,1935,7601,44,0,0
1790294560.4749658,27262847404.0,90.05,85.799,1935,7601,44,0,0
1790294560.4849672,27262847404.0,90.05,85.799,1935,7601,44,0,0
1790294560.4949794,27262847404.0,90.05,85.799,1935,7601,44,0,0
1790294560.5049736,27262847404.0,90.05,85.799,1935,7601,44,0,0
1790294560.514978,27262847646.0,90.05,85.799,1935,7601,44,0,0
1790294560.5249722,27262847646.0,90.05,85.799,1935,7601,44,0,0
1790294560.534981,27262847646.0,90.05,85.799,1935,7601,44,0,0
1790294560.5449727,27262847646.0,90.05,85.799,1935,7601,44,0,0
1790294560.554979,27262847646.0,90.05,85.799,1935,7601,44,0,0
1790294560.5649717,27262847646.0,90.05,85.799,1935,7601,44,0,0
1790294560.5749688,27262847646.0,90.05,85.799,1935,7601,44,4,1
1790294560.5852475,27262847646.0,90.05,85.799,1935,7601,46,4,1
1790294560.5984457,27262847646.0,89.73400000000001,89.762,1935,7601,46,4,1
1790294560.6085167,27262850829.0,89.73400000000001,89.762,1935,7601,45,4,1
1790294560.6203609,27262850829.0,89.73400000000001,89.762,1935,7601,45,4,1
1790294560.630402,27262850829.0,89.73400000000001,89.762,1935,7601,45,4,1
1790294560.6404305,27262850829.0,89.73400000000001,89.762,1935,7601,45,4,1
1790294560.6504314,27262850829.0,89.73400000000001,89.762,1935,7601,45,4,1
1790294560.6604025,27262850829.0,89.73400000000001,89.762,1935,7601,45,4,1
1790294560.674118,27262850829.0,89.73400000000001,89.762,1935,7601,44,4,1
1790294560.68419,27262850829.0,89.73400000000001,89.762,210,7601,44,4,1
1790294560.6941826,27262850829.0,89.73400000000001,89.762,210,7601,44,4,1
1790294560.7041886,27262850829.0,138.724,94.187,210,7601,44,4,1
1790294560.7159047,27262853606.0,138.724,94.187,210,7601,44,4,1
1790294560.7259653,27262853606.0,138.724,94.187,210,7601,44,4,1
1790294560.7359753,27262853606.0,138.724,94.187,210,7601,44,4,1
1790294560.7459693,27262853606.0,138.724,94.187,210,7601,44,4,1
1790294560.7583535,27262853606.0,138.724,94.187,210,7601,44,4,1
1790294560.7684135,27262853606.0,138.724,94.187,210,7601,44,4,1
1790294560.7784176,27262853606.0,138.724,94.187,210,7601,44,4,1
1790294560.7884145,27262853606.0,138.724,94.187,210,7601,44,4,1
1790294560.8056974,27262853606.0,112.403,95.706,210,7601,44,4,1
1790294560.815772,27262856093.0,112.403,95.706,210,7601,44,4,1
1790294560.825758,27262856093.0,112.403,95.706,210,7601,44,4,1
1790294560.8357677,27262856093.0,112.403,95.706,210,7601,44,4,1
1790294560.8457625,27262856093.0,112.403,95.706,210,7601,44,4,1
1790294560.8586128,27262856093.0,112.403,95.706,210,7601,44,4,1
1790294560.868681,27262856093.0,112.403,95.706,210,7601,44,4,1
1790294560.878676,27262856093.0,112.403,95.706,210,7601,44,4,1
1790294560.8886728,27262856093.0,112.403,95.706,210,7601,44,4,1
1790294560.9040627,27262856093.0,112.403,95.706,210,7601,44,4,1
1790294560.9141326,27262858889.0,116.384,98.572,210,7601,44,4,1
1790294560.924125,27262858889.0,116.384,98.572,210,7601,44,4,1
1790294560.9341347,27262858889.0,116.384,98.572,210,7601,44,4,1
1790294560.946215,27262858889.0,116.384,98.572,210,7601,44,4,1
1790294560.9562862,27262858889.0,116.384,98.572,210,7601,44,4,1
1790294560.9662757,27262858889.0,116.384,98.572,210,7601,44,4,1
1790294560.9762862,27262858889.0,116.384,98.572,210,7601,44,4,1
1790294560.9862792,27262858889.0,116.384,98.572,210,7601,44,4,1
1790294560.9988039,27262858889.0,116.384,98.572,210,7601,44,4,1
1790294561.0088713,27262861935.0,116.384,98.572,210,7601,44,4,1
1790294561.0188653,27262861935.0,118.256,99.883,210,7601,44,4,1
1790294561.0288744,27262861935.0,118.256,99.883,210,7601,44,4,1
1790294561.0436144,27262861935.0,118.256,99.883,210,7601,44,4,1
1790294561.053674,27262861935.0,118.256,99.883,210,7601,44,4,1
1790294561.0636866,27262861935.0,118.256,99.883,210,7601,44,4,1
1790294561.0736783,27262861935.0,118.256,99.883,210,7601,44,4,1
1790294561.0872116,27262861935.0,118.256,99.883,210,7601,44,4,1
1790294561.0972836,27262861935.0,118.256,99.883,210,7601,44,4,0
1790294561.1072752,27262861935.0,118.256,99.883,210,7601,44,4,0
1790294561.1172829,27262864875.0,118.256,99.883,210,7601,44,4,0
1790294561.1272762,27262864875.0,103.456,100.107,210,7601,43,4,0
1790294561.1372821,27262864875.0,103.456,100.107,210,7601,43,4,0
1790294561.1472752,27262864875.0,103.456,100.107,210,7601,43,4,0
1790294561.1572833,27262864875.0,103.456,100.107,210,7601,43,4,0
1790294561.1672754,27262864875.0,103.456,100.107,210,7601,43,4,0
1790294561.1772792,27262864875.0,103.456,100.107,210,7601,43,4,0
1790294561.1872723,27262864875.0,103.456,100.107,210,7601,43,4,0
1790294561.1972852,27262864875.0,103.456,100.107,210,7601,43,4,0
1790294561.207277,27262864875.0,103.456,100.107,1695,7601,43,4,0
1790294561.217283,27262865784.0,103.456,100.107,1695,7601,43,0,0
1790294561.2317953,27262865784.0,60.144,97.756,1695,7601,43,4,0
1790294561.2418675,27262865784.0,60.144,97.756,1695,7601,43,4,0
1790294561.2518563,27262865784.0,60.144,97.756,1695,7601,43,4,0
1790294561.2618654,27262865784.0,60.144,97.756,1695,7601,43,4,0
1790294561.271858,27262865784.0,60.144,97.756,1695,7601,43,4,0
1790294561.2818658,27262865784.0,60.144,97.756,1695,7601,43,4,0
1790294561.2918591,27262865784.0,60.144,97.756,1695,7601,43,0,0
1790294561.3094866,27262869529.0,60.144,97.756,1695,7601,43,0,0
1790294561.3268158,27262869529.0,60.144,97.756,1695,7601,43,0,0
1790294561.3460228,27262869529.0,60.144,97.756,1695,7601,43,0,0
1790294561.3650174,27262869529.0,70.353,96.23400000000001,1695,7601,43,0,0
1790294561.3830004,27262869529.0,70.353,96.23400000000001,1695,7601,43,0,0
1790294561.39788,27262869529.0,70.353,96.23400000000001,1695,7601,43,0,0
1790294561.4121659,27262871874.0,70.353,96.23400000000001,1695,7601,43,0,0
1790294561.4296134,27262871874.0,70.353,96.23400000000001,1695,7601,43,0,0
1790294561.446385,27262871874.0,70.353,96.23400000000001,1695,7601,43,0,0
1790294561.4651823,27262871874.0,70.353,96.23400000000001,1695,7601,43,0,0
1790294561.4830487,27262871874.0,70.353,96.23400000000001,1695,7601,43,0,0
1790294561.4980545,27262871874.0,74.18900000000001,95.07300000000001,1695,7601,43,0,0
1790294561.5125096,27262874083.0,74.18900000000001,95.07300000000001,1695,7601,43,0,0
1790294561.5225706,27262874083.0,74.18900000000001,95.07300000000001,1695,7601,43,0,0
1790294561.5325851,27262874083.0,74.18900000000001,95.07300000000001,1695,7601,43,0,0
1790294561.542575,27262874083.0,74.18900000000001,95.07300000000001,1695,7601,43,0,0
1790294561.5525813,27262874083.0,74.18900000000001,95.07300000000001,1695,7601,44,0,0
1790294561.5625727,27262874083.0,74.18900000000001,95.07300000000001,1695,7601,44,0,0
1790294561.5725796,27262874083.0,74.18900000000001,95.07300000000001,1695,7601,44,0,0
1790294561.5825727,27262874083.0,74.18900000000001,95.07300000000001,1935,7601,44,0,0
1790294561.5925796,27262874083.0,74.18900000000001,95.07300000000001,1935,7601,44,4,1
1790294561.60413,27262874083.0,74.47200000000001,94.044,1935,7601,45,4,1
1790294561.6161335,27262877421.0,74.47200000000001,94.044,1935,7601,45,4,1
1790294561.626207,27262877421.0,74.47200000000001,94.044,1935,7601,45,4,1
1790294561.6379468,27262877421.0,74.47200000000001,94.044,1935,7601,45,4,1
1790294561.6480067,27262877421.0,74.47200000000001,94.044,1935,7601,45,4,1
1790294561.658016,27262877421.0,74.47200000000001,94.044,1935,7601,45,4,1
1790294561.668011,27262877421.0,74.47200000000001,94.044,1935,7601,44,4,1
1790294561.6780186,27262877421.0,74.47200000000001,94.044,1935,7601,44,4,1
1790294561.6880076,27262877421.0,74.47200000000001,94.044,1005,7601,44,4,1
1790294561.698185,27262877421.0,74.47200000000001,94.044,1005,7601,45,4,1
1790294561.708254,27262879985.0,121.054,100.417,1005,7601,45,4,1
1790294561.71825,27262879985.0,121.054,100.417,1005,7601,45,4,1
1790294561.7282567,27262879985.0,121.054,100.417,1005,7601,44,4,1
1790294561.7447872,27262879985.0,121.054,100.417,1005,7601,44,4,1
1790294561.7548609,27262879985.0,121.054,100.417,1005,7601,44,4,1
1790294561.7648482,27262879985.0,121.054,100.417,1005,7601,44,4,1
1790294561.7748578,27262879985.0,121.054,100.417,1005,7601,44,4,1
1790294561.7848513,27262879985.0,121.054,100.417,1005,7601,44,4,1
1790294561.7981484,27262879985.0,121.054,100.417,210,7601,44,4,1
1790294561.8082056,27262883801.0,121.054,100.417,210,7601,44,4,1
1790294561.8182192,27262883801.0,116.197,100.434,210,7601,44,4,1
1790294561.8282106,27262883801.0,116.197,100.434,210,7601,44,4,1
1790294561.8448963,27262883801.0,116.197,100.434,210,7601,44,4,1
1790294561.854967,27262883801.0,116.197,100.434,210,7601,44,4,1
1790294561.864991,27262883801.0,116.197,100.434,210,7601,44,4,1
1790294561.875063,27262883801.0,116.197,100.434,210,7601,44,4,1
1790294561.8850527,27262883801.0,116.197,100.434,210,7601,44,4,1
1790294561.8965008,27262883801.0,116.197,100.434,210,7601,44,4,1
1790294561.9065583,27262887770.0,116.197,100.434,210,7601,44,4,1
1790294561.91657,27262887770.0,116.197,100.434,210,7601,44,4,1
1790294561.9265637,27262887770.0,117.551,100.653,210,7601,44,4,1
1790294561.9387655,27262887770.0,117.551,100.653,210,7601,44,4,1
1790294561.9488225,27262887770.0,117.551,100.653,210,7601,44,4,1
1790294561.9588223,27262887770.0,117.551,100.653,210,7601,44,4,1
1790294561.9688356,27262887770.0,117.551,100.653,210,7601,44,4,1
1790294561.9805117,27262887770.0,117.551,100.653,210,7601,44,4,1
1790294561.9905858,27262887770.0,117.551,100.653,210,7601,44,4,1
1790294562.0050924,27262887770.0,117.551,100.653,210,7601,44,4,1
1790294562.0151634,27262890654.0,117.551,100.653,1020,7601,44,4,1
1790294562.025154,27262890654.0,117.551,100.653,1020,7601,44,4,1
1790294562.038434,27262890654.0,118.604,100.85300000000001,1020,7601,44,4,1
1790294562.0484917,27262890654.0,118.604,100.85300000000001,1020,7601,44,4,1
1790294562.0585036,27262890654.0,118.604,100.85300000000001,1020,7601,44,4,1
1790294562.0684953,27262890654.0,118.604,100.85300000000001,1020,7601,44,4,1
1790294562.0853972,27262890654.0,118.604,100.85300000000001,1020,7601,44,4,1
1790294562.0954683,27262890654.0,118.604,100.85300000000001,1020,7601,44,4,1
1790294562.1069038,27262890654.0,118.604,100.85300000000001,1020,7601,44,4,1
1790294562.1169765,27262893143.0,118.604,100.85300000000001,1020,7601,44,4,1
1790294562.1269658,27262893143.0,118.604,100.85300000000001,210,7601,44,4,0
1790294562.1369731,27262893143.0,118.604,100.85300000000001,210,7601,44,4,0
1790294562.1469676,27262893143.0,118.148,100.845,210,7601,44,4,0
1790294562.1569746,27262893143.0,118.148,100.845,210,7601,44,4,0
1790294562.1669676,27262893143.0,118.148,100.845,210,7601,44,4,0
1790294562.1769745,27262893143.0,118.148,100.845,210,7601,43,4,0
1790294562.1869674,27262893143.0,118.148,100.845,210,7601,43,4,0
1790294562.1969748,27262893143.0,118.148,100.845,210,7601,43,4,0
1790294562.2069685,27262893143.0,118.148,100.845,210,7601,43,4,0
1790294562.216973,27262894276.0,118.148,100.845,210,7601,43,4,0
1790294562.2269652,27262894276.0,118.148,100.845,1695,7601,43,4,0
1790294562.2369738,27262894276.0,118.148,100.845,1695,7601,43,4,0
1790294562.2469683,27262894276.0,63.024,97.171,1695,7601,43,4,0
1790294562.256976,27262894276.0,63.024,97.171,1695,7601,43,4,0
1790294562.2669706,27262894276.0,63.024,97.171,1695,7601,43,4,0
1790294562.2769752,27262894276.0,63.024,97.171,1695,7601,43,4,0
1790294562.2869678,27262894276.0,63.024,97.171,1695,7601,43,4,0
1790294562.2969751,27262894276.0,63.024,97.171,1695,7601,43,4,0
1790294562.3069687,27262894276.0,63.024,97.171,1695,7601,43,4,0
1790294562.3169756,27262895329.0,63.024,97.171,1695,7601,43,4,0
1790294562.3269677,27262895329.0,63.024,97.171,1725,7601,43,4,0
1790294562.336973,27262895329.0,63.024,97.171,1725,7601,43,4,0
1790294562.3469725,27262895329.0,69.146,97.989,1725,7601,43,4,0
1790294562.3569744,27262895329.0,69.146,97.989,1725,7601,43,4,0
1790294562.3669686,27262895329.0,69.146,97.989,1725,7601,43,4,0
1790294562.376975,27262895329.0,69.146,97.989,1725,7601,43,4,0
1790294562.3869681,27262895329.0,69.146,97.989,1725,7601,43,4,0
1790294562.396975,27262895329.0,69.146,97.989,1725,7601,43,4,0
1790294562.4069703,27262895329.0,69.146,97.989,1725,7601,43,4,0
1790294562.4169736,27262896403.0,69.146,97.989,1725,7601,43,4,0
1790294562.4269657,27262896403.0,69.146,97.989,1740,7601,43,4,0
1790294562.4369755,27262896403.0,69.146,97.989,1740,7601,43,4,0
1790294562.4469678,27262896403.0,69.912,97.94800000000001,1740,7601,43,4,0
1790294562.4569736,27262896403.0,69.912,97.94800000000001,1740,7601,43,0,0
1790294562.4712043,27262896403.0,69.912,97.94800000000001,1740,7601,43,0,0
1790294562.4888742,27262896403.0,69.912,97.94800000000001,1740,7601,43,0,0
1790294562.5055616,27262896403.0,69.912,97.94800000000001,1740,7601,43,0,0
1790294562.5239182,27262898259.0,69.912,97.94800000000001,1740,7601,43,0,0
1790294562.5397184,27262898259.0,69.912,97.94800000000001,1740,7601,43,0,0
1790294562.5536835,27262898259.0,69.912,97.94800000000001,1785,7601,43,0,0
1790294562.568897,27262898259.0,69.912,97.94800000000001,1785,7601,43,0,0
1790294562.5857394,27262898259.0,76.70100000000001,98.177,1785,7601,43,0,0
1790294562.604007,27262898259.0,76.70100000000001,98.177,1785,7601,43,0,0
1790294562.6207764,27262900516.0,76.70100000000001,98.177,1785,7601,43,0,0
1790294562.6788583,27262900516.0,76.70100000000001,98.177,1785,7601,45,4,1
1790294562.688934,27262900516.0,76.70100000000001,98.177,1785,7601,44,4,1
1790294562.6989205,27262900516.0,76.70100000000001,98.177,1785,7601,44,4,1
1790294562.7099583,27262909449.0,76.70100000000001,98.177,1785,7601,44,4,1
1790294562.7225533,27262909449.0,76.70100000000001,98.177,210,7601,44,4,1
1790294562.7326252,27262909449.0,76.70100000000001,98.177,210,7601,44,4,1
1790294562.742618,27262909449.0,135.12800000000001,100.038,210,7601,44,4,1
1790294562.75727,27262909449.0,135.12800000000001,100.038,210,7601,44,4,1
1790294562.7673388,27262909449.0,135.12800000000001,100.038,210,7601,44,4,1
1790294562.7773337,27262909449.0,135.12800000000001,100.038,210,7601,44,4,1
1790294562.7873423,27262909449.0,135.12800000000001,100.038,210,7601,44,4,1
1790294562.7994702,27262909449.0,135.12800000000001,100.038,210,7601,44,4,1
1790294562.8095295,27262912022.0,135.12800000000001,100.038,210,7601,44,4,1
1790294562.8195407,27262912022.0,135.12800000000001,100.038,210,7601,44,4,1
1790294562.829533,27262912022.0,135.12800000000001,100.038,210,7601,44,4,1
1790294562.8439474,27262912022.0,135.12800000000001,100.038,210,7601,44,4,1
1790294562.8540165,27262912022.0,112.202,97.95400000000001,210,7601,44,4,1
1790294562.864011,27262912022.0,112.202,97.95400000000001,210,7601,44,4,1
1790294562.8740194,27262912022.0,112.202,97.95400000000001,210,7601,44,4,1
1790294562.886,27262912022.0,112.202,97.95400000000001,210,7601,44,4,1
1790294562.896175,27262912022.0,112.202,97.95400000000001,210,7601,44,4,1
1790294562.9062452,27262912022.0,112.202,97.95400000000001,210,7601,44,4,1
1790294562.9162364,27262914689.0,112.202,97.95400000000001,210,7601,44,4,1
1790294562.926245,27262914689.0,112.202,97.95400000000001,210,7601,44,4,1
1790294562.939993,27262914689.0,112.202,97.95400000000001,210,7601,44,4,1
1790294562.950065,27262914689.0,112.202,97.95400000000001,210,7601,44,4,1
1790294562.9622579,27262914689.0,117.837,98.104,210,7601,44,4,1
1790294562.9723318,27262914689.0,117.837,98.104,210,7601,44,4,1
1790294562.9823227,27262914689.0,117.837,98.104,210,7601,44,4,1
1790294562.993925,27262914689.0,117.837,98.104,210,7601,44,4,1
1790294563.0042062,27262914689.0,117.837,98.104,210,7601,44,4,1
1790294563.0142756,27262917877.0,117.837,98.104,210,7601,44,4,1
1790294563.0242686,27262917877.0,117.837,98.104,210,7601,44,4,1
1790294563.0348413,27262917877.0,117.837,98.104,210,7601,44,4,1
1790294563.0458298,27262917877.0,117.837,98.104,210,7601,44,4,1
1790294563.055888,27262917877.0,117.837,98.104,210,7601,44,4,1
1790294563.0658982,27262917877.0,115.714,97.937,210,7601,44,4,1
1790294563.0758939,27262917877.0,115.714,97.937,210,7601,44,4,1
1790294563.0861247,27262917877.0,115.714,97.937,210,7601,44,4,1
1790294563.096197,27262917877.0,115.714,97.937,210,7601,44,4,1
1790294563.107155,27262920831.0,115.714,97.937,210,7601,44,4,1
1790294563.1172311,27262920831.0,115.714,97.937,210,7601,44,4,1
1790294563.1272247,27262920831.0,115.714,97.937,210,7601,44,4,0
1790294563.1372273,27262920831.0,115.714,97.937,210,7601,44,4,0
1790294563.1472194,27262920831.0,115.714,97.937,1020,7601,44,4,0
1790294563.1572285,27262920831.0,115.714,97.937,1020,7601,44,4,0
1790294563.1672187,27262920831.0,118.342,97.916,1020,7601,43,4,0
1790294563.1772263,27262920831.0,118.342,97.916,1020,7601,43,4,0
1790294563.1872218,27262920831.0,118.342,97.916,1020,7601,43,4,0
1790294563.197227,27262920831.0,118.342,97.916,1020,7601,43,0,0
1790294563.2119322,27262922391.0,118.342,97.916,1020,7601,43,0,0
1790294563.2289877,27262922391.0,118.342,97.916,1020,7601,43,0,0
1790294563.2459867,27262922391.0,118.342,97.916,1020,7601,43,0,0
1790294563.2646704,27262922391.0,118.342,97.916,1020,7601,43,0,0
1790294563.2829885,27262922391.0,118.342,97.916,1695,7601,43,0,0
1790294563.2987769,27262922391.0,65.3,93.114,1695,7601,43,0,0
1790294563.313418,27262924425.0,65.3,93.114,1695,7601,43,0,0
1790294563.3338113,27262924425.0,65.3,93.114,1695,7601,43,0,0
1790294563.347773,27262924425.0,65.3,93.114,1695,7601,43,0,0
1790294563.3653092,27262924425.0,65.3,93.114,1695,7601,43,0,0
1790294563.3833432,27262924425.0,65.3,93.114,1695,7601,44,0,0
1790294563.399182,27262924425.0,65.3,93.114,1695,7601,44,0,0
1790294563.41311,27262927192.0,65.3,93.114,1800,7601,44,0,0
1790294563.4275582,27262927192.0,65.3,93.114,1800,7601,44,0,0
1790294563.4454455,27262927192.0,81.437,95.2,1800,7601,44,0,0
1790294563.4633238,27262927192.0,81.437,95.2,1800,7601,44,0,0
1790294563.4792037,27262927192.0,81.437,95.2,1800,7601,44,0,0
1790294563.4930627,27262927192.0,81.437,95.2,1800,7601,44,0,0
1790294563.5081892,27262930427.0,81.437,95.2,1800,7601,44,0,0
1790294563.5260077,27262930427.0,81.437,95.2,1800,7601,44,4,0
1790294563.53608,27262930427.0,81.437,95.2,1800,7601,44,0,0
1790294563.5460706,27262930427.0,81.437,95.2,1800,7601,44,0,0
1790294563.5560791,27262930427.0,81.437,95.2,1935,7601,44,0,0
1790294563.566071,27262930427.0,81.437,95.2,1935,7601,44,0,0
1790294563.5760689,27262930427.0,82.433,96.339,1935,7601,44,0,0
1790294563.5860796,27262930427.0,82.433,96.339,1935,7601,44,0,0
1790294563.5960727,27262930427.0,82.433,96.339,1935,7601,44,0,0
1790294563.6060793,27262930427.0,82.433,96.339,1935,7601,44,0,0
1790294563.6160727,27262931896.0,82.433,96.339,1935,7601,44,0,0
1790294563.62608,27262931896.0,82.433,96.339,1935,7601,44,4,1
1790294563.6387594,27262931896.0,82.433,96.339,1935,7601,45,4,1
1790294563.65119,27262931896.0,82.433,96.339,1935,7601,45,4,1
1790294563.664494,27262931896.0,82.433,96.339,1935,7601,45,4,1
1790294563.6745548,27262931896.0,82.433,96.339,1935,7601,45,4,1
1790294563.6845636,27262931896.0,88.768,97.436,1935,7601,45,4,1
1790294563.6945596,27262931896.0,88.768,97.436,1935,7601,45,4,1
1790294563.7045646,27262937134.0,88.768,97.436,1935,7601,44,4,1
1790294563.7190473,27262937134.0,88.768,97.436,1935,7601,44,4,1
1790294563.7291203,27262937134.0,88.768,97.436,1935,7601,44,4,1
1790294563.7391107,27262937134.0,88.768,97.436,1935,7601,44,4,1
1790294563.7491171,27262937134.0,88.768,97.436,1935,7601,44,4,1
1790294563.7633624,27262937134.0,88.768,97.436,1935,7601,44,4,1
1790294563.7734349,27262937134.0,88.768,97.436,210,7601,44,4,1
1790294563.7834263,27262937134.0,88.768,97.436,210,7601,44,4,1
1790294563.7934337,27262937134.0,144.22,103.193,210,7601,44,4,1
1790294563.8050535,27262937134.0,144.22,103.193,210,7601,44,4,1
1790294563.8151271,27262939796.0,144.22,103.193,210,7601,44,4,1
1790294563.825113,27262939796.0,144.22,103.193,210,7601,44,4,1
1790294563.835124,27262939796.0,144.22,103.193,210,7601,44,4,1
1790294563.845116,27262939796.0,144.22,103.193,210,7601,44,4,1
1790294563.8576698,27262939796.0,144.22,103.193,210,7601,44,4,1
1790294563.8677378,27262939796.0,144.22,103.193,210,7601,44,4,1
1790294563.8777337,27262939796.0,144.22,103.193,210,7601,44,4,1
1790294563.887742,27262939796.0,144.22,103.193,210,7601,44,4,1
1790294563.9032218,27262939796.0,115.557,101.415,210,7601,44,4,1
1790294563.9132946,27262942391.0,115.557,101.415,210,7601,44,4,1
1790294563.9232833,27262942391.0,115.557,101.415,210,7601,44,4,1
1790294563.9332938,27262942391.0,115.557,101.415,210,7601,44,4,1
1790294563.946474,27262942391.0,115.557,101.415,210,7601,44,4,1
1790294563.9565458,27262942391.0,115.557,101.415,210,7601,44,4,1
1790294563.9665349,27262942391.0,115.557,101.415,210,7601,44,4,1
1790294563.9765449,27262942391.0,115.557,101.415,210,7601,44,4,1
1790294563.9865394,27262942391.0,115.557,101.415,210,7601,44,4,1
1790294563.9997168,27262942391.0,115.557,101.415,210,7601,44,4,1
1790294564.0097876,27262944605.0,114.504,101.625,210,7601,44,4,1
1790294564.0231116,27262944605.0,114.504,101.625,210,7601,44,4,1
1790294564.0331836,27262944605.0,114.504,101.625,210,7601,44,4,1
1790294564.0431728,27262944605.0,114.504,101.625,210,7601,44,4,1
1790294564.053729,27262944605.0,114.504,101.625,210,7601,44,4,1
1790294564.064696,27262944605.0,114.504,101.625,210,7601,44,4,1
1790294564.0747678,27262944605.0,114.504,101.625,210,7601,44,4,1
1790294564.084757,27262944605.0,114.504,101.625,210,7601,44,4,1
1790294564.0947678,27262944605.0,114.504,101.625,210,7601,44,4,1
1790294564.1047595,27262948786.0,114.504,101.625,210,7601,44,4,1
1790294564.1198468,27262948786.0,116.402,101.864,210,7601,44,4,1
1790294564.129904,27262948786.0,116.402,101.864,210,7601,44,4,1
1790294564.1399174,27262948786.0,116.402,101.864,210,7601,44,4,1
1790294564.1499119,27262948786.0,116.402,101.864,210,7601,44,4,0
1790294564.1599193,27262948786.0,116.402,101.864,210,7601,44,4,0
1790294564.1699111,27262948786.0,116.402,101.864,210,7601,44,4,0
1790294564.1799183,27262948786.0,116.402,101.864,210,7601,44,4,0
1790294564.1899114,27262948786.0,116.402,101.864,210,7601,43,4,0
1790294564.199919,27262948786.0,116.402,101.864,1425,7601,43,4,0
1790294564.2099097,27262952364.0,116.402,101.864,1425,7601,43,4,0
1790294564.219917,27262952364.0,78.08200000000001,98.20100000000001,1425,7601,43,4,0
1790294564.2299087,27262952364.0,78.08200000000001,98.20100000000001,1425,7601,43,4,0
1790294564.2399163,27262952364.0,78.08200000000001,98.20100000000001,1425,7601,43,4,0
1790294564.249913,27262952364.0,78.08200000000001,98.20100000000001,1425,7601,43,4,0
1790294564.2599168,27262952364.0,78.08200000000001,98.20100000000001,1425,7601,43,4,0
1790294564.2699108,27262952364.0,78.08200000000001,98.20100000000001,1425,7601,43,0,0
1790294564.2883482,27262952364.0,78.08200000000001,98.20100000000001,1425,7601,43,0,0
1790294564.305664,27262952364.0,78.08200000000001,98.20100000000001,1425,7601,43,4,0
1790294564.3157384,27262954569.0,78.08200000000001,98.20100000000001,1695,7601,43,4,0
1790294564.3257282,27262954569.0,78.08200000000001,98.20100000000001,1695,7601,43,4,0
1790294564.3357353,27262954569.0,68.758,98.513,1695,7601,43,0,0
1790294564.3508313,27262954569.0,68.758,98.513,1695,7601,43,0,0
1790294564.3684905,27262954569.0,68.758,98.513,1695,7601,43,0,0
1790294564.3856363,27262954569.0,68.758,98.513,1695,7601,43,0,0
1790294564.404475,27262954569.0,68.758,98.513,1695,7601,43,0,0
1790294564.4227762,27262956415.0,68.758,98.513,1695,7601,43,0,0
1790294564.439072,27262956415.0,68.758,98.513,1695,7601,43,0,0
1790294564.4534755,27262956415.0,68.758,98.513,1695,7601,43,0,0
1790294564.4685714,27262956415.0,71.009,98.269,1695,7601,43,0,0
1790294564.4854696,27262956415.0,71.009,98.269,1695,7601,43,0,0
1790294564.5042512,27262956415.0,71.009,98.269,1695,7601,43,0,0
1790294564.5222864,27262958407.0,71.009,98.269,1695,7601,43,4,0
1790294564.532359,27262958407.0,71.009,98.269,1695,7601,43,0,0
1790294564.5423474,27262958407.0,71.009,98.269,1695,7601,43,0,0
1790294564.5523582,27262958407.0,71.009,98.269,1695,7601,44,0,0
1790294564.5623498,27262958407.0,71.009,98.269,1695,7601,44,0,0
1790294564.5723565,27262958407.0,71.009,98.269,1935,7601,44,0,0
1790294564.5823483,27262958407.0,71.009,98.269,1935,7601,44,0,0
1790294564.5923586,27262958407.0,74.512,97.638,1935,7601,44,0,0
1790294564.602351,27262958407.0,74.512,97.638,1935,7601,44,0,0
1790294564.6123576,27262961407.0,74.512,97.638,1935,7601,44,0,0
1790294564.6223512,27262961407.0,74.512,97.638,1935,7601,44,0,0
1790294564.6323578,27262961407.0,74.512,97.638,1935,7601,44,0,0
1790294564.6423507,27262961407.0,74.512,97.638,1935,7601,44,0,0
1790294564.6523592,27262961407.0,74.512,97.638,1935,7601,44,4,1
1790294564.6643796,27262961407.0,74.512,97.638,1935,7601,45,4,1
1790294564.6769245,27262961407.0,74.512,97.638,1935,7601,45,4,1
1790294564.6869953,27262961407.0,74.512,97.638,1935,7601,45,4,1
1790294564.703159,27262961407.0,88.025,98.147,1935,7601,45,4,1
1790294564.7132323,27262965731.0,88.025,98.147,1935,7601,45,4,1
1790294564.7232225,27262965731.0,88.025,98.147,1935,7601,45,4,1
1790294564.733231,27262965731.0,88.025,98.147,1935,7601,44,4,1
1790294564.744797,27262965731.0,88.025,98.147,1935,7601,44,4,1
1790294564.7548575,27262965731.0,88.025,98.147,1935,7601,44,4,1
1790294564.7648668,27262965731.0,88.025,98.147,1935,7601,44,4,1
1790294564.7748616,27262965731.0,88.025,98.147,1935,7601,44,4,1
1790294564.7868617,27262965731.0,88.025,98.147,1020,7601,44,4,1
1790294564.7969441,27262965731.0,88.025,98.147,1020,7601,44,4,1
1790294564.8070018,27262968620.0,145.127,103.27,1020,7601,44,4,1
1790294564.8170154,27262968620.0,145.127,103.27,1020,7601,44,4,1
1790294564.8270078,27262968620.0,145.127,103.27,1020,7601,44,4,1
1790294564.8425953,27262968620.0,145.127,103.27,1020,7601,44,4,1
1790294564.852666,27262968620.0,145.127,103.27,1020,7601,44,4,1
1790294564.8626618,27262968620.0,145.127,103.27,1020,7601,44,4,1
1790294564.8726668,27262968620.0,145.127,103.27,1020,7601,44,4,1
1790294564.885149,27262968620.0,145.127,103.27,1020,7601,44,4,1
1790294564.895223,27262968620.0,145.127,103.27,210,7601,44,4,1
1790294564.9052095,27262968620.0,145.127,103.27,210,7601,44,4,1
1790294564.9152203,27262971940.0,118.03,101.169,210,7601,44,4,1
1790294564.925213,27262971940.0,118.03,101.169,210,7601,44,4,1
1790294564.9383807,27262971940.0,118.03,101.169,210,7601,44,4,1
1790294564.9484127,27262971940.0,118.03,101.169,210,7601,44,4,1
1790294564.9584427,27262971940.0,118.03,101.169,210,7601,44,4,1
1790294564.9684548,27262971940.0,118.03,101.169,210,7601,44,4,1
1790294564.9841638,27262971940.0,118.03,101.169,210,7601,44,4,1
1790294564.9942377,27262971940.0,118.03,101.169,210,7601,44,4,1
1790294565.004187,27262971940.0,118.03,101.169,210,7601,44,4,1
1790294565.0142586,27262974408.0,118.03,101.169,210,7601,44,4,1
1790294565.024252,27262974408.0,117.599,101.45,210,7601,44,4,1
1790294565.0370467,27262974408.0,117.599,101.45,210,7601,44,4,1
1790294565.0471196,27262974408.0,117.599,101.45,210,7601,44,4,1
1790294565.0608711,27262974408.0,117.599,101.45,210,7601,44,4,1
1790294565.0709429,27262974408.0,117.599,101.45,210,7601,44,4,1
1790294565.080937,27262974408.0,117.599,101.45,210,7601,44,4,1
1790294565.0935638,27262974408.0,117.599,101.45,210,7601,44,4,1
1790294565.1037405,27262974408.0,117.599,101.45,210,7601,44,4,1
1790294565.1138139,27262978138.0,117.599,101.45,210,7601,44,4,1
1790294565.1238053,27262978138.0,117.599,101.45,210,7601,44,4,1
1790294565.1370778,27262978138.0,116.084,101.11200000000001,210,7601,44,4,1
1790294565.1471348,27262978138.0,116.084,101.11200000000001,210,7601,44,4,1
1790294565.1571465,27262978138.0,116.084,101.11200000000001,210,7601,44,4,1
1790294565.167142,27262978138.0,116.084,101.11200000000001,210,7601,44,4,1
1790294565.1771493,27262978138.0,116.084,101.11200000000001,210,7601,44,4,0
1790294565.1871414,27262978138.0,116.084,101.11200000000001,210,7601,44,4,0
1790294565.1971502,27262978138.0,116.084,101.11200000000001,210,7601,44,4,0
1790294565.2071414,27262979820.0,116.084,101.11200000000001,210,7601,43,4,0
1790294565.2171543,27262979820.0,116.084,101.11200000000001,1425,7601,43,4,0
1790294565.22714,27262979820.0,116.084,101.11200000000001,1425,7601,43,4,0
1790294565.2371497,27262979820.0,85.825,98.333,1425,7601,43,4,0
1790294565.247142,27262979820.0,85.825,98.333,1425,7601,43,4,0
1790294565.25715,27262979820.0,85.825,98.333,1425,7601,43,4,0
1790294565.2671418,27262979820.0,85.825,98.333,1425,7601,43,4,0
1790294565.2771494,27262979820.0,85.825,98.333,1425,7601,43,4,0
1790294565.2871428,27262979820.0,85.825,98.333,1425,7601,43,4,0
1790294565.29715,27262979820.0,85.825,98.333,1425,7601,43,4,0
1790294565.3071437,27262981069.0,85.825,98.333,1425,7601,43,4,0
1790294565.3171499,27262981069.0,85.825,98.333,1725,7601,43,4,0
1790294565.3271422,27262981069.0,85.825,98.333,1725,7601,43,4,0
1790294565.3371491,27262981069.0,65.53,97.19200000000001,1725,7601,43,4,0
1790294565.3471413,27262981069.0,65.53,97.19200000000001,1725,7601,43,4,0
1790294565.3571494,27262981069.0,65.53,97.19200000000001,1725,7601,43,4,0
1790294565.36714,27262981069.0,65.53,97.19200000000001,1725,7601,43,4,0
1790294565.3771477,27262981069.0,65.53,97.19200000000001,1725,7601,43,4,0
1790294565.3871412,27262981069.0,65.53,97.19200000000001,1725,7601,43,4,0
1790294565.39715,27262981069.0,65.53,97.19200000000001,1725,7601,43,4,0
1790294565.407148,27262982406.0,65.53,97.19200000000001,1725,7601,43,4,0
1790294565.417149,27262982406.0,65.53,97.19200000000001,1740,7601,43,0,0
1790294565.4312925,27262982406.0,70.066,97.311,1740,7601,43,0,0
1790294565.4478927,27262982406.0,70.066,97.311,1740,7601,43,0,0
1790294565.4642434,27262982406.0,70.066,97.311,1740,7601,43,4,0
1790294565.4743164,27262982406.0,70.066,97.311,1740,7601,43,0,0
1790294565.4884872,27262982406.0,70.066,97.311,1740,7601,43,0,0
1790294565.5049813,27262982406.0,70.066,97.311,1740,7601,43,0,0
1790294565.5241861,27262984046.0,70.066,97.311,1740,7601,43,0,0
1790294565.5417545,27262984046.0,70.066,97.311,1740,7601,43,0,0
1790294565.5571651,27262984046.0,70.066,97.311,1740,7601,43,0,0
1790294565.5714655,27262984046.0,70.066,97.311,1740,7601,43,0,0
1790294565.5879061,27262984046.0,76.349,97.797,1740,7601,43,0,0
1790294565.6047404,27262984046.0,76.349,97.797,1740,7601,43,0,0
1790294565.6233413,27262986328.0,76.349,97.797,1740,7601,43,0,0
1790294565.6400118,27262986328.0,76.349,97.797,1740,7601,43,0,0
1790294565.6538892,27262986328.0,76.349,97.797,1740,7601,43,0,0
1790294565.675849,27262986328.0,76.349,97.797,1740,7601,43,0,1
1790294565.7330253,27262993199.0,76.349,97.797,210,7601,44,4,1
1790294565.7431018,27262993199.0,76.349,97.797,210,7601,44,4,1
1790294565.753087,27262993199.0,117.93,100.74000000000001,210,7601,44,4,1
1790294565.7645426,27262993199.0,117.93,100.74000000000001,210,7601,44,4,1
1790294565.7746124,27262993199.0,117.93,100.74000000000001,210,7601,44,4,1
1790294565.7846057,27262993199.0,117.93,100.74000000000001,210,7601,44,4,1
1790294565.7946124,27262993199.0,117.93,100.74000000000001,210,7601,44,4,1
1790294565.806009,27262998240.0,117.93,100.74000000000001,210,7601,44,4,1
1790294565.8173795,27262998240.0,117.93,100.74000000000001,210,7601,44,4,1
1790294565.8274524,27262998240.0,117.93,100.74000000000001,210,7601,44,4,1
1790294565.837443,27262998240.0,117.93,100.74000000000001,1020,7601,44,4,1
1790294565.8474493,27262998240.0,117.93,100.74000000000001,1020,7601,44,4,1
1790294565.8637648,27262998240.0,116.729,98.162,1020,7601,44,4,1
1790294565.873836,27262998240.0,116.729,98.162,1020,7601,44,4,1
1790294565.8838277,27262998240.0,116.729,98.162,1020,7601,44,4,1
1790294565.8938358,27262998240.0,116.729,98.162,1020,7601,44,4,1
1790294565.904983,27262998240.0,116.729,98.162,1020,7601,44,4,1
1790294565.9150577,27263000785.0,116.729,98.162,1020,7601,44,4,1
1790294565.9250443,27263000785.0,116.729,98.162,1020,7601,44,4,1
1790294565.9350526,27263000785.0,116.729,98.162,1020,7601,44,4,1
1790294565.9476516,27263000785.0,116.729,98.162,210,7601,44,4,1
1790294565.960994,27263000785.0,116.729,98.162,210,7601,44,4,1
1790294565.9710681,27263000785.0,117.08200000000001,98.018,210,7601,44,4,1
1790294565.981058,27263000785.0,117.08200000000001,98.018,210,7601,44,4,1
1790294565.992987,27263000785.0,117.08200000000001,98.018,210,7601,44,4,1
1790294566.0030446,27263000785.0,117.08200000000001,98.018,210,7601,44,4,1
1790294566.0130582,27263004462.0,117.08200000000001,98.018,210,7601,44,4,1
1790294566.0230513,27263004462.0,117.08200000000001,98.018,210,7601,44,4,1
1790294566.0362506,27263004462.0,117.08200000000001,98.018,210,7601,44,4,1
1790294566.0463347,27263004462.0,117.08200000000001,98.018,210,7601,44,4,1
1790294566.0564084,27263004462.0,117.08200000000001,98.018,210,7601,44,4,1
1790294566.0663984,27263004462.0,117.08200000000001,98.018,210,7601,44,4,1
1790294566.0795958,27263004462.0,116.002,97.83200000000001,210,7601,44,4,1
1790294566.0896668,27263004462.0,116.002,97.83200000000001,210,7601,44,4,1
1790294566.1027253,27263004462.0,116.002,97.83200000000001,210,7601,44,4,1
1790294566.112799,27263006682.0,116.002,97.83200000000001,210,7601,44,4,1
1790294566.1227894,27263006682.0,116.002,97.83200000000001,210,7601,44,4,1
1790294566.13509,27263006682.0,116.002,97.83200000000001,210,7601,44,4,1
1790294566.1451685,27263006682.0,116.002,97.83200000000001,210,7601,44,4,1
1790294566.1552413,27263006682.0,116.002,97.83200000000001,210,7601,44,4,1
1790294566.1652334,27263006682.0,116.002,97.83200000000001,210,7601,44,4,1
1790294566.1755106,27263006682.0,116.002,97.83200000000001,210,7601,44,4,1
1790294566.1855707,27263006682.0,118.049,97.874,210,7601,44,4,1
1790294566.195643,27263006682.0,118.049,97.874,210,7601,44,4,0
1790294566.2056327,27263006682.0,118.049,97.874,210,7601,44,4,0
1790294566.215641,27263008478.0,118.049,97.874,210,7601,44,4,0
1790294566.225635,27263008478.0,118.049,97.874,210,7601,43,4,0
1790294566.2356431,27263008478.0,118.049,97.874,210,7601,43,4,0
1790294566.2456353,27263008478.0,118.049,97.874,210,7601,43,4,0
1790294566.255643,27263008478.0,118.049,97.874,210,7601,43,4,0
1790294566.2656353,27263008478.0,118.049,97.874,1425,7601,43,4,0
1790294566.2756417,27263008478.0,118.049,97.874,1425,7601,43,4,0
1790294566.2856348,27263008478.0,101.809,96.577,1425,7601,43,4,0
1790294566.2956429,27263008478.0,101.809,96.577,1425,7601,43,0,0
1790294566.3098345,27263010061.0,101.809,96.577,1425,7601,43,0,0
1790294566.3281975,27263010061.0,101.809,96.577,1425,7601,43,0,0
1790294566.3445764,27263010061.0,101.809,96.577,1425,7601,43,0,0
1790294566.3626378,27263010061.0,101.809,96.577,1425,7601,43,0,0
1790294566.378786,27263010061.0,101.809,96.577,1425,7601,43,0,0
1790294566.3925056,27263010061.0,101.809,96.577,1785,7601,43,0,0
1790294566.406304,27263013053.0,101.809,96.577,1785,7601,44,0,0
1790294566.424482,27263013053.0,80.395,95.915,1785,7601,44,0,0
1790294566.4427774,27263013053.0,80.395,95.915,1785,7601,43,0,0
1790294566.4586978,27263013053.0,80.395,95.915,1785,7601,43,0,0
1790294566.472994,27263013053.0,80.395,95.915,1785,7601,43,4,0
1790294566.483068,27263013053.0,80.395,95.915,1785,7601,43,4,0
1790294566.4930596,27263013053.0,80.395,95.915,1785,7601,43,0,0
1790294566.5078394,27263016356.0,80.395,95.915,1785,7601,43,0,0
1790294566.5293589,27263016356.0,80.395,95.915,1785,7601,43,4,0
1790294566.5394316,27263016356.0,80.395,95.915,1785,7601,43,4,0
1790294566.5494227,27263016356.0,79.371,96.762,1785,7601,43,4,0
1790294566.5594304,27263016356.0,79.371,96.762,1785,7601,43,4,0
1790294566.569423,27263016356.0,79.371,96.762,1785,7601,43,4,0
1790294566.5794184,27263016356.0,79.371,96.762,1785,7601,43,4,0
1790294566.5894287,27263016356.0,79.371,96.762,1785,7601,44,4,0
1790294566.5994244,27263016356.0,79.371,96.762,1785,7601,44,4,0
1790294566.6094313,27263020826.0,79.371,96.762,1785,7601,44,0,0
1790294566.619421,27263020826.0,79.371,96.762,1785,7601,44,0,0
1790294566.6294284,27263020826.0,79.371,96.762,1935,7601,44,0,0
1790294566.6394205,27263020826.0,79.371,96.762,1935,7601,44,0,0
1790294566.6494308,27263020826.0,82.427,97.315,1935,7601,44,0,0
1790294566.6594217,27263020826.0,82.427,97.315,1935,7601,44,0,0
1790294566.66943,27263020826.0,82.427,97.315,1935,7601,44,0,0
1790294566.679421,27263020826.0,82.427,97.315,1935,7601,44,0,0
1790294566.6894312,27263020826.0,82.427,97.315,1935,7601,44,4,1
1790294566.7015078,27263020826.0,82.427,97.315,1935,7601,45,4,1
1790294566.7133582,27263025078.0,82.427,97.315,1935,7601,45,4,1
1790294566.723401,27263025078.0,82.427,97.315,1935,7601,45,4,1
1790294566.7362924,27263025078.0,82.427,97.315,1890,7601,45,4,1
1790294566.7463608,27263025078.0,82.427,97.315,1890,7601,45,4,1
1790294566.7563567,27263025078.0,123.053,101.503,1890,7601,45,4,1
1790294566.7663631,27263025078.0,123.053,101.503,1890,7601,44,4,1
1790294566.7786314,27263025078.0,123.053,101.503,1890,7601,44,4,1
1790294566.7887,27263025078.0,123.053,101.503,1890,7601,44,4,1
1790294566.7986953,27263025078.0,123.053,101.503,1890,7601,44,4,1
1790294566.8087037,27263028311.0,123.053,101.503,1890,7601,44,4,1
1790294566.8232353,27263028311.0,123.053,101.503,1890,7601,44,4,1
1790294566.8332953,27263028311.0,123.053,101.503,1890,7601,44,4,1
1790294566.843308,27263028311.0,123.053,101.503,210,7601,44,4,1
1790294566.8533006,27263028311.0,123.053,101.503,210,7601,44,4,1
1790294566.8664155,27263028311.0,124.897,102.137,210,7601,44,4,1
1790294566.876473,27263028311.0,124.897,102.137,210,7601,44,4,1
1790294566.8864722,27263028311.0,124.897,102.137,210,7601,44,4,1
1790294566.8964868,27263028311.0,124.897,102.137,210,7601,44,4,1
1790294566.9064813,27263031030.0,124.897,102.137,210,7601,44,4,1
1790294566.9261672,27263031030.0,124.897,102.137,210,7601,44,4,1
1790294566.9362257,27263031030.0,124.897,102.137,210,7601,44,4,1
1790294566.9469984,27263031030.0,124.897,102.137,1020,7601,44,4,1
1790294566.9570713,27263031030.0,124.897,102.137,1020,7601,44,4,1
1790294566.9670622,27263031030.0,117.85900000000001,102.23700000000001,1020,7601,44,4,1
1790294566.9813607,27263031030.0,117.85900000000001,102.23700000000001,1020,7601,44,4,1
1790294566.9914112,27263031030.0,117.85900000000001,102.23700000000001,1020,7601,44,4,1
1790294567.0014255,27263031030.0,117.85900000000001,102.23700000000001,1020,7601,44,4,1
1790294567.011433,27263033968.0,117.85900000000001,102.23700000000001,1020,7601,44,4,1
1790294567.0251222,27263033968.0,117.85900000000001,102.23700000000001,1020,7601,44,4,1
1790294567.0351937,27263033968.0,117.85900000000001,102.23700000000001,1020,7601,44,4,1
1790294567.0461233,27263033968.0,117.85900000000001,102.23700000000001,1020,7601,44,4,1
1790294567.0561953,27263033968.0,117.85900000000001,102.23700000000001,210,7601,44,4,1
1790294567.0661879,27263033968.0,117.85900000000001,102.23700000000001,210,7601,44,4,1
1790294567.0794847,27263033968.0,117.135,102.24300000000001,210,7601,44,4,1
1790294567.0895565,27263033968.0,117.135,102.24300000000001,210,7601,44,4,1
1790294567.1024966,27263033968.0,117.135,102.24300000000001,210,7601,44,4,1
1790294567.112568,27263036180.0,117.135,102.24300000000001,210,7601,44,4,1
1790294567.122567,27263036180.0,117.135,102.24300000000001,210,7601,44,4,1
1790294567.1346781,27263036180.0,117.135,102.24300000000001,210,7601,44,4,1
1790294567.1458476,27263036180.0,117.135,102.24300000000001,210,7601,44,4,1
1790294567.1559155,27263036180.0,117.135,102.24300000000001,210,7601,44,4,1
1790294567.1659122,27263036180.0,117.135,102.24300000000001,210,7601,44,4,1
1790294567.176436,27263036180.0,117.135,102.24300000000001,210,7601,44,4,1
1790294567.186493,27263036180.0,126.031,103.157,210,7601,44,4,1
1790294567.1965075,27263036180.0,126.031,103.157,210,7601,44,4,0
1790294567.206498,27263038457.0,126.031,103.157,210,7601,44,4,0
1790294567.2165082,27263038457.0,126.031,103.157,210,7601,43,4,0
1790294567.2265012,27263038457.0,126.031,103.157,210,7601,43,4,0
1790294567.2365074,27263038457.0,126.031,103.157,210,7601,43,4,0
1790294567.2464986,27263038457.0,126.031,103.157,210,7601,43,4,0
1790294567.2565079,27263038457.0,126.031,103.157,210,7601,43,4,0
1790294567.2665017,27263038457.0,126.031,103.157,1530,7601,43,4,0
1790294567.2765079,27263038457.0,126.031,103.157,1530,7601,43,4,0
1790294567.286501,27263038457.0,101.85000000000001,101.684,1530,7601,43,4,0
1790294567.2965074,27263038457.0,101.85000000000001,101.684,1530,7601,43,4,0
1790294567.3065028,27263039609.0,101.85000000000001,101.684,1530,7601,43,4,0
1790294567.3165066,27263039609.0,101.85000000000001,101.684,1530,7601,43,4,0
1790294567.3264997,27263039609.0,101.85000000000001,101.684,1530,7601,43,4,0
1790294567.3365066,27263039609.0,101.85000000000001,101.684,1530,7601,43,4,0
1790294567.3465002,27263039609.0,101.85000000000001,101.684,1530,7601,43,4,0
1790294567.3565083,27263039609.0,101.85000000000001,101.684,1530,7601,43,4,0
1790294567.3664992,27263039609.0,101.85000000000001,101.684,1725,7601,43,4,0
1790294567.3765066,27263039609.0,101.85000000000001,101.684,1725,7601,43,4,0
1790294567.3865008,27263039609.0,60.068,97.89,1725,7601,43,4,0
1790294567.396511,27263039609.0,60.068,97.89,1725,7601,43,4,0
1790294567.4065,27263040930.0,60.068,97.89,1725,7601,43,4,0
1790294567.416508,27263040930.0,60.068,97.89,1725,7601,43,4,0
1790294567.4264998,27263040930.0,60.068,97.89,1725,7601,43,4,0
1790294567.4365077,27263040930.0,60.068,97.89,1725,7601,43,4,0
1790294567.4465055,27263040930.0,60.068,97.89,1725,7601,43,4,0
1790294567.456508,27263040930.0,60.068,97.89,1725,7601,43,4,0
1790294567.4664998,27263040930.0,60.068,97.89,1800,7601,43,4,0
1790294567.476506,27263040930.0,60.068,97.89,1800,7601,43,0,0
1790294567.4905212,27263040930.0,69.821,98.446,1800,7601,43,0,0
1790294567.5068355,27263043434.0,69.821,98.446,1800,7601,43,0,0
1790294567.5247893,27263043434.0,69.821,98.446,1800,7601,43,4,0
1790294567.5348616,27263043434.0,69.821,98.446,1800,7601,43,4,0
1790294567.5448515,27263043434.0,69.821,98.446,1800,7601,43,4,0
1790294567.5548604,27263043434.0,69.821,98.446,1800,7601,43,0,0
1790294567.5689712,27263043434.0,69.821,98.446,1800,7601,43,0,0
1790294567.586999,27263043434.0,69.821,98.446,1800,7601,43,0,0
1790294567.6039548,27263043434.0,69.821,98.446,1800,7601,43,0,0
1790294567.622073,27263045449.0,69.821,98.446,1800,7601,43,0,0
1790294567.6378422,27263045449.0,79.84400000000001,98.063,1800,7601,43,0,0
1790294567.6516535,27263045449.0,79.84400000000001,98.063,1800,7601,43,0,0
1790294567.6670065,27263045449.0,79.84400000000001,98.063,1800,7601,43,0,0
1790294567.6840832,27263045449.0,79.84400000000001,98.063,1800,7601,43,0,0
1790294567.7411067,27263049431.0,79.84400000000001,98.063,1800,7601,45,4,1
1790294567.7511792,27263049431.0,79.84400000000001,98.063,1800,7601,45,4,1
1790294567.7611713,27263049431.0,79.84400000000001,98.063,210,7601,44,4,1
1790294567.773482,27263049431.0,79.84400000000001,98.063,210,7601,44,4,1
1790294567.783706,27263049431.0,107.538,100.345,210,7601,44,4,1
1790294567.7937782,27263049431.0,107.538,100.345,210,7601,44,4,1
1790294567.803771,27263057083.0,107.538,100.345,210,7601,44,4,1
1790294567.8158774,27263057083.0,107.538,100.345,210,7601,44,4,1
1790294567.8258908,27263057083.0,107.538,100.345,210,7601,44,4,1
1790294567.8359628,27263057083.0,107.538,100.345,210,7601,44,4,1
1790294567.8459563,27263057083.0,107.538,100.345,210,7601,44,4,1
1790294567.8632543,27263057083.0,107.538,100.345,210,7601,44,4,1
1790294567.8733277,27263057083.0,107.538,100.345,210,7601,44,4,1
1790294567.8838284,27263057083.0,129.321,100.924,210,7601,44,4,1
1790294567.8939016,27263057083.0,129.321,100.924,210,7601,44,4,1
1790294567.9038906,27263061093.0,129.321,100.924,210,7601,44,4,1
1790294567.917541,27263061093.0,129.321,100.924,210,7601,44,4,1
1790294567.9276083,27263061093.0,129.321,100.924,210,7601,44,4,1
1790294567.9376028,27263061093.0,129.321,100.924,210,7601,44,4,1
1790294567.9476128,27263061093.0,129.321,100.924,210,7601,44,4,1
1790294567.9619887,27263061093.0,129.321,100.924,210,7601,44,4,1
1790294567.9720583,27263061093.0,129.321,100.924,210,7601,44,4,1
1790294567.9820533,27263061093.0,129.321,100.924,210,7601,44,4,1
1790294567.9920626,27263061093.0,118.154,100.31,210,7601,44,4,1
1790294568.005061,27263061093.0,118.154,100.31,210,7601,44,4,1
1790294568.015135,27263064608.0,118.154,100.31,210,7601,44,4,1
1790294568.0256426,27263064608.0,118.154,100.31,210,7601,44,4,1
1790294568.0357144,27263064608.0,118.154,100.31,210,7601,44,4,1
1790294568.0457056,27263064608.0,118.154,100.31,210,7601,44,4,1
1790294568.0561445,27263064608.0,118.154,100.31,210,7601,44,4,1
1790294568.066202,27263064608.0,118.154,100.31,210,7601,44,4,1
1790294568.078694,27263064608.0,118.154,100.31,210,7601,44,4,1
1790294568.0887659,27263064608.0,118.154,100.31,210,7601,44,4,1
1790294568.0987556,27263064608.0,115.278,100.072,210,7601,44,4,1
1790294568.1106968,27263067148.0,115.278,100.072,210,7601,44,4,1
1790294568.124517,27263067148.0,115.278,100.072,210,7601,44,4,1
1790294568.1345885,27263067148.0,115.278,100.072,210,7601,44,4,1
1790294568.144581,27263067148.0,115.278,100.072,210,7601,44,4,1
1790294568.1561806,27263067148.0,115.278,100.072,210,7601,44,4,1
1790294568.1662383,27263067148.0,115.278,100.072,210,7601,44,4,1
1790294568.1762502,27263067148.0,115.278,100.072,210,7601,44,4,1
1790294568.186245,27263067148.0,115.278,100.072,210,7601,44,4,1
1790294568.2035923,27263067148.0,120.49000000000001,100.378,210,7601,44,4,1
1790294568.213662,27263069294.0,120.49000000000001,100.378,210,7601,44,4,0
1790294568.22366,27263069294.0,120.49000000000001,100.378,210,7601,44,4,0
1790294568.2336643,27263069294.0,120.49000000000001,100.378,210,7601,43,4,0
1790294568.2436554,27263069294.0,120.49000000000001,100.378,210,7601,43,4,0
1790294568.253664,27263069294.0,120.49000000000001,100.378,210,7601,43,4,0
1790294568.2636557,27263069294.0,120.49000000000001,100.378,210,7601,43,4,0
1790294568.273664,27263069294.0,120.49000000000001,100.378,210,7601,43,4,0
1790294568.2836561,27263069294.0,120.49000000000001,100.378,1515,7601,43,4,0
1790294568.2936637,27263069294.0,120.49000000000001,100.378,1515,7601,43,4,0
1790294568.3036568,27263069294.0,115.386,99.41,1515,7601,43,4,0
1790294568.3136625,27263070766.0,115.386,99.41,1515,7601,43,4,0
1790294568.3236556,27263070766.0,115.386,99.41,1515,7601,43,4,0
1790294568.3336618,27263070766.0,115.386,99.41,1515,7601,43,4,0
1790294568.3436544,27263070766.0,115.386,99.41,1515,7601,43,4,0
1790294568.353664,27263070766.0,115.386,99.41,1515,7601,43,4,0
1790294568.363657,27263070766.0,115.386,99.41,1515,7601,43,4,0
1790294568.373664,27263070766.0,115.386,99.41,1515,7601,43,0,0
1790294568.3876631,27263070766.0,115.386,99.41,1785,7601,43,0,0
1790294568.4039028,27263070766.0,115.386,99.41,1785,7601,43,4,0
1790294568.4139764,27263072022.0,73.733,96.673,1785,7601,43,4,0
1790294568.4239657,27263072022.0,73.733,96.673,1785,7601,43,4,0
1790294568.4339733,27263072022.0,73.733,96.673,1785,7601,43,0,0
1790294568.448592,27263072022.0,73.733,96.673,1785,7601,43,0,0
1790294568.466764,27263072022.0,73.733,96.673,1785,7601,43,0,0
1790294568.4836266,27263072022.0,73.733,96.673,1785,7601,43,4,0
1790294568.4937003,27263072022.0,73.733,96.673,1785,7601,43,4,0
1790294568.5036938,27263072022.0,73.733,96.673,1785,7601,43,4,0
1790294568.5136957,27263074150.0,75.59700000000001,97.19800000000001,1785,7601,43,0,0
1790294568.5287507,27263074150.0,75.59700000000001,97.19800000000001,1785,7601,43,0,0
1790294568.5467505,27263074150.0,75.59700000000001,97.19800000000001,1785,7601,43,0,0
1790294568.5632336,27263074150.0,75.59700000000001,97.19800000000001,1785,7601,43,0,0
1790294568.581029,27263074150.0,75.59700000000001,97.19800000000001,1785,7601,43,0,0
1790294568.595872,27263074150.0,75.59700000000001,97.19800000000001,1785,7601,43,0,0
1790294568.6097383,27263077302.0,75.59700000000001,97.19800000000001,1785,7601,43,0,0
1790294568.6268697,27263077302.0,75.59700000000001,97.19800000000001,1785,7601,43,0,0
1790294568.643752,27263077302.0,75.59700000000001,97.19800000000001,1785,7601,43,0,0
1790294568.6616366,27263077302.0,80.415,97.627,1785,7601,43,0,0
1790294568.677736,27263077302.0,80.415,97.627,1785,7601,43,0,0
1790294568.6914077,27263077302.0,80.415,97.627,1785,7601,43,0,0
1790294568.7066257,27263080411.0,80.415,97.627,1785,7601,43,0,0
1790294568.7185183,27263080411.0,80.415,97.627,1785,7601,44,4,1
1790294568.730183,27263080411.0,80.415,97.627,1785,7601,44,4,1
1790294568.740255,27263080411.0,80.415,97.627,1785,7601,44,4,1
1790294568.750245,27263080411.0,80.415,97.627,1785,7601,45,4,1
1790294568.7623873,27263080411.0,80.415,97.627,210,7601,45,4,1
1790294568.7724578,27263080411.0,80.415,97.627,210,7601,45,4,1
1790294568.7824519,27263080411.0,81.272,97.757,210,7601,44,4,1
1790294568.792463,27263080411.0,81.272,97.757,210,7601,44,4,1
1790294568.8042455,27263080411.0,81.272,97.757,210,7601,44,4,1
1790294568.8143194,27263084777.0,81.272,97.757,210,7601,44,4,1
1790294568.824306,27263084777.0,81.272,97.757,210,7601,44,4,1
1790294568.8343165,27263084777.0,81.272,97.757,210,7601,44,4,1
1790294568.84431,27263084777.0,81.272,97.757,210,7601,44,4,1
1790294568.856267,27263084777.0,81.272,97.757,210,7601,44,4,1
1790294568.866595,27263084777.0,81.272,97.757,210,7601,44,4,1
1790294568.8766696,27263084777.0,81.272,97.757,210,7601,44,4,1
1790294568.8866594,27263084777.0,153.17000000000002,101.907,210,7601,44,4,1
1790294568.903268,27263084777.0,153.17000000000002,101.907,210,7601,44,4,1
1790294568.9133394,27263087004.0,153.17000000000002,101.907,210,7601,44,4,1
1790294568.923328,27263087004.0,153.17000000000002,101.907,210,7601,44,4,1
1790294568.9333293,27263087004.0,153.17000000000002,101.907,210,7601,44,4,1
1790294568.9457612,27263087004.0,153.17000000000002,101.907,210,7601,44,4,1
1790294568.955818,27263087004.0,153.17000000000002,101.907,210,7601,44,4,1
1790294568.9658315,27263087004.0,153.17000000000002,101.907,210,7601,44,4,1
1790294568.9758248,27263087004.0,153.17000000000002,101.907,210,7601,44,4,1
1790294568.988432,27263087004.0,117.851,100.857,210,7601,44,4,1
1790294568.998893,27263087004.0,117.851,100.857,210,7601,44,4,1
1790294569.0089643,27263089962.0,117.851,100.857,210,7601,44,4,1
1790294569.018957,27263089962.0,117.851,100.857,210,7601,44,4,1
1790294569.0315642,27263089962.0,117.851,100.857,210,7601,44,4,1
1790294569.041572,27263089962.0,117.851,100.857,210,7601,44,4,1
1790294569.0516431,27263089962.0,117.851,100.857,210,7601,44,4,1
1790294569.0616379,27263089962.0,117.851,100.857,210,7601,44,4,1
1790294569.073698,27263089962.0,117.851,100.857,210,7601,44,4,1
1790294569.084105,27263089962.0,117.851,100.857,210,7601,44,4,1
1790294569.0941765,27263089962.0,117.394,100.788,210,7601,44,4,1
1790294569.1041691,27263089962.0,117.394,100.788,210,7601,44,4,1
1790294569.1177824,27263092441.0,117.394,100.788,210,7601,44,4,1
1790294569.1278505,27263092441.0,117.394,100.788,210,7601,44,4,1
1790294569.1414633,27263092441.0,117.394,100.788,210,7601,44,4,1
1790294569.151535,27263092441.0,117.394,100.788,210,7601,44,4,1
1790294569.1615267,27263092441.0,117.394,100.788,210,7601,44,4,1
1790294569.1717427,27263092441.0,117.394,100.788,210,7601,44,4,1
1790294569.1830752,27263092441.0,117.394,100.788,210,7601,44,4,1
1790294569.193145,27263092441.0,117.394,100.788,210,7601,44,4,1
1790294569.2031362,27263092441.0,108.409,100.167,210,7601,44,4,1
1790294569.2131464,27263095694.0,108.409,100.167,210,7601,44,4,1
1790294569.2240207,27263095694.0,108.409,100.167,210,7601,44,4,1
1790294569.2340941,27263095694.0,108.409,100.167,210,7601,44,4,0
1790294569.2440841,27263095694.0,108.409,100.167,210,7601,44,4,0
1790294569.2540927,27263095694.0,108.409,100.167,210,7601,43,4,0
1790294569.2640836,27263095694.0,108.409,100.167,210,7601,43,4,0
1790294569.2740924,27263095694.0,108.409,100.167,210,7601,43,4,0
1790294569.284086,27263095694.0,108.409,100.167,1425,7601,43,4,0
1790294569.2940912,27263095694.0,108.409,100.167,1425,7601,43,4,0
1790294569.3040848,27263095694.0,118.267,99.964,1425,7601,43,4,0
1790294569.314093,27263097175.0,118.267,99.964,1425,7601,43,4,0
1790294569.3240838,27263097175.0,118.267,99.964,1425,7601,43,4,0
1790294569.3340902,27263097175.0,118.267,99.964,1425,7601,43,4,0
1790294569.3440843,27263097175.0,118.267,99.964,1425,7601,43,4,0
1790294569.35409,27263097175.0,118.267,99.964,1425,7601,43,0,0
1790294569.3692849,27263097175.0,118.267,99.964,1425,7601,43,0,0
1790294569.3869574,27263097175.0,118.267,99.964,1425,7601,43,0,0
1790294569.4036407,27263097175.0,118.267,99.964,1710,7601,43,4,0
1790294569.413716,27263098950.0,118.267,99.964,1710,7601,43,0,0
1790294569.4286802,27263098950.0,69.683,97.241,1710,7601,43,0,0
1790294569.4468908,27263098950.0,69.683,97.241,1710,7601,43,0,0
1790294569.4631522,27263098950.0,69.683,97.241,1710,7601,43,0,0
1790294569.48165,27263098950.0,69.683,97.241,1710,7601,43,0,0
1790294569.4979615,27263098950.0,69.683,97.241,1710,7601,43,0,0
1790294569.5125093,27263101567.0,69.683,97.241,1710,7601,43,4,0
1790294569.5225816,27263101567.0,69.683,97.241,1710,7601,43,4,0
1790294569.5325735,27263101567.0,69.683,97.241,1710,7601,43,4,0
1790294569.5425816,27263101567.0,69.683,97.241,1710,7601,43,4,0
1790294569.5525742,27263101567.0,74.07000000000001,97.269,1710,7601,43,4,0
1790294569.5625799,27263101567.0,74.07000000000001,97.269,1710,7601,43,4,0
1790294569.572571,27263101567.0,74.07000000000001,97.269,1710,7601,43,4,0
1790294569.5825734,27263101567.0,74.07000000000001,97.269,1710,7601,43,4,0
1790294569.59258,27263101567.0,74.07000000000001,97.269,1710,7601,43,4,0
1790294569.6025736,27263101567.0,74.07000000000001,97.269,1710,7601,43,4,0
1790294569.6125815,27263103552.0,74.07000000000001,97.269,1710,7601,43,4,0
1790294569.622573,27263103552.0,74.07000000000001,97.269,1710,7601,44,4,0
1790294569.632582,27263103552.0,74.07000000000001,97.269,1920,7601,44,0,0
1790294569.6425738,27263103552.0,74.07000000000001,97.269,1920,7601,44,0,0
1790294569.6525817,27263103552.0,79.839,97.658,1920,7601,44,0,0
1790294569.6625721,27263103552.0,79.839,97.658,1920,7601,44,0,0
1790294569.6725814,27263103552.0,79.839,97.658,1920,7601,44,0,0
1790294569.6825745,27263103552.0,79.839,97.658,1920,7601,44,0,0
1790294569.6925805,27263103552.0,79.839,97.658,1920,7601,44,0,0
1790294569.7025743,27263103552.0,79.839,97.658,1920,7601,44,0,0
1790294569.7125819,27263105852.0,79.839,97.658,1920,7601,44,0,0
1790294569.722574,27263105852.0,79.839,97.658,1920,7601,44,0,0
1790294569.7325795,27263105852.0,79.839,97.658,1935,7601,45,4,1
1790294569.742571,27263105852.0,79.839,97.658,1935,7601,45,4,1
1790294569.7552896,27263105852.0,89.46900000000001,98.48,1935,7601,45,4,1
1790294569.7653594,27263105852.0,89.46900000000001,98.48,1935,7601,45,4,1
1790294569.7803802,27263105852.0,89.46900000000001,98.48,1935,7601,45,4,1
1790294569.790402,27263105852.0,89.46900000000001,98.48,1935,7601,45,4,1
1790294569.8004534,27263105852.0,89.46900000000001,98.48,1935,7601,44,4,1
1790294569.8104455,27263110390.0,89.46900000000001,98.48,1935,7601,44,4,1
1790294569.824426,27263110390.0,89.46900000000001,98.48,1935,7601,44,4,1
1790294569.8344977,27263110390.0,89.46900000000001,98.48,1935,7601,44,4,1
1790294569.8457153,27263110390.0,89.46900000000001,98.48,210,7601,44,4,1
1790294569.8557866,27263110390.0,89.46900000000001,98.48,210,7601,44,4,1
1790294569.865779,27263110390.0,147.837,104.53,210,7601,44,4,1
1790294569.8833106,27263110390.0,147.837,104.53,210,7601,44,4,1
1790294569.8933792,27263110390.0,147.837,104.53,210,7601,44,4,1
1790294569.903793,27263110390.0,147.837,104.53,210,7601,44,4,1
1790294569.9138668,27263112899.0,147.837,104.53,210,7601,44,4,1
1790294569.9238575,27263112899.0,147.837,104.53,210,7601,44,4,1
1790294569.93783,27263112899.0,147.837,104.53,210,7601,44,4,1
1790294569.9479012,27263112899.0,147.837,104.53,210,7601,44,4,1
1790294569.960193,27263112899.0,147.837,104.53,210,7601,44,4,1
1790294569.970266,27263112899.0,126.59,102.113,210,7601,44,4,1
1790294569.980258,27263112899.0,126.59,102.113,210,7601,44,4,1
1790294569.9922783,27263112899.0,126.59,102.113,210,7601,44,4,1
1790294570.002336,27263112899.0,126.59,102.113,210,7601,44,4,1
1790294570.012348,27263115901.0,126.59,102.113,210,7601,44,4,1
1790294570.022342,27263115901.0,126.59,102.113,210,7601,44,4,1
1790294570.0323474,27263115901.0,126.59,102.113,210,7601,44,4,1
1790294570.0431163,27263115901.0,126.59,102.113,210,7601,44,4,1
1790294570.053188,27263115901.0,126.59,102.113,1020,7601,44,4,1
1790294570.0631766,27263115901.0,126.59,102.113,1020,7601,44,4,1
1790294570.0731764,27263115901.0,115.703,101.916,1020,7601,44,4,1
1790294570.0831873,27263115901.0,115.703,101.916,1020,7601,44,4,1
1790294570.0952625,27263115901.0,115.703,101.916,1020,7601,44,4,1
1790294570.1053226,27263118953.0,115.703,101.916,1020,7601,44,4,1
1790294570.1153324,27263118953.0,115.703,101.916,1020,7601,44,4,1
1790294570.1253283,27263118953.0,115.703,101.916,1020,7601,44,4,1
1790294570.1429477,27263118953.0,115.703,101.916,1020,7601,44,4,1
1790294570.1530209,27263118953.0,115.703,101.916,1020,7601,44,4,1
1790294570.163966,27263118953.0,115.703,101.916,210,7601,44,4,1
1790294570.1740396,27263118953.0,115.703,101.916,210,7601,44,4,1
1790294570.1840305,27263118953.0,117.13,101.894,210,7601,44,4,1
1790294570.197992,27263118953.0,117.13,101.894,210,7601,44,4,1
1790294570.2080617,27263122047.0,117.13,101.894,210,7601,44,4,1
1790294570.2198794,27263122047.0,117.13,101.894,210,7601,44,4,1
1790294570.2299514,27263122047.0,117.13,101.894,210,7601,44,4,1
1790294570.2399442,27263122047.0,117.13,101.894,210,7601,44,4,0
1790294570.249951,27263122047.0,117.13,101.894,210,7601,44,4,0
1790294570.2599404,27263122047.0,117.13,101.894,210,7601,44,4,0
1790294570.2699504,27263122047.0,117.13,101.894,210,7601,44,4,0
1790294570.2799425,27263122047.0,117.13,101.894,210,7601,43,4,0
1790294570.2899458,27263122047.0,119.983,102.946,210,7601,43,4,0
1790294570.2999418,27263122047.0,119.983,102.946,210,7601,43,4,0
1790294570.3099518,27263125019.0,119.983,102.946,210,7601,43,4,0
1790294570.319942,27263125019.0,119.983,102.946,210,7601,43,4,0
1790294570.3299518,27263125019.0,119.983,102.946,210,7601,43,4,0
1790294570.3399441,27263125019.0,119.983,102.946,210,7601,43,4,0
1790294570.3499498,27263125019.0,119.983,102.946,210,7601,43,4,0
1790294570.3599436,27263125019.0,119.983,102.946,210,7601,43,4,0
1790294570.3699484,27263125019.0,119.983,102.946,1665,7601,43,4,0
1790294570.3799415,27263125019.0,119.983,102.946,1665,7601,43,4,0
1790294570.3899457,27263125019.0,74.558,98.974,1665,7601,43,4,0
1790294570.399942,27263125019.0,74.558,98.974,1665,7601,43,4,0
1790294570.4099512,27263127480.0,74.558,98.974,1665,7601,43,4,0
1790294570.4199424,27263127480.0,74.558,98.974,1665,7601,43,4,0
1790294570.4299512,27263127480.0,74.558,98.974,1665,7601,43,4,0
1790294570.4399445,27263127480.0,74.558,98.974,1665,7601,43,4,0
1790294570.4499507,27263127480.0,74.558,98.974,1665,7601,43,4,0
1790294570.4599442,27263127480.0,74.558,98.974,1665,7601,43,4,0
1790294570.4699516,27263127480.0,74.558,98.974,1710,7601,43,4,0
1790294570.4799426,27263127480.0,74.558,98.974,1710,7601,43,4,0
1790294570.4899485,27263127480.0,67.7,98.415,1710,7601,43,4,0
1790294570.499942,27263127480.0,67.7,98.415,1710,7601,43,4,0
1790294570.5099509,27263130048.0,67.7,98.415,1710,7601,43,4,0
1790294570.5199409,27263130048.0,67.7,98.415,1710,7601,43,4,0
1790294570.5299516,27263130048.0,67.7,98.415,1710,7601,43,0,0
1790294570.5464776,27263130048.0,67.7,98.415,1710,7601,43,0,0
1790294570.5628724,27263130048.0,67.7,98.415,1710,7601,43,4,0
1790294570.5729437,27263130048.0,67.7,98.415,1740,7601,43,0,0
1790294570.587411,27263130048.0,69.953,98.44,1740,7601,43,0,0
1790294570.603506,27263130048.0,69.953,98.44,1740,7601,43,0,0
1790294570.6224642,27263131303.0,69.953,98.44,1740,7601,43,0,0
1790294570.6400964,27263131303.0,69.953,98.44,1740,7601,43,0,0
1790294570.6546078,27263131303.0,69.953,98.44,1740,7601,43,0,0
1790294570.6687963,27263131303.0,69.953,98.44,1740,7601,43,0,0
1790294570.6860898,27263131303.0,69.953,98.44,1740,7601,43,0,0
1790294570.7032163,27263131303.0,69.953,98.44,1740,7601,43,0,0
1790294570.7220492,27263133661.0,69.953,98.44,1740,7601,43,0,0
1790294570.7321222,27263133661.0,69.953,98.44,1740,7601,43,0,0
1790294570.7421114,27263133661.0,76.926,98.25,1740,7601,43,0,0
1790294570.7521207,27263133661.0,76.926,98.25,1740,7601,43,0,0
1790294570.7621133,27263133661.0,76.926,98.25,1740,7601,44,0,0
1790294570.7721214,27263133661.0,76.926,98.25,1740,7601,44,0,0
1790294570.7821136,27263133661.0,76.926,98.25,1740,7601,44,0,0
1790294570.7921188,27263133661.0,76.926,98.25,1740,7601,44,0,0
1790294570.8021107,27263133661.0,76.926,98.25,1740,7601,44,0,0
1790294570.8121214,27263135966.0,76.926,98.25,1740,7601,44,0,0
1790294570.8221116,27263135966.0,76.926,98.25,1935,7601,44,0,0
1790294570.8321195,27263135966.0,76.926,98.25,1935,7601,44,0,0
1790294570.8421116,27263135966.0,76.926,98.25,1935,7601,44,0,0
1790294570.8521214,27263135966.0,88.168,98.132,1935,7601,44,0,0
1790294570.8621142,27263135966.0,88.168,98.132,1935,7601,44,0,0
1790294570.8721206,27263135966.0,88.168,98.132,1935,7601,44,0,0
1790294570.8821137,27263135966.0,88.168,98.132,1935,7601,44,0,0
1790294570.8921187,27263135966.0,88.168,98.132,1935,7601,44,0,0
1790294570.9021125,27263135966.0,88.168,98.132,1935,7601,44,0,0
1790294570.9121215,27263138331.0,88.168,98.132,1935,7601,44,0,0
1790294570.9221108,27263138331.0,88.168,98.132,1935,7601,44,0,0
1790294570.9321203,27263138331.0,88.168,98.132,1935,7601,44,0,0
1790294570.9421153,27263138331.0,88.168,98.132,1935,7601,44,0,0
1790294570.9521213,27263138331.0,90.161,92.89,1935,7601,44,0,0
1790294570.962112,27263138331.0,90.161,92.89,1935,7601,44,0,0
1790294570.9721212,27263138331.0,90.161,92.89,1935,7601,44,0,0
1790294570.9821138,27263138331.0,90.161,92.89,1935,7601,44,0,0
1790294570.9921176,27263138331.0,90.161,92.89,1935,7601,44,0,0
1790294571.002114,27263138331.0,90.161,92.89,1935,7601,44,0,0
1790294571.0121193,27263140678.0,90.161,92.89,1935,7601,44,0,0
1790294571.0221112,27263140678.0,90.161,92.89,1935,7601,44,0,0
1790294571.0321195,27263140678.0,90.161,92.89,1935,7601,44,0,0
1790294571.042113,27263140678.0,90.161,92.89,1935,7601,44,0,0
1790294571.0521207,27263140678.0,89.993,89.562,1935,7601,44,0,0
1790294571.062113,27263140678.0,89.993,89.562,1935,7601,44,0,0
1790294571.0721188,27263140678.0,89.993,89.562,1935,7601,44,0,0
1790294571.082115,27263140678.0,89.993,89.562,1935,7601,44,0,0
1790294571.0921175,27263140678.0,89.993,89.562,1935,7601,44,0,0
1790294571.1021125,27263140678.0,89.993,89.562,1935,7601,44,0,0
1790294571.1121206,27263143014.0,89.993,89.562,1935,7601,44,0,0
1790294571.1221144,27263143014.0,89.993,89.562,1935,7601,44,0,0
1790294571.1321213,27263143014.0,89.993,89.562,1935,7601,44,0,0
1790294571.1421146,27263143014.0,89.993,89.562,1935,7601,44,0,0
1790294571.1521194,27263143014.0,89.755,87.203,1935,7601,44,0,0
1790294571.162115,27263143014.0,89.755,87.203,1935,7601,44,0,0
1790294571.1721208,27263143014.0,89.755,87.203,1935,7601,44,0,0
1790294571.1821141,27263143014.0,89.755,87.203,1935,7601,44,0,0
1790294571.192118,27263143014.0,89.755,87.203,1935,7601,44,0,0
1790294571.2021148,27263143014.0,89.755,87.203,1935,7601,44,0,0
1790294571.212122,27263145338.0,89.755,87.203,1935,7601,44,0,0
1790294571.2221143,27263145338.0,89.755,87.203,1935,7601,44,0,0
1790294571.2321212,27263145338.0,89.755,87.203,1935,7601,44,0,0
1790294571.2421162,27263145338.0,89.755,87.203,1935,7601,44,0,0
1790294571.2521217,27263145338.0,89.908,84.72800000000001,1935,7601,44,0,0
1790294571.2621143,27263145338.0,89.908,84.72800000000001,1935,7601,44,0,0
1790294571.2721214,27263145338.0,89.908,84.72800000000001,1935,7601,44,0,0
1790294571.2821138,27263145338.0,89.908,84.72800000000001,1935,7601,44,0,0
1790294571.292118,27263145338.0,89.908,84.72800000000001,1935,7601,44,0,0
1790294571.302113,27263145338.0,89.908,84.72800000000001,1935,7601,44,0,0
1790294571.31212,27263146273.0,89.908,84.72800000000001,1935,7601,44,0,0
1790294571.3221135,27263146273.0,89.908,84.72800000000001,1935,7601,44,0,0
1790294571.3321214,27263146273.0,89.908,84.72800000000001,1935,7601,44,0,0
1790294571.3421142,27263146273.0,89.908,84.72800000000001,1935,7601,44,0,0
1790294571.3521216,27263146273.0,89.908,84.72800000000001,1935,7601,44,0,0
1790294571.362114,27263146273.0,89.908,84.72800000000001,1935,7601,44,0,0
1790294571.3721237,27263146273.0,89.908,84.72800000000001,1935,7601,44,0,0
1790294571.3821135,27263146273.0,89.908,84.72800000000001,1935,7601,44,0,0
1790294571.3921165,27263146273.0,89.908,84.72800000000001,1935,7601,44,0,0
1790294571.402113,27263146273.0,89.908,84.72800000000001,1935,7601,44,0,0
1790294571.4121194,27263146467.0,89.908,84.72800000000001,1935,7601,44,0,0
1790294571.4221287,27263146467.0,89.908,84.72800000000001,1935,7601,44,0,0
1790294571.4321215,27263146467.0,89.908,84.72800000000001,1935,7601,44,0,0
1790294571.4421139,27263146467.0,89.908,84.72800000000001,1935,7601,44,0,0
1790294571.4521203,27263146467.0,89.908,84.72800000000001,1935,7601,44,0,0
1790294571.4621148,27263146467.0,89.908,84.72800000000001,1935,7601,44,0,0
1790294571.4721205,27263146467.0,89.908,84.72800000000001,1935,7601,44,0,0
1790294571.482114,27263146467.0,89.908,84.72800000000001,1935,7601,44,0,0
1790294571.4921181,27263146467.0,89.908,84.72800000000001,1935,7601,44,0,0
1790294571.5021138,27263146467.0,89.908,84.72800000000001,1935,7601,44,0,0
1790294571.5121212,27263146654.0,89.908,84.72800000000001,1935,7601,44,0,0
1790294571.5221114,27263146654.0,89.908,84.72800000000001,1935,7601,44,0,0
1790294571.5321193,27263146654.0,89.908,84.72800000000001,1935,7601,44,0,0
1790294571.5421128,27263146654.0,89.908,84.72800000000001,1935,7601,44,0,0
1790294571.5521197,27263146654.0,89.908,84.72800000000001,1935,7601,44,0,0
1790294571.5621135,27263146654.0,89.908,84.72800000000001,1935,7601,44,0,0
1790294571.5721161,27263146654.0,89.908,84.72800000000001,1935,7601,44,0,0
1790294571.582114,27263146654.0,89.908,84.72800000000001,1935,7601,44,0,0
1790294571.5921178,27263146654.0,89.908,84.72800000000001,1935,7601,44,0,0
1790294571.6021142,27263146654.0,89.908,84.72800000000001,1935,7601,44,0,0
1790294571.6121216,27263146843.0,89.908,84.72800000000001,1935,7601,44,0,0
1790294571.6221128,27263146843.0,89.908,84.72800000000001,1935,7601,44,0,0
1790294571.6321192,27263146843.0,89.908,84.72800000000001,1935,7601,44,0,0
1790294571.6421103,27263146843.0,89.908,84.72800000000001,1935,7601,44,0,0
1790294571.6521194,27263146843.0,89.908,84.72800000000001,1935,7601,44,0,0
1790294571.662115,27263146843.0,89.908,84.72800000000001,1935,7601,44,0,0
1790294571.6721196,27263146843.0,89.908,84.72800000000001,1935,7601,44,0,0
1790294571.682113,27263146843.0,89.908,84.72800000000001,1935,7601,44,0,0
1790294571.6921167,27263146843.0,89.908,84.72800000000001,1935,7601,44,0,0
1790294571.7021153,27263146843.0,89.908,84.72800000000001,1935,7601,44,0,0
1790294571.712122,27263147021.0,89.908,84.72800000000001,1935,7601,44,0,0
1790294571.7221112,27263147021.0,89.908,84.72800000000001,1935,7601,44,0,0
1790294571.7321205,27263147021.0,89.908,84.72800000000001,1935,7601,44,0,0
