t,budget,p_1s,p_10s,q,oldest,n_run,arrivals,tokens,tpot,cap,ctrl_ms,info
0.0,100.0,59.404,59.404,0,0.0,0,0,0,0.0,64,0.005,{}
1.001,100.0,18.313,38.859,0,0.0,0,0,0,0.0,64,0.001,{}
2.001,100.0,34.236,37.318,0,0.0,3,3,30,0.02576,64,0.001,{}
3.001,100.0,99.445,52.85,0,0.0,3,1,120,0.02514,64,0.001,{}
4.001,100.0,99.575,62.195,0,0.0,3,0,117,0.0252,64,0.001,{}
5.0,100.0,99.577,68.425,0,0.0,3,0,120,0.02521,64,0.001,{}
6.0,100.0,99.524,72.868,0,0.0,4,1,140,0.02551,64,0.001,{}
7.0,100.0,99.603,76.21,0,0.0,5,1,175,0.02573,64,0.001,{}
8.001,100.0,99.52,78.8,0,0.0,6,1,198,0.02632,64,0.001,{}
9.0,100.0,99.522,80.872,0,0.0,4,0,179,0.02597,64,0.001,{}
10.001,100.0,99.554,82.57,0,0.0,3,0,126,0.02537,64,0.001,{}
11.0,100.0,99.545,83.985,0,0.0,3,0,120,0.02526,64,0.001,{}
12.001,100.0,99.541,85.182,0,0.0,2,0,116,0.02537,64,0.001,{}
13.001,100.0,99.551,86.208,0,0.0,3,1,101,0.02523,64,0.001,{}
14.001,100.0,99.56,87.098,0,0.0,2,0,82,0.02506,64,0.001,{}
15.0,100.0,99.471,87.871,0,0.0,1,0,38,0.03332,64,0.001,{}
16.001,100.0,99.218,88.539,0,0.0,1,0,22,0.04534,64,0.001,{}
17.0,100.0,99.287,89.136,0,0.0,1,0,22,0.04429,64,0.001,{}
18.001,100.0,99.318,89.672,0,0.0,1,0,23,0.04384,64,0.001,{}
19.001,100.0,99.097,90.143,0,0.0,1,0,23,0.04418,64,0.001,{}
20.001,100.0,99.459,92.146,0,0.0,1,0,23,0.04309,64,0.001,{}
21.001,100.0,99.253,96.193,0,0.0,1,0,23,0.04381,64,0.001,{}
22.0,100.0,99.61,99.462,0,0.0,1,0,23,0.04233,64,0.001,{}
23.001,100.0,94.661,99.222,0,0.0,1,1,20,0.04292,64,0.001,{}
24.0,100.0,99.073,99.197,0,0.0,1,0,22,0.04571,64,0.001,{}
25.001,100.0,99.253,99.181,0,0.0,1,0,22,0.04552,64,0.001,{}
26.001,100.0,99.294,99.17,0,0.0,1,0,22,0.04579,64,0.001,{}
27.001,100.0,99.297,99.154,0,0.0,1,0,22,0.04591,64,0.001,{}
28.0,100.0,99.17,99.137,0,0.0,1,0,22,0.04557,64,0.001,{}
29.001,100.0,98.95,99.108,0,0.0,3,2,108,0.02591,64,0.001,{}
30.001,100.0,99.418,99.101,0,0.0,4,1,119,0.02575,64,0.001,{}
31.001,100.0,99.547,99.101,0,0.0,4,0,152,0.02595,64,0.001,{}
32.001,100.0,99.485,99.099,0,0.0,4,1,158,0.02619,64,0.001,{}
33.001,100.0,99.514,99.097,0,0.0,4,0,156,0.02605,64,0.001,{}
34.0,100.0,99.544,99.096,0,0.0,4,0,152,0.02606,64,0.001,{}
35.001,100.0,99.51,99.098,0,0.0,2,0,134,0.02618,64,0.001,{}
36.0,100.0,99.542,99.114,0,0.0,2,0,80,0.02548,64,0.001,{}
37.001,100.0,99.247,99.112,0,0.0,2,1,75,0.0257,64,0.001,{}
38.001,100.0,99.46,99.119,0,0.0,3,2,120,0.02604,64,0.001,{}
39.0,100.0,99.56,99.142,0,0.0,3,0,117,0.02578,64,0.001,{}
40.001,100.0,99.555,99.147,0,0.0,3,0,114,0.02579,64,0.001,{}
41.001,100.0,99.512,99.16,0,0.0,6,3,190,0.02673,64,0.001,{}
42.0,100.0,99.549,99.157,0,0.0,6,0,222,0.02682,64,0.001,{}
43.0,100.0,99.49,99.399,0,0.0,7,1,251,0.02713,64,0.001,{}
44.0,100.0,99.476,99.419,0,0.0,6,1,254,0.02726,64,0.001,{}
45.001,100.0,99.577,99.435,0,0.0,5,0,204,0.02681,64,0.001,{}
46.001,100.0,99.489,99.445,0,0.0,5,0,190,0.02664,64,0.001,{}
47.001,100.0,99.442,99.452,0,0.0,6,1,208,0.02695,64,0.001,{}
48.001,100.0,99.57,99.472,0,0.0,5,2,174,0.02675,64,0.001,{}
49.001,100.0,99.538,99.501,0,0.0,5,0,190,0.0266,64,0.001,{}
50.0,100.0,99.516,99.506,0,0.0,4,0,155,0.02621,64,0.001,{}
51.0,100.0,99.549,99.506,0,0.0,4,1,129,0.02638,64,0.001,{}
52.0,100.0,99.512,99.508,0,0.0,4,0,152,0.02616,64,0.001,{}
53.001,100.0,99.518,99.508,0,0.0,4,0,152,0.02637,64,0.001,{}
54.0,100.0,99.48,99.505,0,0.0,3,1,121,0.02626,64,0.001,{}
55.001,100.0,99.409,99.5,0,0.0,4,2,138,0.02613,64,0.001,{}
56.0,100.0,99.524,99.499,0,0.0,4,0,152,0.02615,64,0.001,{}
57.0,100.0,99.533,99.513,0,0.0,5,1,163,0.02642,64,0.001,{}
58.001,100.0,99.495,99.515,0,0.0,5,1,186,0.0269,64,0.001,{}
59.001,100.0,99.582,99.516,0,0.0,5,0,185,0.02662,64,0.001,{}
60.001,100.0,99.505,99.513,0,0.0,6,1,220,0.02714,64,0.001,{}
61.0,100.0,99.541,99.515,0,0.0,6,1,215,0.02714,64,0.001,{}
62.001,100.0,99.514,99.513,0,0.0,4,0,178,0.02665,64,0.001,{}
63.0,100.0,99.534,99.515,0,0.0,5,1,153,0.02655,64,0.001,{}
64.0,100.0,99.512,99.517,0,0.0,4,0,174,0.02666,64,0.001,{}
65.001,100.0,99.513,99.514,0,0.0,3,0,132,0.02618,64,0.001,{}
66.0,100.0,99.53,99.516,0,0.0,2,0,111,0.02606,64,0.001,{}
67.0,100.0,99.518,99.52,0,0.0,2,0,78,0.02559,64,0.001,{}
68.001,100.0,99.488,99.516,0,0.0,3,2,66,0.02732,64,0.001,{}
69.0,100.0,99.493,99.513,0,0.0,3,0,114,0.02604,64,0.001,{}
70.001,100.0,99.56,99.516,0,0.0,2,0,102,0.0259,64,0.001,{}
71.0,100.0,99.608,99.519,0,0.0,3,1,97,0.02595,64,0.001,{}
72.0,100.0,99.502,99.518,0,0.0,3,0,117,0.02597,64,0.001,{}
73.001,100.0,99.556,99.52,0,0.0,4,1,140,0.02629,64,0.001,{}
74.001,100.0,99.486,99.52,0,0.0,3,0,141,0.02623,64,0.001,{}
75.001,100.0,99.53,99.526,0,0.0,2,0,103,0.02591,64,0.001,{}
76.001,100.0,99.516,99.526,0,0.0,3,1,96,0.02597,64,0.001,{}
77.001,100.0,99.447,99.522,0,0.0,4,1,134,0.02635,64,0.001,{}
78.0,100.0,99.519,99.523,0,0.0,4,1,147,0.02652,64,0.001,{}
79.0,100.0,99.425,99.515,0,0.0,5,1,167,0.02666,64,0.001,{}
80.0,100.0,99.549,99.517,0,0.0,5,1,185,0.02673,64,0.001,{}
81.0,100.0,99.499,99.515,0,0.0,6,2,225,0.02731,64,0.001,{}
82.0,100.0,99.554,99.517,0,0.0,6,0,222,0.02717,64,0.001,{}
83.001,100.0,99.521,99.516,0,0.0,5,0,196,0.02702,64,0.001,{}
84.0,100.0,99.514,99.516,0,0.0,4,1,170,0.0268,64,0.001,{}
85.0,100.0,99.5,99.516,0,0.0,3,0,119,0.02613,64,0.001,{}
86.001,100.0,99.812,99.53,0,0.0,1,0,89,0.02644,64,0.001,{}
87.0,100.0,98.89,99.498,0,0.0,2,1,22,0.04628,64,0.001,{}
88.001,100.0,99.334,99.491,0,0.0,3,1,78,0.02593,64,0.001,{}
89.0,100.0,99.585,99.495,0,0.0,3,0,117,0.02588,64,0.001,{}
90.001,88.0,99.483,99.491,0,0.0,3,0,114,0.02611,64,0.001,{}
91.0,88.0,99.496,99.486,0,0.0,2,0,93,0.026,64,0.001,{}
92.0,88.0,99.536,99.488,0,0.0,2,0,76,0.02581,64,0.001,{}
93.001,88.0,99.538,99.487,0,0.0,2,0,78,0.0258,64,0.001,{}
94.0,88.0,99.552,99.49,0,0.0,4,3,122,0.02662,64,0.001,{}
95.0,88.0,99.493,99.488,0,0.0,4,1,158,0.02675,64,0.001,{}
96.0,88.0,99.491,99.487,0,0.0,5,1,166,0.02665,64,0.001,{}
97.0,88.0,99.53,99.491,0,0.0,5,0,185,0.02687,64,0.001,{}
98.001,88.0,99.525,99.491,0,0.0,6,1,210,0.02737,64,0.001,{}
99.0,88.0,99.432,99.492,0,0.0,8,2,275,0.0279,64,0.001,{}
100.0,88.0,99.441,99.486,0,0.0,8,0,288,0.02784,64,0.001,{}
101.001,88.0,99.527,99.488,0,0.0,4,0,217,0.0273,64,0.001,{}
102.0,88.0,99.56,99.488,0,0.0,4,1,141,0.02641,64,0.001,{}
103.001,88.0,99.384,99.481,0,0.0,5,2,168,0.02695,64,0.001,{}
104.001,88.0,99.533,99.482,0,0.0,6,1,188,0.027,64,0.001,{}
105.001,88.0,99.516,99.483,0,0.0,6,1,212,0.02707,64,0.001,{}
106.0,88.0,99.48,99.466,0,0.0,7,2,237,0.02755,64,0.001,{}
107.0,88.0,99.543,99.499,0,0.0,7,1,253,0.02742,64,0.001,{}
108.0,88.0,99.47,99.506,0,0.0,7,0,252,0.0275,64,0.001,{}
109.0,88.0,99.491,99.501,0,0.0,9,2,315,0.02815,64,0.001,{}
110.0,88.0,99.468,99.5,0,0.0,7,0,291,0.02781,64,0.001,{}
111.001,88.0,99.489,99.5,0,0.0,7,1,281,0.02766,64,0.001,{}
112.0,88.0,99.502,99.498,0,0.0,6,0,233,0.02742,64,0.001,{}
113.001,88.0,99.475,99.495,0,0.0,4,0,181,0.02689,64,0.001,{}
114.001,88.0,99.531,99.494,0,0.0,3,0,129,0.02627,64,0.001,{}
115.001,88.0,99.532,99.496,0,0.0,2,1,85,0.02589,64,0.001,{}
116.001,88.0,99.535,99.498,0,0.0,2,0,78,0.02585,64,0.001,{}
117.0,88.0,99.422,99.493,0,0.0,2,1,97,0.02614,64,0.001,{}
118.001,88.0,99.528,99.493,0,0.0,2,0,78,0.02587,64,0.001,{}
119.0,88.0,99.529,99.498,0,0.0,2,0,78,0.02572,64,0.001,{}
120.0,88.0,99.497,99.501,0,0.0,2,0,78,0.02575,64,0.001,{}
121.001,88.0,99.528,99.501,0,0.0,2,0,78,0.0257,64,0.001,{}
122.0,88.0,99.603,99.503,0,0.0,1,0,53,0.02892,64,0.001,{}
123.001,88.0,98.885,99.478,0,0.0,2,1,45,0.03209,64,0.001,{}
124.0,88.0,99.503,99.476,0,0.0,2,1,87,0.02606,64,0.001,{}
125.001,88.0,99.535,99.477,0,0.0,3,1,106,0.02617,64,0.001,{}
126.001,88.0,99.385,99.473,0,0.0,4,1,131,0.02652,64,0.001,{}
127.001,88.0,99.338,99.462,0,0.0,6,2,182,0.02719,64,0.003,{}
128.001,88.0,99.533,99.466,0,0.0,6,0,222,0.02718,64,0.001,{}
129.0,88.0,99.522,99.467,0,0.0,5,0,206,0.02715,64,0.001,{}
130.001,88.0,99.515,99.469,0,0.0,4,0,163,0.02676,64,0.001,{}
131.0,88.0,99.506,99.47,0,0.0,3,0,120,0.02614,64,0.001,{}
132.0,88.0,99.542,99.472,0,0.0,3,0,114,0.0262,64,0.001,{}
133.001,88.0,99.511,99.474,0,0.0,2,0,87,0.02609,64,0.001,{}
134.001,88.0,85.115,98.753,0,0.0,1,1,27,0.02851,64,0.001,{}
135.001,88.0,95.513,98.552,0,0.0,1,0,22,0.04445,64,0.001,{}
136.0,88.0,99.566,98.554,0,0.0,1,0,21,0.04682,64,0.001,{}
137.0,88.0,99.123,98.539,0,0.0,2,1,30,0.04002,64,0.001,{}
138.001,88.0,99.136,98.519,0,0.0,3,1,88,0.02615,64,0.001,{}
139.001,88.0,99.487,98.517,0,0.0,3,0,117,0.02611,64,0.001,{}
140.001,88.0,99.515,98.518,0,0.0,3,0,114,0.02613,64,0.001,{}
141.001,88.0,99.387,98.511,0,0.0,3,1,127,0.0265,64,0.001,{}
142.001,88.0,99.482,98.505,0,0.0,3,0,114,0.02613,64,0.001,{}
143.001,88.0,99.561,98.539,0,0.0,5,2,167,0.02663,64,0.001,{}
144.0,88.0,99.49,98.538,0,0.0,4,0,169,0.0268,64,0.001,{}
145.0,88.0,99.51,98.537,0,0.0,4,1,146,0.02649,64,0.001,{}
146.001,88.0,99.484,98.542,0,0.0,4,0,148,0.02647,64,0.001,{}
147.001,88.0,99.51,98.55,0,0.0,5,1,154,0.02658,64,0.001,{}
148.0,88.0,99.481,98.548,0,0.0,6,2,182,0.02678,64,0.001,{}
149.0,88.0,99.521,98.548,0,0.0,6,0,216,0.02722,64,0.001,{}
150.001,78.0,99.509,98.547,0,0.0,2,0,110,0.02641,64,0.001,{}
151.0,78.0,99.509,98.548,0,0.0,2,0,76,0.02585,64,0.001,{}
152.0,78.0,99.516,98.546,0,0.0,2,0,78,0.02572,64,0.001,{}
153.0,78.0,99.464,98.544,0,0.0,3,1,100,0.0261,64,0.001,{}
154.0,78.0,99.478,99.262,0,0.0,3,0,117,0.02616,64,0.001,{}
155.001,78.0,99.813,99.477,0,0.0,1,0,68,0.02905,64,0.001,{}
156.001,78.0,98.571,99.427,0,0.0,2,1,28,0.04147,64,0.001,{}
157.001,78.0,99.278,99.435,0,0.0,2,0,78,0.02566,64,0.001,{}
158.001,78.0,99.478,99.452,0,0.0,2,0,78,0.02568,64,0.001,{}
159.001,78.0,99.535,99.455,0,0.0,2,0,76,0.0258,64,0.001,{}
160.001,78.0,99.518,99.455,0,0.0,1,0,57,0.02871,64,0.001,{}
161.001,78.0,98.829,99.427,0,0.0,1,0,21,0.04639,64,0.001,{}
162.001,78.0,99.019,99.404,0,0.0,1,0,22,0.04601,64,0.001,{}
163.001,78.0,99.18,99.385,0,0.0,2,1,66,0.02719,64,0.001,{}
164.001,78.0,99.652,99.393,0,0.0,1,0,56,0.02854,64,0.001,{}
165.0,78.0,99.169,99.376,0,0.0,1,0,21,0.04758,64,0.001,{}
166.0,78.0,99.173,99.36,0,0.0,1,0,22,0.04749,64,0.001,{}
167.001,78.0,98.7,99.32,0,0.0,2,1,44,0.03179,64,0.001,{}
168.001,78.0,99.544,99.323,0,0.0,2,0,78,0.0258,64,0.001,{}
169.001,78.0,99.52,99.323,0,0.0,2,0,78,0.02582,64,0.001,{}
170.0,78.0,99.533,99.324,0,0.0,2,0,76,0.0258,64,0.001,{}
171.0,78.0,99.278,99.312,0,0.0,1,0,31,0.0378,64,0.001,{}
172.0,78.0,99.092,99.291,0,0.0,2,1,26,0.04255,64,0.001,{}
173.001,78.0,99.346,99.285,0,0.0,2,0,78,0.0256,64,0.001,{}
174.001,78.0,99.466,99.285,0,0.0,1,0,75,0.02562,64,0.001,{}
175.0,78.0,99.514,99.27,0,0.0,1,0,21,0.04748,64,0.001,{}
176.001,78.0,98.494,99.266,0,0.0,2,1,46,0.03168,64,0.001,{}
177.001,78.0,99.515,99.278,0,0.0,3,1,112,0.02603,64,0.001,{}
178.0,78.0,99.56,99.282,0,0.0,3,0,114,0.02603,64,0.001,{}
179.0,78.0,99.513,99.281,0,0.0,3,0,117,0.02609,64,0.0,{}
180.0,78.0,99.527,99.281,0,0.0,3,1,86,0.02578,64,0.001,{}
181.0,78.0,99.463,99.313,0,0.0,4,1,121,0.02621,64,0.001,{}
182.001,78.0,99.538,99.339,0,0.0,5,1,152,0.02645,64,0.001,{}
183.0,78.0,99.541,99.357,0,0.0,3,0,154,0.02648,64,0.001,{}
184.001,78.0,99.515,99.35,0,0.0,2,0,105,0.02592,64,0.001,{}
185.001,78.0,99.531,99.368,0,0.0,3,1,103,0.02594,64,0.001,{}
186.001,78.0,99.489,99.384,0,0.0,4,1,129,0.02622,64,0.001,{}
187.0,78.0,99.516,99.425,0,0.0,4,0,148,0.02639,64,0.001,{}
188.001,78.0,99.479,99.421,0,0.0,5,2,190,0.0272,64,0.001,{}
189.001,78.0,99.502,99.421,0,0.0,5,1,190,0.02691,64,0.001,{}
190.001,78.0,99.528,99.42,0,0.0,4,0,167,0.02655,64,0.001,{}
191.0,78.0,99.545,99.434,0,0.0,4,0,152,0.02643,64,0.001,{}
192.001,78.0,99.458,99.452,0,0.0,3,0,117,0.0261,64,0.001,{}
193.0,78.0,99.515,99.46,0,0.0,3,0,117,0.02608,64,0.001,{}
194.001,78.0,99.433,99.459,0,0.0,2,0,111,0.02621,64,0.001,{}
195.0,78.0,98.81,99.424,0,0.0,3,2,39,0.03511,64,0.001,{}
196.001,78.0,99.428,99.47,0,0.0,2,0,97,0.02591,64,0.001,{}
197.0,78.0,99.46,99.468,0,0.0,2,0,78,0.02594,64,0.001,{}
198.001,78.0,99.566,99.468,0,0.0,4,2,111,0.02625,64,0.001,{}
199.001,78.0,99.475,99.466,0,0.0,4,0,152,0.02634,64,0.001,{}
200.0,78.0,99.483,99.464,0,0.0,4,0,152,0.02636,64,0.001,{}
201.0,78.0,99.493,99.465,0,0.0,5,1,170,0.0268,64,0.001,{}
202.001,78.0,99.522,99.464,0,0.0,4,1,182,0.02677,64,0.001,{}
203.0,78.0,99.437,99.459,0,0.0,4,0,148,0.02647,64,0.001,{}
204.001,78.0,99.469,99.457,0,0.0,6,2,199,0.02712,64,0.001,{}
205.0,78.0,99.483,99.454,0,0.0,4,0,179,0.02685,64,0.001,{}
206.0,78.0,99.479,99.454,0,0.0,6,2,204,0.02717,64,0.001,{}
207.0,78.0,99.476,99.452,0,0.0,6,1,203,0.02705,64,0.001,{}
208.001,78.0,99.515,99.454,0,0.0,6,1,204,0.02702,64,0.001,{}
209.0,78.0,99.448,99.451,0,0.0,7,2,202,0.02721,64,0.001,{}
210.0,100.0,99.536,99.451,0,0.0,7,0,259,0.02749,64,0.001,{}
211.001,100.0,99.44,99.446,0,0.0,9,3,272,0.02826,64,0.001,{}
212.0,100.0,99.466,99.447,0,0.0,9,0,324,0.02808,64,0.001,{}
213.001,100.0,99.54,99.448,0,0.0,7,0,272,0.02774,64,0.001,{}
214.0,100.0,99.52,99.452,0,0.0,6,0,234,0.02755,64,0.001,{}
215.001,100.0,99.506,99.487,0,0.0,6,1,226,0.02726,64,0.001,{}
216.0,100.0,99.465,99.489,0,0.0,5,0,208,0.02728,64,0.001,{}
217.0,100.0,99.537,99.493,0,0.0,4,0,155,0.02656,64,0.001,{}
218.001,100.0,99.541,99.491,0,0.0,2,1,109,0.02625,64,0.001,{}
219.001,100.0,99.581,99.497,0,0.0,3,1,84,0.02604,64,0.001,{}
220.001,100.0,99.364,99.491,0,0.0,3,0,114,0.02594,64,0.001,{}
221.0,100.0,99.486,99.49,0,0.0,3,0,117,0.02608,64,0.001,{}
222.0,100.0,99.54,99.491,0,0.0,2,0,100,0.02594,64,0.002,{}
223.001,100.0,99.514,99.495,0,0.0,3,1,106,0.02601,64,0.001,{}
224.001,100.0,99.479,99.496,0,0.0,5,2,161,0.0267,64,0.001,{}
225.001,100.0,99.452,99.494,0,0.0,5,1,187,0.02683,64,0.001,{}
226.001,100.0,99.513,99.496,0,0.0,4,0,169,0.02661,64,0.001,{}
227.0,100.0,99.542,99.499,0,0.0,4,0,152,0.02636,64,0.001,{}
228.001,100.0,99.569,99.502,0,0.0,4,0,152,0.02633,64,0.001,{}
229.0,100.0,99.512,99.505,0,0.0,5,1,152,0.02646,64,0.001,{}
230.001,100.0,99.478,99.502,0,0.0,4,1,156,0.02668,64,0.001,{}
231.001,100.0,99.49,99.505,0,0.0,3,0,131,0.02621,64,0.001,{}
232.001,100.0,99.51,99.507,0,0.0,2,0,78,0.02589,64,0.001,{}
233.001,100.0,99.487,99.504,0,0.0,3,1,88,0.0261,64,0.001,{}
234.0,100.0,99.509,99.504,0,0.0,3,0,114,0.02608,64,0.001,{}
235.001,100.0,99.509,99.504,0,0.0,4,1,129,0.02625,64,0.001,{}
236.001,100.0,99.544,99.508,0,0.0,4,1,170,0.0268,64,0.001,{}
237.001,100.0,99.501,99.506,0,0.0,5,2,177,0.02702,64,0.001,{}
238.0,100.0,99.48,99.503,0,0.0,6,1,218,0.0272,64,0.001,{}
239.0,100.0,99.494,99.499,0,0.0,6,0,222,0.02722,64,0.001,{}
240.0,100.0,99.511,99.506,0,0.0,6,1,230,0.02742,64,0.001,{}
241.001,100.0,99.52,99.508,0,0.0,6,0,222,0.02726,64,0.001,{}
242.001,100.0,99.511,99.506,0,0.0,7,2,206,0.0272,64,0.001,{}
243.0,100.0,99.509,99.506,0,0.0,6,0,219,0.02748,64,0.001,{}
244.001,100.0,99.532,99.509,0,0.0,4,0,175,0.02675,64,0.001,{}
245.001,100.0,99.462,99.509,0,0.0,3,0,116,0.02617,64,0.001,{}
246.001,100.0,99.531,99.51,0,0.0,3,1,97,0.02608,64,0.001,{}
247.001,100.0,99.534,99.51,0,0.0,2,0,82,0.02583,64,0.001,{}
248.001,100.0,99.481,99.505,0,0.0,2,1,88,0.02601,64,0.001,{}
249.001,100.0,100.006,99.53,0,0.0,1,0,62,0.0274,64,0.001,{}
250.0,100.0,99.117,99.512,0,0.0,1,0,21,0.0477,64,0.001,{}
251.001,100.0,99.26,99.5,0,0.0,3,2,21,0.04681,64,0.001,{}
252.0,100.0,98.932,99.471,0,0.0,3,0,116,0.02625,64,0.001,{}
253.001,100.0,99.461,99.47,0,0.0,3,0,114,0.02611,64,0.001,{}
254.0,100.0,99.503,99.47,0,0.0,5,2,155,0.02685,64,0.001,{}
255.0,100.0,99.52,99.47,0,0.0,5,1,189,0.02692,64,0.001,{}
256.0,100.0,99.511,99.469,0,0.0,5,0,185,0.02688,64,0.001,{}
257.001,100.0,99.519,99.47,0,0.0,5,0,185,0.02686,64,0.001,{}
258.001,100.0,99.469,99.469,0,0.0,3,0,172,0.0269,64,0.001,{}
259.0,100.0,99.532,99.471,0,0.0,4,1,114,0.0262,64,0.001,{}
260.0,100.0,99.453,99.468,0,0.0,3,0,130,0.02673,64,0.001,{}
261.0,100.0,99.414,99.463,0,0.0,3,1,95,0.02622,64,0.001,{}
262.0,100.0,99.492,99.462,0,0.0,2,0,107,0.02616,64,0.001,{}
263.001,100.0,99.54,99.463,0,0.0,2,0,78,0.02568,64,0.001,{}
264.001,100.0,99.521,99.463,0,0.0,2,0,78,0.02575,64,0.001,{}
265.001,100.0,99.485,99.464,0,0.0,2,0,78,0.02576,64,0.001,{}
266.001,100.0,99.621,99.469,0,0.0,1,0,58,0.02844,64,0.001,{}
267.001,100.0,98.471,99.415,0,0.0,2,1,37,0.0347,64,0.001,{}
268.0,100.0,99.516,99.417,0,0.0,2,1,102,0.02587,64,0.001,{}
269.001,100.0,99.531,99.393,0,0.0,2,0,76,0.02593,64,0.001,{}
270.001,100.0,99.531,99.414,0,0.0,2,0,78,0.02577,64,0.001,{}
271.0,100.0,99.301,99.416,0,0.0,1,0,33,0.03571,64,0.001,{}
272.001,100.0,99.071,99.423,0,0.0,1,0,22,0.04599,64,0.001,{}
273.001,100.0,98.901,99.395,0,0.0,1,0,22,0.04641,64,0.001,{}
274.001,100.0,98.211,99.331,0,0.0,3,2,38,0.03517,64,0.001,{}
275.0,100.0,99.581,99.334,0,0.0,2,0,110,0.02601,64,0.001,{}
276.001,100.0,99.536,99.335,0,0.0,2,0,78,0.02583,64,0.001,{}
277.001,100.0,99.504,99.334,0,0.0,2,0,78,0.02585,64,0.001,{}
278.001,100.0,99.463,99.334,0,0.0,3,1,87,0.02596,64,0.001,{}
279.001,100.0,99.355,99.325,0,0.0,6,3,172,0.02691,64,0.001,{}
280.0,100.0,99.525,99.328,0,0.0,6,0,222,0.02704,64,0.001,{}
281.001,100.0,99.429,99.329,0,0.0,6,2,230,0.02752,64,0.001,{}
282.0,100.0,99.51,99.33,0,0.0,9,3,306,0.02785,64,0.001,{}
283.001,100.0,99.46,99.326,0,0.0,10,1,332,0.02866,64,0.001,{}
284.001,100.0,99.482,99.324,0,0.0,10,1,323,0.0287,64,0.001,{}
285.0,100.0,99.463,99.323,0,0.0,10,0,350,0.02882,64,0.001,{}
286.0,100.0,99.513,99.318,0,0.0,8,1,330,0.02859,64,0.001,{}
287.0,100.0,99.474,99.368,0,0.0,8,0,288,0.02789,64,0.001,{}
288.0,100.0,99.503,99.367,0,0.0,7,0,267,0.02804,64,0.001,{}
289.0,100.0,99.432,99.362,0,0.0,4,1,169,0.02724,64,0.001,{}
290.0,100.0,99.442,99.358,0,0.0,3,0,137,0.02667,64,0.001,{}
291.001,100.0,99.503,99.368,0,0.0,2,0,111,0.02627,64,0.001,{}
292.001,100.0,99.503,99.39,0,0.0,3,1,89,0.02623,64,0.001,{}
293.0,100.0,99.555,99.422,0,0.0,2,0,92,0.02597,64,0.001,{}
294.001,100.0,99.534,99.488,0,0.0,4,2,117,0.02625,64,0.001,{}
295.001,100.0,99.406,99.48,0,0.0,5,1,155,0.02665,64,0.001,{}
296.0,100.0,99.544,99.48,0,0.0,4,0,164,0.02695,64,0.001,{}
297.001,100.0,99.511,99.48,0,0.0,4,0,148,0.02674,64,0.001,{}
298.001,100.0,99.496,99.482,0,0.0,4,0,148,0.02686,64,0.001,{}
299.002,100.0,99.524,99.49,0,0.0,4,1,131,0.02665,64,0.001,{}
300.001,100.0,99.511,99.49,0,0.0,3,0,146,0.027,64,0.001,{}
301.001,100.0,99.462,99.491,0,0.0,2,0,100,0.02634,64,0.001,{}
302.001,100.0,99.909,99.511,0,0.0,1,0,24,0.04282,64,0.001,{}
303.001,100.0,99.483,99.512,0,0.0,1,0,21,0.04716,64,0.001,{}
304.001,100.0,98.908,99.484,0,0.0,1,0,22,0.04695,64,0.001,{}
305.0,100.0,98.942,99.458,0,0.0,1,0,21,0.04674,64,0.001,{}
306.0,100.0,98.836,99.424,0,0.0,1,0,21,0.04713,64,0.001,{}
307.001,100.0,98.974,99.399,0,0.0,1,0,22,0.04671,64,0.001,{}
308.0,100.0,98.846,99.366,0,0.0,1,0,21,0.04694,64,0.001,{}
309.001,100.0,99.067,99.348,0,0.0,1,0,21,0.04686,64,0.001,{}
