t_wall,power_w,sm_mhz,mem_mhz,gpu_util,mem_util,temp_c
1784036333.305939,151.298,1980,3201,0.0,0.0,35.0
1784036333.316051,151.298,1980,3201,0.0,0.0,35.0
1784036333.326015,151.298,1980,3201,0.0,0.0,35.0
1784036333.336014,151.298,1980,3201,0.0,0.0,35.0
1784036333.346011,151.298,1980,3201,0.0,0.0,35.0
1784036333.356014,151.298,1980,3201,0.0,0.0,35.0
1784036333.366012,152.122,1980,3201,0.0,0.0,35.0
1784036333.376012,152.122,1980,3201,0.0,0.0,35.0
1784036333.386012,152.122,1980,3201,0.0,0.0,35.0
1784036333.396012,152.122,1980,3201,0.0,0.0,35.0
1784036333.406014,152.122,1980,3201,0.0,0.0,35.0
1784036333.416012,152.122,1980,3201,0.0,0.0,35.0
1784036333.426012,152.122,1980,3201,0.0,0.0,35.0
1784036333.436047,152.122,1980,3201,0.0,0.0,35.0
1784036333.446013,152.122,1980,3201,0.0,0.0,35.0
1784036333.456012,152.122,1980,3201,0.0,0.0,35.0
1784036333.466012,151.423,1980,3201,0.0,0.0,35.0
1784036333.476014,151.423,1980,3201,0.0,0.0,35.0
1784036333.486028,151.423,1980,3201,0.0,0.0,35.0
1784036333.496013,151.423,1980,3201,0.0,0.0,35.0
1784036333.506013,151.423,1980,3201,0.0,0.0,35.0
1784036333.516008,151.423,1980,3201,0.0,0.0,35.0
1784036333.526013,151.423,1980,3201,0.0,0.0,35.0
1784036333.536019,151.423,1980,3201,0.0,0.0,35.0
1784036333.546013,151.423,1980,3201,0.0,0.0,35.0
1784036333.556013,151.423,1980,3201,0.0,0.0,35.0
1784036333.566012,152.026,1980,3201,0.0,0.0,35.0
1784036333.576013,152.026,1980,3201,0.0,0.0,35.0
1784036333.586014,152.026,1980,3201,0.0,0.0,35.0
1784036333.596016,152.026,1980,3201,0.0,0.0,35.0
1784036333.606014,152.026,1980,3201,0.0,0.0,35.0
1784036333.616007,152.026,1980,3201,0.0,0.0,35.0
1784036333.626038,152.026,1980,3201,0.0,0.0,35.0
1784036333.636014,152.026,1980,3201,0.0,0.0,35.0
1784036333.646015,152.026,1980,3201,0.0,0.0,35.0
1784036333.656014,152.026,1980,3201,0.0,0.0,35.0
1784036333.666013,151.343,1980,3201,0.0,0.0,35.0
1784036333.676013,151.343,1980,3201,0.0,0.0,35.0
1784036333.686013,151.343,1980,3201,0.0,0.0,35.0
1784036333.696015,151.343,1980,3201,0.0,0.0,35.0
1784036333.706069,151.343,1980,3201,0.0,0.0,35.0
1784036333.716008,151.343,1980,3201,0.0,0.0,35.0
1784036333.726012,151.343,1980,3201,0.0,0.0,35.0
1784036333.736011,151.343,1980,3201,0.0,0.0,35.0
1784036333.746011,151.343,1980,3201,0.0,0.0,35.0
1784036333.756011,151.343,1980,3201,0.0,0.0,35.0
1784036333.766011,120.841,1980,3201,0.0,0.0,35.0
1784036333.776011,120.841,1980,3201,0.0,0.0,35.0
1784036333.786011,120.841,1980,3201,0.0,0.0,35.0
1784036333.796025,120.841,1980,3201,0.0,0.0,35.0
1784036333.806060,120.841,1980,3201,0.0,0.0,35.0
1784036333.816015,120.841,1980,3201,0.0,0.0,35.0
1784036333.826040,120.841,1980,3201,0.0,0.0,35.0
1784036333.836013,120.841,1980,3201,0.0,0.0,35.0
1784036333.846047,120.841,1980,3201,0.0,0.0,35.0
1784036333.856012,120.841,1980,3201,0.0,0.0,35.0
1784036333.866012,118.005,1980,3201,0.0,0.0,35.0
1784036333.876013,118.005,1980,3201,0.0,0.0,35.0
1784036333.886013,118.005,1980,3201,0.0,0.0,35.0
1784036333.896013,118.005,1980,3201,0.0,0.0,35.0
1784036333.906014,118.005,1980,3201,0.0,0.0,35.0
1784036333.916110,118.005,1980,3201,0.0,0.0,35.0
1784036333.926018,118.005,1980,3201,0.0,0.0,35.0
1784036333.936016,118.005,1980,3201,0.0,0.0,35.0
1784036333.946015,118.005,1980,3201,0.0,0.0,35.0
1784036333.956015,118.005,1980,3201,0.0,0.0,35.0
1784036333.966020,118.086,1980,3201,0.0,0.0,35.0
1784036333.976017,118.086,1980,3201,0.0,0.0,35.0
1784036333.986017,118.086,1980,3201,0.0,0.0,35.0
1784036333.996042,118.086,1980,3201,0.0,0.0,35.0
1784036334.006119,118.086,1980,3201,0.0,0.0,35.0
1784036334.016062,118.086,1980,3201,0.0,0.0,35.0
1784036334.026018,118.086,1980,3201,0.0,0.0,35.0
1784036334.036018,118.086,1980,3201,0.0,0.0,35.0
1784036334.046017,118.086,1980,3201,0.0,0.0,35.0
1784036334.056018,118.086,1980,3201,0.0,0.0,35.0
1784036334.066013,118.144,1980,3201,0.0,0.0,35.0
1784036334.076012,118.144,1980,3201,0.0,0.0,35.0
1784036334.086010,118.144,1980,3201,0.0,0.0,35.0
1784036334.096010,118.144,1980,3201,0.0,0.0,35.0
1784036334.106009,118.144,1980,3201,0.0,0.0,35.0
1784036334.116008,118.144,1980,3201,0.0,0.0,35.0
1784036334.126008,118.144,1980,3201,0.0,0.0,35.0
1784036334.136010,118.144,1980,3201,0.0,0.0,35.0
1784036334.146011,118.144,1980,3201,0.0,0.0,35.0
1784036334.156008,118.144,1980,3201,0.0,0.0,35.0
1784036334.166008,118.228,1980,3201,0.0,0.0,35.0
1784036334.176008,118.228,1980,3201,0.0,0.0,35.0
1784036334.186009,118.228,1980,3201,0.0,0.0,35.0
1784036334.196009,118.228,1980,3201,0.0,0.0,35.0
1784036334.206087,118.228,1980,3201,0.0,0.0,35.0
1784036334.216014,118.228,1980,3201,0.0,0.0,35.0
1784036334.226065,118.228,1980,3201,0.0,0.0,35.0
1784036334.236014,118.228,1980,3201,0.0,0.0,35.0
1784036334.246014,118.228,1980,3201,0.0,0.0,35.0
1784036334.256074,118.228,1980,3201,0.0,0.0,35.0
1784036334.266037,118.285,1980,3201,0.0,0.0,35.0
1784036334.276006,118.285,1980,3201,0.0,0.0,35.0
1784036334.286006,118.285,1980,3201,0.0,0.0,35.0
1784036334.296006,118.285,1980,3201,0.0,0.0,35.0
1784036334.306087,118.285,1980,3201,0.0,0.0,35.0
1784036334.316011,118.285,1980,3201,0.0,0.0,35.0
1784036334.326033,118.285,1980,3201,0.0,0.0,35.0
1784036334.336010,118.285,1980,3201,0.0,0.0,35.0
1784036334.346011,118.285,1980,3201,0.0,0.0,35.0
1784036334.356011,118.285,1980,3201,0.0,0.0,35.0
1784036334.366011,118.258,1980,3201,0.0,0.0,35.0
1784036334.376012,118.258,1980,3201,0.0,0.0,35.0
1784036334.386058,118.258,1980,3201,0.0,0.0,35.0
1784036334.396012,118.258,1980,3201,0.0,0.0,35.0
1784036334.406012,118.258,1980,3201,0.0,0.0,35.0
1784036334.416012,118.258,1980,3201,0.0,0.0,35.0
1784036334.426015,118.258,1980,3201,0.0,0.0,35.0
1784036334.436012,118.258,1980,3201,0.0,0.0,35.0
1784036334.446013,118.258,1980,3201,0.0,0.0,35.0
1784036334.456012,118.258,1980,3201,0.0,0.0,35.0
1784036334.466011,118.222,1980,3201,0.0,0.0,35.0
1784036334.476013,118.222,1980,3201,0.0,0.0,35.0
1784036334.486013,118.222,1980,3201,0.0,0.0,35.0
1784036334.496017,118.222,1980,3201,0.0,0.0,35.0
1784036334.506013,118.222,1980,3201,0.0,0.0,35.0
1784036334.516014,118.222,1980,3201,0.0,0.0,35.0
1784036334.526014,118.222,1980,3201,0.0,0.0,35.0
1784036334.536013,118.222,1980,3201,0.0,0.0,35.0
1784036334.546012,118.222,1980,3201,0.0,0.0,35.0
1784036334.556013,118.222,1980,3201,0.0,0.0,35.0
1784036334.566013,118.219,1980,3201,0.0,0.0,35.0
1784036334.576014,118.219,1980,3201,0.0,0.0,35.0
1784036334.586014,118.219,1980,3201,0.0,0.0,35.0
1784036334.596014,118.219,1980,3201,0.0,0.0,35.0
1784036334.606014,118.219,1980,3201,0.0,0.0,35.0
1784036334.616014,118.219,1980,3201,0.0,0.0,35.0
1784036334.626015,118.219,1980,3201,0.0,0.0,35.0
1784036334.636015,118.219,1980,3201,0.0,0.0,35.0
1784036334.646015,118.219,1980,3201,0.0,0.0,35.0
1784036334.656016,118.219,1980,3201,0.0,0.0,35.0
1784036334.666012,118.240,1980,3201,0.0,0.0,35.0
1784036334.676013,118.240,1980,3201,0.0,0.0,35.0
1784036334.686014,118.240,1980,3201,0.0,0.0,35.0
1784036334.696012,118.240,1980,3201,0.0,0.0,35.0
1784036334.706011,118.240,1980,3201,0.0,0.0,35.0
1784036334.716044,118.240,1980,3201,0.0,0.0,35.0
1784036334.726011,118.240,1980,3201,0.0,0.0,35.0
1784036334.736012,118.240,1980,3201,0.0,0.0,35.0
1784036334.746011,118.240,1980,3201,0.0,0.0,35.0
1784036334.756011,118.240,1980,3201,0.0,0.0,35.0
1784036334.766011,118.262,1980,3201,0.0,0.0,35.0
1784036334.776010,118.262,1980,3201,0.0,0.0,35.0
1784036334.786012,118.262,1980,3201,0.0,0.0,35.0
1784036334.796100,118.262,1980,3201,0.0,0.0,35.0
1784036334.806013,118.262,1980,3201,0.0,0.0,35.0
1784036334.816013,118.262,1980,3201,0.0,0.0,35.0
1784036334.826060,118.262,1980,3201,0.0,0.0,35.0
1784036334.836012,118.262,1980,3201,0.0,0.0,35.0
1784036334.846012,118.262,1980,3201,0.0,0.0,35.0
1784036334.856011,118.262,1980,3201,0.0,0.0,35.0
1784036334.866011,118.246,1980,3201,0.0,0.0,35.0
1784036334.876010,118.246,1980,3201,0.0,0.0,35.0
1784036334.886011,118.246,1980,3201,0.0,0.0,35.0
1784036334.896011,118.246,1980,3201,0.0,0.0,35.0
1784036334.906012,118.246,1980,3201,0.0,0.0,35.0
1784036334.916027,118.246,1980,3201,0.0,0.0,35.0
1784036334.926011,118.246,1980,3201,0.0,0.0,35.0
1784036334.936026,118.246,1980,3201,0.0,0.0,35.0
1784036334.946011,118.246,1980,3201,0.0,0.0,35.0
1784036334.956011,118.246,1980,3201,0.0,0.0,35.0
1784036334.966011,118.232,1980,3201,0.0,0.0,35.0
1784036334.976011,118.232,1980,3201,0.0,0.0,35.0
1784036334.986010,118.232,1980,3201,0.0,0.0,35.0
1784036334.996010,118.232,1980,3201,0.0,0.0,35.0
1784036335.006009,118.232,1980,3201,0.0,0.0,35.0
1784036335.016011,118.232,1980,3201,0.0,0.0,35.0
1784036335.026042,118.232,1980,3201,0.0,0.0,35.0
1784036335.036012,118.232,1980,3201,0.0,0.0,35.0
1784036335.046012,118.232,1980,3201,0.0,0.0,35.0
1784036335.056011,118.232,1980,3201,0.0,0.0,35.0
1784036335.066011,118.239,1980,3201,0.0,0.0,35.0
1784036335.076016,118.239,1980,3201,0.0,0.0,35.0
1784036335.086012,118.239,1980,3201,0.0,0.0,35.0
1784036335.096012,118.239,1980,3201,0.0,0.0,35.0
1784036335.106086,118.239,1980,3201,0.0,0.0,35.0
1784036335.116012,118.239,1980,3201,0.0,0.0,35.0
1784036335.126012,118.239,1980,3201,0.0,0.0,35.0
1784036335.136010,118.239,1980,3201,0.0,0.0,35.0
1784036335.146011,118.239,1980,3201,0.0,0.0,35.0
1784036335.156055,118.239,1980,3201,0.0,0.0,35.0
1784036335.166010,118.243,1980,3201,0.0,0.0,35.0
1784036335.176010,118.243,1980,3201,0.0,0.0,35.0
1784036335.186010,118.243,1980,3201,0.0,0.0,35.0
1784036335.196012,118.243,1980,3201,0.0,0.0,35.0
1784036335.206027,118.243,1980,3201,0.0,0.0,35.0
1784036335.216012,118.243,1980,3201,0.0,0.0,35.0
1784036335.226047,118.243,1980,3201,0.0,0.0,35.0
1784036335.236113,118.243,1980,3201,0.0,0.0,35.0
1784036335.246057,118.243,1980,3201,0.0,0.0,35.0
1784036335.256015,118.243,1980,3201,0.0,0.0,35.0
1784036335.266015,118.251,1980,3201,0.0,0.0,35.0
1784036335.276014,118.251,1980,3201,0.0,0.0,35.0
1784036335.286034,118.251,1980,3201,0.0,0.0,35.0
1784036335.296015,118.251,1980,3201,0.0,0.0,35.0
1784036335.306013,118.251,1980,3201,0.0,0.0,35.0
1784036335.316013,118.251,1980,3201,0.0,0.0,35.0
1784036335.326014,118.251,1980,3201,0.0,0.0,35.0
1784036335.336015,118.251,1980,3201,0.0,0.0,35.0
1784036335.346015,118.251,1980,3201,0.0,0.0,35.0
1784036335.356017,118.251,1980,3201,0.0,0.0,35.0
1784036335.366058,118.241,1980,3201,0.0,0.0,35.0
1784036335.376031,118.241,1980,3201,0.0,0.0,35.0
1784036335.386046,118.241,1980,3201,0.0,0.0,35.0
1784036335.396017,118.241,1980,3201,0.0,0.0,35.0
1784036335.406016,118.241,1980,3201,0.0,0.0,35.0
1784036335.416017,118.241,1980,3201,0.0,0.0,35.0
1784036335.426017,118.241,1980,3201,0.0,0.0,35.0
1784036335.436016,118.241,1980,3201,0.0,0.0,35.0
1784036335.446017,118.241,1980,3201,0.0,0.0,35.0
1784036335.456016,118.241,1980,3201,0.0,0.0,35.0
1784036335.466016,118.242,1980,3201,0.0,0.0,35.0
1784036335.476016,118.242,1980,3201,0.0,0.0,35.0
1784036335.486026,118.242,1980,3201,0.0,0.0,35.0
1784036335.496012,118.242,1980,3201,0.0,0.0,35.0
1784036335.506013,118.242,1980,3201,0.0,0.0,35.0
1784036335.516011,118.242,1980,3201,0.0,0.0,35.0
1784036335.526010,118.242,1980,3201,0.0,0.0,35.0
1784036335.536011,118.242,1980,3201,0.0,0.0,35.0
1784036335.546010,118.242,1980,3201,0.0,0.0,35.0
1784036335.556010,118.242,1980,3201,0.0,0.0,35.0
1784036335.566011,118.238,1980,3201,0.0,0.0,35.0
1784036335.576010,118.238,1980,3201,0.0,0.0,35.0
1784036335.586010,118.238,1980,3201,0.0,0.0,35.0
1784036335.596067,118.238,1980,3201,0.0,0.0,35.0
1784036335.606020,118.238,1980,3201,0.0,0.0,35.0
1784036335.616014,118.238,1980,3201,0.0,0.0,35.0
1784036335.626029,118.238,1980,3201,0.0,0.0,35.0
1784036335.636009,118.238,1980,3201,0.0,0.0,35.0
1784036335.646047,118.238,1980,3201,0.0,0.0,35.0
1784036335.656011,118.238,1980,3201,0.0,0.0,35.0
1784036335.666005,118.230,1980,3201,0.0,0.0,35.0
1784036335.676005,118.230,1980,3201,0.0,0.0,35.0
1784036335.686008,118.230,1980,3201,0.0,0.0,35.0
1784036335.696010,118.230,1980,3201,0.0,0.0,35.0
1784036335.706010,118.230,1980,3201,0.0,0.0,35.0
1784036335.716068,118.230,1980,3201,0.0,0.0,35.0
1784036335.726040,118.230,1980,3201,0.0,0.0,35.0
1784036335.736010,118.230,1980,3201,0.0,0.0,35.0
1784036335.746009,118.230,1980,3201,0.0,0.0,35.0
1784036335.756063,118.230,1980,3201,0.0,0.0,35.0
1784036335.766010,118.214,1980,3201,0.0,0.0,35.0
1784036335.776011,118.214,1980,3201,0.0,0.0,35.0
1784036335.786011,118.214,1980,3201,0.0,0.0,35.0
1784036335.796030,118.214,1980,3201,0.0,0.0,35.0
1784036335.806013,118.214,1980,3201,0.0,0.0,35.0
1784036335.816012,118.214,1980,3201,0.0,0.0,35.0
1784036335.826010,118.214,1980,3201,0.0,0.0,35.0
1784036335.836011,118.214,1980,3201,0.0,0.0,35.0
1784036335.846011,118.214,1980,3201,0.0,0.0,35.0
1784036335.856011,118.214,1980,3201,0.0,0.0,35.0
1784036335.866011,118.180,1980,3201,0.0,0.0,35.0
1784036335.876010,118.180,1980,3201,0.0,0.0,35.0
1784036335.886011,118.180,1980,3201,0.0,0.0,35.0
1784036335.896010,118.180,1980,3201,0.0,0.0,35.0
1784036335.906011,118.180,1980,3201,0.0,0.0,35.0
1784036335.916011,118.180,1980,3201,0.0,0.0,35.0
1784036335.926009,118.180,1980,3201,0.0,0.0,35.0
1784036335.936009,118.180,1980,3201,0.0,0.0,35.0
1784036335.946011,118.180,1980,3201,0.0,0.0,35.0
1784036335.956011,118.180,1980,3201,0.0,0.0,35.0
1784036335.966011,118.172,1980,3201,0.0,0.0,35.0
1784036335.976012,118.172,1980,3201,0.0,0.0,35.0
1784036335.986011,118.172,1980,3201,0.0,0.0,35.0
1784036335.996012,118.172,1980,3201,0.0,0.0,35.0
1784036336.006011,118.172,1980,3201,0.0,0.0,35.0
1784036336.016011,118.172,1980,3201,0.0,0.0,35.0
1784036336.026012,118.172,1980,3201,0.0,0.0,35.0
1784036336.036012,118.172,1980,3201,0.0,0.0,35.0
1784036336.046013,118.172,1980,3201,0.0,0.0,35.0
1784036336.056012,118.172,1980,3201,0.0,0.0,35.0
1784036336.066012,118.167,1980,3201,0.0,0.0,35.0
1784036336.076011,118.167,1980,3201,0.0,0.0,35.0
1784036336.086012,118.167,1980,3201,0.0,0.0,35.0
1784036336.096012,118.167,1980,3201,0.0,0.0,35.0
1784036336.106012,118.167,1980,3201,0.0,0.0,35.0
1784036336.116012,118.167,1980,3201,0.0,0.0,35.0
1784036336.126012,118.167,1980,3201,0.0,0.0,35.0
1784036336.136012,118.167,1980,3201,0.0,0.0,35.0
1784036336.146013,118.167,1980,3201,0.0,0.0,35.0
1784036336.156013,118.167,1980,3201,0.0,0.0,35.0
1784036336.166013,118.128,1980,3201,0.0,0.0,35.0
1784036336.176013,118.128,1980,3201,0.0,0.0,35.0
1784036336.186014,118.128,1980,3201,0.0,0.0,35.0
1784036336.196014,118.128,1980,3201,0.0,0.0,35.0
1784036336.206014,118.128,1980,3201,0.0,0.0,35.0
1784036336.216015,118.128,1980,3201,0.0,0.0,35.0
1784036336.226016,118.128,1980,3201,0.0,0.0,35.0
1784036336.236028,118.128,1980,3201,0.0,0.0,35.0
1784036336.246018,118.128,1980,3201,0.0,0.0,35.0
1784036336.256015,118.128,1980,3201,0.0,0.0,35.0
1784036336.266014,118.104,1980,3201,0.0,0.0,35.0
1784036336.276014,118.104,1980,3201,0.0,0.0,35.0
1784036336.286040,118.104,1980,3201,0.0,0.0,35.0
1784036336.296013,118.104,1980,3201,0.0,0.0,35.0
1784036336.306022,118.104,1980,3201,0.0,0.0,35.0
1784036336.316014,118.104,1980,3201,0.0,0.0,35.0
1784036336.326015,118.104,1980,3201,0.0,0.0,35.0
1784036336.336018,118.104,1980,3201,0.0,0.0,35.0
1784036336.346015,118.104,1980,3201,0.0,0.0,35.0
1784036336.356014,118.104,1980,3201,0.0,0.0,35.0
1784036336.366018,118.076,1980,3201,0.0,0.0,35.0
1784036336.376053,118.076,1980,3201,0.0,0.0,35.0
1784036336.386016,118.076,1980,3201,0.0,0.0,35.0
1784036336.396014,118.076,1980,3201,0.0,0.0,35.0
1784036336.406035,118.076,1980,3201,0.0,0.0,35.0
1784036336.416014,118.076,1980,3201,0.0,0.0,35.0
1784036336.426014,118.076,1980,3201,0.0,0.0,35.0
1784036336.436013,118.076,1980,3201,0.0,0.0,35.0
1784036336.446014,118.076,1980,3201,0.0,0.0,35.0
1784036336.456015,118.076,1980,3201,0.0,0.0,35.0
1784036336.466014,118.075,1980,3201,0.0,0.0,35.0
1784036336.476014,118.075,1980,3201,0.0,0.0,35.0
1784036336.486014,118.075,1980,3201,0.0,0.0,35.0
1784036336.496014,118.075,1980,3201,0.0,0.0,35.0
1784036336.506026,118.075,1980,3201,0.0,0.0,35.0
1784036336.516014,118.075,1980,3201,0.0,0.0,35.0
1784036336.526015,118.075,1980,3201,0.0,0.0,35.0
1784036336.536016,118.075,1980,3201,0.0,0.0,35.0
1784036336.546015,118.075,1980,3201,0.0,0.0,35.0
1784036336.556015,118.075,1980,3201,0.0,0.0,35.0
1784036336.566015,118.086,1980,3201,0.0,0.0,35.0
1784036336.576015,118.086,1980,3201,0.0,0.0,35.0
1784036336.586020,118.086,1980,3201,0.0,0.0,35.0
1784036336.596015,118.086,1980,3201,0.0,0.0,35.0
1784036336.606015,118.086,1980,3201,0.0,0.0,35.0
1784036336.616015,118.086,1980,3201,0.0,0.0,35.0
1784036336.626016,118.086,1980,3201,0.0,0.0,35.0
1784036336.636012,118.086,1980,3201,0.0,0.0,35.0
1784036336.646015,118.086,1980,3201,0.0,0.0,35.0
1784036336.656015,118.086,1980,3201,0.0,0.0,35.0
1784036336.666015,118.057,1980,3201,0.0,0.0,35.0
1784036336.676048,118.057,1980,3201,0.0,0.0,35.0
1784036336.686014,118.057,1980,3201,0.0,0.0,35.0
1784036336.696056,118.057,1980,3201,0.0,0.0,35.0
1784036336.706058,118.057,1980,3201,0.0,0.0,35.0
1784036336.716014,118.057,1980,3201,0.0,0.0,35.0
1784036336.726015,118.057,1980,3201,0.0,0.0,35.0
1784036336.736050,118.057,1980,3201,0.0,0.0,35.0
1784036336.746013,118.057,1980,3201,0.0,0.0,35.0
1784036336.756013,118.057,1980,3201,0.0,0.0,35.0
1784036336.766016,118.022,1980,3201,0.0,0.0,35.0
1784036336.776012,118.022,1980,3201,0.0,0.0,35.0
1784036336.786031,118.022,1980,3201,0.0,0.0,35.0
1784036336.796013,118.022,1980,3201,0.0,0.0,35.0
1784036336.806040,118.022,1980,3201,0.0,0.0,35.0
1784036336.816012,118.022,1980,3201,0.0,0.0,35.0
1784036336.826014,118.022,1980,3201,0.0,0.0,35.0
1784036336.836015,118.022,1980,3201,0.0,0.0,35.0
1784036336.846016,118.022,1980,3201,0.0,0.0,35.0
1784036336.856012,118.022,1980,3201,0.0,0.0,35.0
1784036336.866012,118.024,1980,3201,0.0,0.0,35.0
1784036336.876011,118.024,1980,3201,0.0,0.0,35.0
1784036336.886016,118.024,1980,3201,0.0,0.0,35.0
1784036336.896014,118.024,1980,3201,0.0,0.0,35.0
1784036336.906013,118.024,1980,3201,0.0,0.0,35.0
1784036336.916011,118.024,1980,3201,0.0,0.0,35.0
1784036336.926010,118.024,1980,3201,0.0,0.0,35.0
1784036336.936013,118.024,1980,3201,0.0,0.0,35.0
1784036336.946016,118.024,1980,3201,0.0,0.0,35.0
1784036336.956015,118.024,1980,3201,0.0,0.0,35.0
1784036336.966013,118.022,1980,3201,0.0,0.0,35.0
1784036336.976011,118.022,1980,3201,0.0,0.0,35.0
1784036336.986010,118.022,1980,3201,0.0,0.0,35.0
1784036336.996011,118.022,1980,3201,0.0,0.0,35.0
1784036337.006010,118.022,1980,3201,0.0,0.0,35.0
1784036337.016010,118.022,1980,3201,0.0,0.0,35.0
1784036337.026017,118.022,1980,3201,0.0,0.0,35.0
1784036337.036011,118.022,1980,3201,0.0,0.0,35.0
1784036337.046026,118.022,1980,3201,0.0,0.0,35.0
1784036337.056013,118.022,1980,3201,0.0,0.0,35.0
1784036337.066014,118.030,1980,3201,0.0,0.0,35.0
1784036337.076014,118.030,1980,3201,0.0,0.0,35.0
1784036337.086014,118.030,1980,3201,0.0,0.0,35.0
1784036337.096015,118.030,1980,3201,0.0,0.0,35.0
1784036337.106010,118.030,1980,3201,0.0,0.0,35.0
1784036337.116011,118.030,1980,3201,0.0,0.0,35.0
1784036337.126014,118.030,1980,3201,0.0,0.0,35.0
1784036337.136013,118.030,1980,3201,0.0,0.0,35.0
1784036337.146012,118.030,1980,3201,0.0,0.0,35.0
1784036337.156012,118.030,1980,3201,0.0,0.0,35.0
1784036337.166010,118.036,1980,3201,0.0,0.0,35.0
1784036337.176010,118.036,1980,3201,0.0,0.0,35.0
1784036337.186065,118.036,1980,3201,0.0,0.0,35.0
1784036337.196011,118.036,1980,3201,0.0,0.0,35.0
1784036337.206053,118.036,1980,3201,0.0,0.0,35.0
1784036337.216011,118.036,1980,3201,0.0,0.0,35.0
1784036337.226011,118.036,1980,3201,0.0,0.0,35.0
1784036337.236011,118.036,1980,3201,0.0,0.0,35.0
1784036337.246029,118.036,1980,3201,0.0,0.0,35.0
1784036337.256054,118.036,1980,3201,0.0,0.0,35.0
1784036337.266012,118.044,1980,3201,0.0,0.0,35.0
1784036337.276104,118.044,1980,3201,0.0,0.0,35.0
1784036337.286012,118.044,1980,3201,0.0,0.0,35.0
1784036337.296052,118.044,1980,3201,0.0,0.0,35.0
1784036337.306012,118.044,1980,3201,0.0,0.0,35.0
1784036337.316013,118.044,1980,3201,0.0,0.0,35.0
1784036337.326013,118.044,1980,3201,0.0,0.0,35.0
1784036337.336012,118.044,1980,3201,0.0,0.0,35.0
1784036337.346016,118.044,1980,3201,0.0,0.0,35.0
1784036337.356013,118.044,1980,3201,0.0,0.0,35.0
1784036337.366014,118.028,1980,3201,0.0,0.0,35.0
1784036337.376015,118.028,1980,3201,0.0,0.0,35.0
1784036337.386014,118.028,1980,3201,0.0,0.0,35.0
1784036337.396013,118.028,1980,3201,0.0,0.0,35.0
1784036337.406017,118.028,1980,3201,0.0,0.0,35.0
1784036337.416013,118.028,1980,3201,0.0,0.0,35.0
1784036337.426016,118.028,1980,3201,0.0,0.0,35.0
1784036337.436090,118.028,1980,3201,0.0,0.0,35.0
1784036337.446013,118.028,1980,3201,0.0,0.0,35.0
1784036337.456014,118.028,1980,3201,0.0,0.0,35.0
1784036337.466014,118.016,1980,3201,0.0,0.0,35.0
1784036337.476012,118.016,1980,3201,0.0,0.0,35.0
1784036337.486012,118.016,1980,3201,0.0,0.0,35.0
1784036337.496024,118.016,1980,3201,0.0,0.0,35.0
1784036337.506014,118.016,1980,3201,0.0,0.0,35.0
1784036337.516011,118.016,1980,3201,0.0,0.0,35.0
1784036337.526055,118.016,1980,3201,0.0,0.0,35.0
1784036337.536012,118.016,1980,3201,0.0,0.0,35.0
1784036337.546014,118.016,1980,3201,0.0,0.0,35.0
1784036337.556013,118.016,1980,3201,0.0,0.0,35.0
1784036337.566013,118.003,1980,3201,0.0,0.0,35.0
1784036337.576011,118.003,1980,3201,0.0,0.0,35.0
1784036337.586011,118.003,1980,3201,0.0,0.0,35.0
1784036337.596013,118.003,1980,3201,0.0,0.0,35.0
1784036337.606014,118.003,1980,3201,0.0,0.0,35.0
1784036337.616011,118.003,1980,3201,0.0,0.0,35.0
1784036337.626035,118.003,1980,3201,0.0,0.0,35.0
1784036337.636010,118.003,1980,3201,0.0,0.0,35.0
1784036337.646010,118.003,1980,3201,0.0,0.0,35.0
1784036337.656010,118.003,1980,3201,0.0,0.0,35.0
1784036337.666013,117.987,1980,3201,0.0,0.0,35.0
1784036337.676012,117.987,1980,3201,0.0,0.0,35.0
1784036337.686012,117.987,1980,3201,0.0,0.0,35.0
1784036337.696011,117.987,1980,3201,0.0,0.0,35.0
1784036337.706012,117.987,1980,3201,0.0,0.0,35.0
1784036337.716011,117.987,1980,3201,0.0,0.0,35.0
1784036337.726012,117.987,1980,3201,0.0,0.0,35.0
1784036337.736011,117.987,1980,3201,0.0,0.0,35.0
1784036337.746013,117.987,1980,3201,0.0,0.0,35.0
1784036337.756012,117.987,1980,3201,0.0,0.0,35.0
1784036337.766012,118.022,1980,3201,0.0,0.0,35.0
1784036337.776016,118.022,1980,3201,0.0,0.0,35.0
1784036337.786014,118.022,1980,3201,0.0,0.0,35.0
1784036337.796011,118.022,1980,3201,0.0,0.0,35.0
1784036337.806011,118.022,1980,3201,0.0,0.0,35.0
1784036337.816056,118.022,1980,3201,0.0,0.0,35.0
1784036337.826011,118.022,1980,3201,0.0,0.0,35.0
1784036337.836016,118.022,1980,3201,0.0,0.0,35.0
1784036337.846019,118.022,1980,3201,0.0,0.0,35.0
1784036337.856013,118.022,1980,3201,0.0,0.0,35.0
1784036337.866012,118.046,1980,3201,0.0,0.0,35.0
1784036337.876013,118.046,1980,3201,0.0,0.0,35.0
1784036337.886014,118.046,1980,3201,0.0,0.0,35.0
1784036337.896013,118.046,1980,3201,0.0,0.0,35.0
1784036337.906014,118.046,1980,3201,0.0,0.0,35.0
1784036337.916013,118.046,1980,3201,0.0,0.0,35.0
1784036337.926013,118.046,1980,3201,0.0,0.0,35.0
1784036337.936013,118.046,1980,3201,0.0,0.0,35.0
1784036337.946013,118.046,1980,3201,0.0,0.0,35.0
1784036337.956014,118.046,1980,3201,0.0,0.0,35.0
1784036337.966014,118.051,1980,3201,0.0,0.0,35.0
1784036337.976014,118.051,1980,3201,0.0,0.0,35.0
1784036337.986012,118.051,1980,3201,0.0,0.0,35.0
1784036337.996013,118.051,1980,3201,0.0,0.0,35.0
1784036338.006014,118.051,1980,3201,0.0,0.0,35.0
1784036338.016014,118.051,1980,3201,0.0,0.0,35.0
1784036338.026014,118.051,1980,3201,0.0,0.0,35.0
1784036338.036014,118.051,1980,3201,0.0,0.0,35.0
1784036338.046015,118.051,1980,3201,0.0,0.0,35.0
1784036338.056016,118.051,1980,3201,0.0,0.0,35.0
1784036338.066051,118.055,1980,3201,0.0,0.0,35.0
1784036338.076014,118.055,1980,3201,0.0,0.0,35.0
1784036338.086014,118.055,1980,3201,0.0,0.0,35.0
1784036338.096014,118.055,1980,3201,0.0,0.0,35.0
1784036338.106015,118.055,1980,3201,0.0,0.0,35.0
1784036338.116014,118.055,1980,3201,0.0,0.0,35.0
1784036338.126015,118.055,1980,3201,0.0,0.0,35.0
1784036338.136015,118.055,1980,3201,0.0,0.0,35.0
1784036338.146015,118.055,1980,3201,0.0,0.0,35.0
1784036338.156060,118.055,1980,3201,0.0,0.0,35.0
1784036338.166023,118.052,1980,3201,0.0,0.0,35.0
1784036338.176017,118.052,1980,3201,0.0,0.0,35.0
1784036338.186042,118.052,1980,3201,0.0,0.0,35.0
1784036338.196018,118.052,1980,3201,0.0,0.0,35.0
1784036338.206017,118.052,1980,3201,0.0,0.0,35.0
1784036338.216018,118.052,1980,3201,0.0,0.0,35.0
1784036338.226017,118.052,1980,3201,0.0,0.0,35.0
1784036338.236016,118.052,1980,3201,0.0,0.0,35.0
1784036338.246057,118.052,1980,3201,0.0,0.0,35.0
1784036338.256016,118.052,1980,3201,0.0,0.0,35.0
1784036338.266065,118.016,1980,3201,0.0,0.0,35.0
1784036338.276017,118.016,1980,3201,0.0,0.0,35.0
1784036338.286023,118.016,1980,3201,0.0,0.0,35.0
1784036338.296017,118.016,1980,3201,0.0,0.0,35.0
1784036338.306016,118.016,1980,3201,0.0,0.0,35.0
1784036338.316017,118.016,1980,3201,0.0,0.0,35.0
1784036338.326017,118.016,1980,3201,0.0,0.0,35.0
1784036338.336025,118.016,1980,3201,0.0,0.0,35.0
1784036338.346017,118.016,1980,3201,0.0,0.0,35.0
1784036338.356016,118.016,1980,3201,0.0,0.0,35.0
1784036338.366016,118.002,1980,3201,0.0,0.0,34.0
1784036338.376012,118.002,1980,3201,0.0,0.0,34.0
1784036338.386016,118.002,1980,3201,0.0,0.0,34.0
1784036338.396015,118.002,1980,3201,0.0,0.0,34.0
1784036338.406013,118.002,1980,3201,0.0,0.0,34.0
1784036338.416014,118.002,1980,3201,0.0,0.0,34.0
1784036338.426014,118.002,1980,3201,0.0,0.0,34.0
1784036338.436011,118.002,1980,3201,0.0,0.0,34.0
1784036338.446015,118.002,1980,3201,0.0,0.0,34.0
1784036338.456012,118.002,1980,3201,0.0,0.0,34.0
1784036338.466033,117.975,1980,3201,0.0,0.0,34.0
1784036338.476058,117.975,1980,3201,0.0,0.0,34.0
1784036338.486011,117.975,1980,3201,0.0,0.0,34.0
1784036338.496067,117.975,1980,3201,0.0,0.0,34.0
1784036338.506013,117.975,1980,3201,0.0,0.0,34.0
1784036338.516014,117.975,1980,3201,0.0,0.0,34.0
1784036338.526011,117.975,1980,3201,0.0,0.0,34.0
1784036338.536013,117.975,1980,3201,0.0,0.0,34.0
1784036338.546015,117.975,1980,3201,0.0,0.0,34.0
1784036338.556011,117.975,1980,3201,0.0,0.0,34.0
1784036338.566011,117.956,1980,3201,0.0,0.0,34.0
1784036338.576005,117.956,1980,3201,0.0,0.0,34.0
1784036338.586006,117.956,1980,3201,0.0,0.0,34.0
1784036338.596007,117.956,1980,3201,0.0,0.0,34.0
1784036338.606012,117.956,1980,3201,0.0,0.0,34.0
1784036338.616046,117.956,1980,3201,0.0,0.0,34.0
1784036338.626012,117.956,1980,3201,0.0,0.0,34.0
1784036338.636055,117.956,1980,3201,0.0,0.0,34.0
1784036338.646012,117.956,1980,3201,0.0,0.0,34.0
1784036338.656011,117.956,1980,3201,0.0,0.0,34.0
1784036338.666045,117.975,1980,3201,0.0,0.0,34.0
1784036338.676020,117.975,1980,3201,0.0,0.0,34.0
1784036338.686011,117.975,1980,3201,0.0,0.0,34.0
1784036338.696012,117.975,1980,3201,0.0,0.0,34.0
1784036338.706011,117.975,1980,3201,0.0,0.0,34.0
1784036338.716011,117.975,1980,3201,0.0,0.0,34.0
1784036338.726011,117.975,1980,3201,0.0,0.0,34.0
1784036338.736012,117.975,1980,3201,0.0,0.0,34.0
1784036338.746061,117.975,1980,3201,0.0,0.0,34.0
1784036338.756013,117.975,1980,3201,0.0,0.0,34.0
1784036338.766028,117.934,1980,3201,0.0,0.0,34.0
1784036338.776012,117.934,1980,3201,0.0,0.0,34.0
1784036338.786012,117.934,1980,3201,0.0,0.0,34.0
1784036338.796014,117.934,1980,3201,0.0,0.0,34.0
1784036338.806011,117.934,1980,3201,0.0,0.0,34.0
1784036338.816011,117.934,1980,3201,0.0,0.0,34.0
1784036338.826012,117.934,1980,3201,0.0,0.0,34.0
1784036338.836011,117.934,1980,3201,0.0,0.0,34.0
1784036338.846050,117.934,1980,3201,0.0,0.0,34.0
1784036338.856009,117.934,1980,3201,0.0,0.0,34.0
1784036338.866010,117.938,1980,3201,0.0,0.0,34.0
1784036338.876011,117.938,1980,3201,0.0,0.0,34.0
1784036338.886046,117.938,1980,3201,0.0,0.0,34.0
1784036338.896011,117.938,1980,3201,0.0,0.0,34.0
1784036338.906035,117.938,1980,3201,0.0,0.0,34.0
1784036338.916012,117.938,1980,3201,0.0,0.0,34.0
1784036338.926023,117.938,1980,3201,0.0,0.0,34.0
1784036338.936012,117.938,1980,3201,0.0,0.0,34.0
1784036338.946012,117.938,1980,3201,0.0,0.0,34.0
1784036338.956012,117.938,1980,3201,0.0,0.0,34.0
1784036338.966013,117.949,1980,3201,0.0,0.0,34.0
1784036338.976012,117.949,1980,3201,0.0,0.0,34.0
1784036338.986142,117.949,1980,3201,0.0,0.0,34.0
1784036338.996013,117.949,1980,3201,0.0,0.0,34.0
1784036339.006012,117.949,1980,3201,0.0,0.0,34.0
1784036339.016012,117.949,1980,3201,0.0,0.0,34.0
1784036339.026012,117.949,1980,3201,0.0,0.0,34.0
1784036339.036012,117.949,1980,3201,0.0,0.0,34.0
1784036339.046013,117.949,1980,3201,0.0,0.0,34.0
1784036339.056013,117.949,1980,3201,0.0,0.0,34.0
1784036339.066013,117.925,1980,3201,0.0,0.0,34.0
1784036339.076014,117.925,1980,3201,0.0,0.0,34.0
1784036339.086014,117.925,1980,3201,0.0,0.0,34.0
1784036339.096014,117.925,1980,3201,0.0,0.0,34.0
1784036339.106013,117.925,1980,3201,0.0,0.0,34.0
1784036339.116014,117.925,1980,3201,0.0,0.0,34.0
1784036339.126014,117.925,1980,3201,0.0,0.0,34.0
1784036339.136014,117.925,1980,3201,0.0,0.0,34.0
1784036339.146015,117.925,1980,3201,0.0,0.0,34.0
1784036339.156015,117.925,1980,3201,0.0,0.0,34.0
1784036339.166015,117.929,1980,3201,0.0,0.0,34.0
1784036339.176015,117.929,1980,3201,0.0,0.0,34.0
1784036339.186016,117.929,1980,3201,0.0,0.0,34.0
1784036339.196015,117.929,1980,3201,0.0,0.0,34.0
1784036339.206030,117.929,1980,3201,0.0,0.0,34.0
1784036339.216014,117.929,1980,3201,0.0,0.0,34.0
1784036339.226011,117.929,1980,3201,0.0,0.0,34.0
1784036339.236009,117.929,1980,3201,0.0,0.0,34.0
1784036339.246010,117.929,1980,3201,0.0,0.0,34.0
1784036339.256009,117.929,1980,3201,0.0,0.0,34.0
1784036339.266053,117.948,1980,3201,0.0,0.0,34.0
1784036339.276046,117.948,1980,3201,0.0,0.0,34.0
1784036339.286010,117.948,1980,3201,0.0,0.0,34.0
1784036339.296024,117.948,1980,3201,0.0,0.0,34.0
1784036339.306010,117.948,1980,3201,0.0,0.0,34.0
1784036339.316023,117.948,1980,3201,0.0,0.0,34.0
1784036339.326011,117.948,1980,3201,0.0,0.0,34.0
1784036339.336011,117.948,1980,3201,0.0,0.0,34.0
1784036339.346014,117.948,1980,3201,0.0,0.0,34.0
1784036339.356010,117.948,1980,3201,0.0,0.0,34.0
1784036339.366010,117.977,1980,3201,0.0,0.0,34.0
1784036339.376010,117.977,1980,3201,0.0,0.0,34.0
1784036339.386010,117.977,1980,3201,0.0,0.0,34.0
1784036339.396010,117.977,1980,3201,0.0,0.0,34.0
1784036339.406030,117.977,1980,3201,0.0,0.0,34.0
1784036339.416014,117.977,1980,3201,0.0,0.0,34.0
1784036339.426010,117.977,1980,3201,0.0,0.0,34.0
1784036339.436009,117.977,1980,3201,0.0,0.0,34.0
1784036339.446009,117.977,1980,3201,0.0,0.0,34.0
1784036339.456010,117.977,1980,3201,0.0,0.0,34.0
1784036339.466010,118.010,1980,3201,0.0,0.0,34.0
1784036339.476010,118.010,1980,3201,0.0,0.0,34.0
1784036339.486023,118.010,1980,3201,0.0,0.0,34.0
1784036339.496011,118.010,1980,3201,0.0,0.0,34.0
1784036339.506012,118.010,1980,3201,0.0,0.0,34.0
1784036339.516037,118.010,1980,3201,0.0,0.0,34.0
1784036339.526013,118.010,1980,3201,0.0,0.0,34.0
1784036339.536012,118.010,1980,3201,0.0,0.0,34.0
1784036339.546011,118.010,1980,3201,0.0,0.0,34.0
1784036339.556013,118.010,1980,3201,0.0,0.0,34.0
1784036339.566013,118.009,1980,3201,0.0,0.0,34.0
1784036339.576013,118.009,1980,3201,0.0,0.0,34.0
1784036339.586017,118.009,1980,3201,0.0,0.0,34.0
1784036339.596013,118.009,1980,3201,0.0,0.0,34.0
1784036339.606011,118.009,1980,3201,0.0,0.0,34.0
1784036339.616011,118.009,1980,3201,0.0,0.0,34.0
1784036339.626012,118.009,1980,3201,0.0,0.0,34.0
1784036339.636012,118.009,1980,3201,0.0,0.0,34.0
1784036339.646031,118.009,1980,3201,0.0,0.0,34.0
1784036339.656012,118.009,1980,3201,0.0,0.0,34.0
1784036339.666012,118.020,1980,3201,0.0,0.0,34.0
1784036339.676012,118.020,1980,3201,0.0,0.0,34.0
1784036339.686047,118.020,1980,3201,0.0,0.0,34.0
1784036339.696012,118.020,1980,3201,0.0,0.0,34.0
1784036339.706026,118.020,1980,3201,0.0,0.0,34.0
1784036339.716012,118.020,1980,3201,0.0,0.0,34.0
1784036339.726012,118.020,1980,3201,0.0,0.0,34.0
1784036339.736012,118.020,1980,3201,0.0,0.0,34.0
1784036339.746013,118.020,1980,3201,0.0,0.0,34.0
1784036339.756013,118.020,1980,3201,0.0,0.0,34.0
1784036339.766012,118.033,1980,3201,0.0,0.0,34.0
1784036339.776013,118.033,1980,3201,0.0,0.0,34.0
1784036339.786012,118.033,1980,3201,0.0,0.0,34.0
1784036339.796013,118.033,1980,3201,0.0,0.0,34.0
1784036339.806012,118.033,1980,3201,0.0,0.0,34.0
1784036339.816011,118.033,1980,3201,0.0,0.0,34.0
1784036339.826012,118.033,1980,3201,0.0,0.0,34.0
1784036339.836061,118.033,1980,3201,0.0,0.0,34.0
1784036339.846012,118.033,1980,3201,0.0,0.0,34.0
1784036339.856013,118.033,1980,3201,0.0,0.0,34.0
1784036339.866013,118.049,1980,3201,0.0,0.0,34.0
1784036339.876012,118.049,1980,3201,0.0,0.0,34.0
1784036339.886013,118.049,1980,3201,0.0,0.0,34.0
1784036339.896012,118.049,1980,3201,0.0,0.0,34.0
1784036339.906012,118.049,1980,3201,0.0,0.0,34.0
1784036339.916043,118.049,1980,3201,0.0,0.0,34.0
1784036339.926013,118.049,1980,3201,0.0,0.0,34.0
1784036339.936014,118.049,1980,3201,0.0,0.0,34.0
1784036339.946051,118.049,1980,3201,0.0,0.0,34.0
1784036339.956017,118.049,1980,3201,0.0,0.0,34.0
1784036339.966026,118.060,1980,3201,0.0,0.0,34.0
1784036339.976059,118.060,1980,3201,0.0,0.0,34.0
1784036339.986013,118.060,1980,3201,0.0,0.0,34.0
1784036339.996017,118.060,1980,3201,0.0,0.0,34.0
1784036340.006013,118.060,1980,3201,0.0,0.0,34.0
1784036340.016046,118.060,1980,3201,0.0,0.0,34.0
1784036340.026049,118.060,1980,3201,0.0,0.0,34.0
1784036340.036017,118.060,1980,3201,0.0,0.0,34.0
1784036340.046008,118.060,1980,3201,0.0,0.0,34.0
1784036340.056009,118.060,1980,3201,0.0,0.0,34.0
1784036340.066016,118.066,1980,3201,0.0,0.0,34.0
1784036340.076014,118.066,1980,3201,0.0,0.0,34.0
1784036340.086024,118.066,1980,3201,0.0,0.0,34.0
1784036340.096014,118.066,1980,3201,0.0,0.0,34.0
1784036340.106033,118.066,1980,3201,0.0,0.0,34.0
1784036340.116014,118.066,1980,3201,0.0,0.0,34.0
1784036340.126008,118.066,1980,3201,0.0,0.0,34.0
1784036340.136016,118.066,1980,3201,0.0,0.0,34.0
1784036340.146015,118.066,1980,3201,0.0,0.0,34.0
1784036340.156016,118.066,1980,3201,0.0,0.0,34.0
1784036340.166017,118.047,1980,3201,0.0,0.0,34.0
1784036340.176015,118.047,1980,3201,0.0,0.0,34.0
1784036340.186018,118.047,1980,3201,0.0,0.0,34.0
1784036340.196016,118.047,1980,3201,0.0,0.0,34.0
1784036340.206016,118.047,1980,3201,0.0,0.0,34.0
1784036340.216040,118.047,1980,3201,0.0,0.0,34.0
1784036340.226009,118.047,1980,3201,0.0,0.0,34.0
1784036340.236016,118.047,1980,3201,0.0,0.0,34.0
1784036340.246016,118.047,1980,3201,0.0,0.0,34.0
1784036340.256017,118.047,1980,3201,0.0,0.0,34.0
1784036340.266017,118.034,1980,3201,0.0,0.0,34.0
1784036340.276016,118.034,1980,3201,0.0,0.0,34.0
1784036340.286016,118.034,1980,3201,0.0,0.0,34.0
1784036340.296016,118.034,1980,3201,0.0,0.0,34.0
1784036340.306017,118.034,1980,3201,0.0,0.0,34.0
1784036340.316016,118.034,1980,3201,0.0,0.0,34.0
1784036340.326009,118.034,1980,3201,0.0,0.0,34.0
1784036340.336017,118.034,1980,3201,0.0,0.0,34.0
1784036340.346016,118.034,1980,3201,0.0,0.0,34.0
1784036340.356017,118.034,1980,3201,0.0,0.0,34.0
1784036340.366073,118.021,1980,3201,0.0,0.0,34.0
1784036340.376016,118.021,1980,3201,0.0,0.0,34.0
1784036340.386017,118.021,1980,3201,0.0,0.0,34.0
1784036340.396012,118.021,1980,3201,0.0,0.0,34.0
1784036340.406017,118.021,1980,3201,0.0,0.0,34.0
1784036340.416020,118.021,1980,3201,0.0,0.0,34.0
1784036340.426010,118.021,1980,3201,0.0,0.0,34.0
1784036340.436016,118.021,1980,3201,0.0,0.0,34.0
1784036340.446012,118.021,1980,3201,0.0,0.0,34.0
1784036340.456013,118.021,1980,3201,0.0,0.0,34.0
1784036340.466018,118.025,1980,3201,0.0,0.0,34.0
1784036340.476016,118.025,1980,3201,0.0,0.0,34.0
1784036340.486013,118.025,1980,3201,0.0,0.0,34.0
1784036340.496011,118.025,1980,3201,0.0,0.0,34.0
1784036340.506013,118.025,1980,3201,0.0,0.0,34.0
1784036340.516013,118.025,1980,3201,0.0,0.0,34.0
1784036340.526007,118.025,1980,3201,0.0,0.0,34.0
1784036340.536013,118.025,1980,3201,0.0,0.0,34.0
1784036340.546012,118.025,1980,3201,0.0,0.0,34.0
1784036340.556019,118.025,1980,3201,0.0,0.0,34.0
1784036340.566012,118.021,1980,3201,0.0,0.0,34.0
1784036340.576013,118.021,1980,3201,0.0,0.0,34.0
1784036340.586022,118.021,1980,3201,0.0,0.0,34.0
1784036340.596014,118.021,1980,3201,0.0,0.0,34.0
1784036340.606012,118.021,1980,3201,0.0,0.0,34.0
1784036340.616010,118.021,1980,3201,0.0,0.0,34.0
1784036340.626003,118.021,1980,3201,0.0,0.0,34.0
1784036340.636023,118.021,1980,3201,0.0,0.0,34.0
1784036340.646015,118.021,1980,3201,0.0,0.0,34.0
1784036340.656012,118.021,1980,3201,0.0,0.0,34.0
1784036340.666011,118.021,1980,3201,0.0,0.0,34.0
1784036340.676014,118.021,1980,3201,0.0,0.0,34.0
1784036340.686014,118.021,1980,3201,0.0,0.0,34.0
1784036340.696017,118.021,1980,3201,0.0,0.0,34.0
1784036340.706019,118.021,1980,3201,0.0,0.0,34.0
1784036340.716012,118.021,1980,3201,0.0,0.0,34.0
1784036340.726002,118.021,1980,3201,0.0,0.0,34.0
1784036340.736011,118.021,1980,3201,0.0,0.0,34.0
1784036340.746024,118.021,1980,3201,0.0,0.0,34.0
1784036340.756011,118.021,1980,3201,0.0,0.0,34.0
1784036340.766012,118.006,1980,3201,0.0,0.0,34.0
1784036340.776011,118.006,1980,3201,0.0,0.0,34.0
1784036340.786010,118.006,1980,3201,0.0,0.0,34.0
1784036340.796011,118.006,1980,3201,0.0,0.0,34.0
1784036340.806011,118.006,1980,3201,0.0,0.0,34.0
1784036340.816054,118.006,1980,3201,0.0,0.0,34.0
1784036340.826007,118.006,1980,3201,0.0,0.0,34.0
1784036340.836016,118.006,1980,3201,0.0,0.0,34.0
1784036340.846015,118.006,1980,3201,0.0,0.0,34.0
1784036340.856014,118.006,1980,3201,0.0,0.0,34.0
1784036340.866014,117.981,1980,3201,0.0,0.0,34.0
1784036340.876048,117.981,1980,3201,0.0,0.0,34.0
1784036340.886010,117.981,1980,3201,0.0,0.0,34.0
1784036340.896012,117.981,1980,3201,0.0,0.0,34.0
1784036340.906011,117.981,1980,3201,0.0,0.0,34.0
1784036340.916010,117.981,1980,3201,0.0,0.0,34.0
1784036340.926002,117.981,1980,3201,0.0,0.0,34.0
1784036340.936011,117.981,1980,3201,0.0,0.0,34.0
1784036340.946011,117.981,1980,3201,0.0,0.0,34.0
1784036340.956013,117.981,1980,3201,0.0,0.0,34.0
1784036340.966013,117.970,1980,3201,0.0,0.0,34.0
1784036340.976021,117.970,1980,3201,0.0,0.0,34.0
1784036340.986013,117.970,1980,3201,0.0,0.0,34.0
1784036340.996012,117.970,1980,3201,0.0,0.0,34.0
1784036341.006013,117.970,1980,3201,0.0,0.0,34.0
1784036341.016012,117.970,1980,3201,0.0,0.0,34.0
1784036341.026008,117.970,1980,3201,0.0,0.0,34.0
1784036341.036015,117.970,1980,3201,0.0,0.0,34.0
1784036341.046012,117.970,1980,3201,0.0,0.0,34.0
1784036341.056013,117.970,1980,3201,0.0,0.0,34.0
1784036341.066018,117.968,1980,3201,0.0,0.0,34.0
1784036341.076012,117.968,1980,3201,0.0,0.0,34.0
1784036341.086015,117.968,1980,3201,0.0,0.0,34.0
1784036341.096013,117.968,1980,3201,0.0,0.0,34.0
1784036341.106014,117.968,1980,3201,0.0,0.0,34.0
1784036341.116013,117.968,1980,3201,0.0,0.0,34.0
1784036341.126007,117.968,1980,3201,0.0,0.0,34.0
1784036341.136017,117.968,1980,3201,0.0,0.0,34.0
1784036341.146014,117.968,1980,3201,0.0,0.0,34.0
1784036341.156016,117.968,1980,3201,0.0,0.0,34.0
1784036341.166014,117.988,1980,3201,0.0,0.0,34.0
1784036341.176014,117.988,1980,3201,0.0,0.0,34.0
1784036341.186017,117.988,1980,3201,0.0,0.0,34.0
1784036341.196016,117.988,1980,3201,0.0,0.0,34.0
1784036341.206016,117.988,1980,3201,0.0,0.0,34.0
1784036341.216012,117.988,1980,3201,0.0,0.0,34.0
1784036341.226007,117.988,1980,3201,0.0,0.0,34.0
1784036341.236011,117.988,1980,3201,0.0,0.0,34.0
1784036341.246012,117.988,1980,3201,0.0,0.0,34.0
1784036341.256014,117.988,1980,3201,0.0,0.0,34.0
1784036341.266030,118.003,1980,3201,0.0,0.0,34.0
1784036341.276014,118.003,1980,3201,0.0,0.0,34.0
1784036341.286081,118.003,1980,3201,0.0,0.0,34.0
1784036341.296011,118.003,1980,3201,0.0,0.0,34.0
1784036341.306011,118.003,1980,3201,0.0,0.0,34.0
1784036341.316010,118.003,1980,3201,0.0,0.0,34.0
1784036341.326006,118.003,1980,3201,0.0,0.0,34.0
1784036341.336010,118.003,1980,3201,0.0,0.0,34.0
1784036341.346011,118.003,1980,3201,0.0,0.0,34.0
1784036341.356011,118.003,1980,3201,0.0,0.0,34.0
1784036341.366012,117.997,1980,3201,0.0,0.0,34.0
1784036341.376011,117.997,1980,3201,0.0,0.0,34.0
1784036341.386011,117.997,1980,3201,0.0,0.0,34.0
1784036341.396023,117.997,1980,3201,0.0,0.0,34.0
1784036341.406017,117.997,1980,3201,0.0,0.0,34.0
1784036341.416031,117.997,1980,3201,0.0,0.0,34.0
1784036341.426006,117.997,1980,3201,0.0,0.0,34.0
1784036341.436012,117.997,1980,3201,0.0,0.0,34.0
1784036341.446007,117.997,1980,3201,0.0,0.0,34.0
1784036341.456011,117.997,1980,3201,0.0,0.0,34.0
1784036341.466009,117.986,1980,3201,0.0,0.0,34.0
1784036341.476016,117.986,1980,3201,0.0,0.0,34.0
1784036341.486012,117.986,1980,3201,0.0,0.0,34.0
1784036341.496015,117.986,1980,3201,0.0,0.0,34.0
1784036341.506012,117.986,1980,3201,0.0,0.0,34.0
1784036341.516035,117.986,1980,3201,0.0,0.0,34.0
1784036341.526009,117.986,1980,3201,0.0,0.0,34.0
1784036341.536033,117.986,1980,3201,0.0,0.0,34.0
1784036341.546014,117.986,1980,3201,0.0,0.0,34.0
1784036341.556013,117.986,1980,3201,0.0,0.0,34.0
1784036341.566013,117.998,1980,3201,0.0,0.0,34.0
1784036341.576014,117.998,1980,3201,0.0,0.0,34.0
1784036341.586014,117.998,1980,3201,0.0,0.0,34.0
1784036341.596014,117.998,1980,3201,0.0,0.0,34.0
1784036341.606015,117.998,1980,3201,0.0,0.0,34.0
1784036341.616028,117.998,1980,3201,0.0,0.0,34.0
1784036341.626009,117.998,1980,3201,0.0,0.0,34.0
1784036341.636056,117.998,1980,3201,0.0,0.0,34.0
1784036341.646016,117.998,1980,3201,0.0,0.0,34.0
1784036341.656016,117.998,1980,3201,0.0,0.0,34.0
1784036341.666014,118.018,1980,3201,0.0,0.0,34.0
1784036341.676022,118.018,1980,3201,0.0,0.0,34.0
1784036341.686015,118.018,1980,3201,0.0,0.0,34.0
1784036341.696015,118.018,1980,3201,0.0,0.0,34.0
1784036341.706015,118.018,1980,3201,0.0,0.0,34.0
1784036341.716015,118.018,1980,3201,0.0,0.0,34.0
1784036341.726008,118.018,1980,3201,0.0,0.0,34.0
1784036341.736015,118.018,1980,3201,0.0,0.0,34.0
1784036341.746016,118.018,1980,3201,0.0,0.0,34.0
1784036341.756056,118.018,1980,3201,0.0,0.0,34.0
1784036341.766017,118.006,1980,3201,0.0,0.0,34.0
1784036341.776016,118.006,1980,3201,0.0,0.0,34.0
1784036341.786016,118.006,1980,3201,0.0,0.0,34.0
1784036341.796016,118.006,1980,3201,0.0,0.0,34.0
1784036341.806016,118.006,1980,3201,0.0,0.0,34.0
1784036341.816051,118.006,1980,3201,0.0,0.0,34.0
1784036341.826002,118.006,1980,3201,0.0,0.0,34.0
1784036341.836016,118.006,1980,3201,0.0,0.0,34.0
1784036341.846016,118.006,1980,3201,0.0,0.0,34.0
1784036341.856017,118.006,1980,3201,0.0,0.0,34.0
1784036341.866051,118.006,1980,3201,0.0,0.0,34.0
1784036341.876016,118.006,1980,3201,0.0,0.0,34.0
1784036341.886017,118.006,1980,3201,0.0,0.0,34.0
1784036341.896019,118.006,1980,3201,0.0,0.0,34.0
1784036341.906018,118.006,1980,3201,0.0,0.0,34.0
1784036341.916017,118.006,1980,3201,0.0,0.0,34.0
1784036341.926047,118.006,1980,3201,0.0,0.0,34.0
1784036341.936016,118.006,1980,3201,0.0,0.0,34.0
1784036341.946016,118.006,1980,3201,0.0,0.0,34.0
1784036341.956016,118.006,1980,3201,0.0,0.0,34.0
1784036341.966016,118.000,1980,3201,0.0,0.0,34.0
1784036341.976016,118.000,1980,3201,0.0,0.0,34.0
1784036341.986016,118.000,1980,3201,0.0,0.0,34.0
1784036341.996066,118.000,1980,3201,0.0,0.0,34.0
1784036342.006016,118.000,1980,3201,0.0,0.0,34.0
1784036342.016016,118.000,1980,3201,0.0,0.0,34.0
1784036342.026016,118.000,1980,3201,0.0,0.0,34.0
1784036342.036022,118.000,1980,3201,0.0,0.0,34.0
1784036342.046017,118.000,1980,3201,0.0,0.0,34.0
1784036342.056011,118.000,1980,3201,0.0,0.0,34.0
1784036342.066044,118.027,1980,3201,0.0,0.0,34.0
1784036342.076028,118.027,1980,3201,0.0,0.0,34.0
1784036342.086013,118.027,1980,3201,0.0,0.0,34.0
1784036342.096014,118.027,1980,3201,0.0,0.0,34.0
1784036342.106013,118.027,1980,3201,0.0,0.0,34.0
1784036342.116011,118.027,1980,3201,0.0,0.0,34.0
1784036342.126011,118.027,1980,3201,0.0,0.0,34.0
1784036342.136012,118.027,1980,3201,0.0,0.0,34.0
1784036342.146013,118.027,1980,3201,0.0,0.0,34.0
1784036342.156010,118.027,1980,3201,0.0,0.0,34.0
1784036342.166011,118.007,1980,3201,0.0,0.0,34.0
1784036342.176012,118.007,1980,3201,0.0,0.0,34.0
1784036342.186012,118.007,1980,3201,0.0,0.0,34.0
1784036342.196034,118.007,1980,3201,0.0,0.0,34.0
1784036342.206011,118.007,1980,3201,0.0,0.0,34.0
1784036342.216011,118.007,1980,3201,0.0,0.0,34.0
1784036342.226011,118.007,1980,3201,0.0,0.0,34.0
1784036342.236012,118.007,1980,3201,0.0,0.0,34.0
1784036342.246014,118.007,1980,3201,0.0,0.0,34.0
1784036342.256011,118.007,1980,3201,0.0,0.0,34.0
1784036342.266012,118.011,1980,3201,0.0,0.0,34.0
1784036342.276012,118.011,1980,3201,0.0,0.0,34.0
1784036342.286011,118.011,1980,3201,0.0,0.0,34.0
1784036342.296011,118.011,1980,3201,0.0,0.0,34.0
1784036342.306011,118.011,1980,3201,0.0,0.0,34.0
1784036342.316054,118.011,1980,3201,0.0,0.0,34.0
1784036342.326011,118.011,1980,3201,0.0,0.0,34.0
1784036342.336011,118.011,1980,3201,0.0,0.0,34.0
1784036342.346012,118.011,1980,3201,0.0,0.0,34.0
1784036342.356011,118.011,1980,3201,0.0,0.0,34.0
1784036342.366010,118.004,1980,3201,0.0,0.0,34.0
1784036342.376018,118.004,1980,3201,0.0,0.0,34.0
1784036342.386011,118.004,1980,3201,0.0,0.0,34.0
1784036342.396036,118.004,1980,3201,0.0,0.0,34.0
1784036342.406011,118.004,1980,3201,0.0,0.0,34.0
1784036342.416014,118.004,1980,3201,0.0,0.0,34.0
1784036342.426041,118.004,1980,3201,0.0,0.0,34.0
1784036342.436033,118.004,1980,3201,0.0,0.0,34.0
1784036342.446017,118.004,1980,3201,0.0,0.0,34.0
1784036342.456013,118.004,1980,3201,0.0,0.0,34.0
1784036342.466014,117.988,1980,3201,0.0,0.0,34.0
1784036342.476012,117.988,1980,3201,0.0,0.0,34.0
1784036342.486010,117.988,1980,3201,0.0,0.0,34.0
1784036342.496010,117.988,1980,3201,0.0,0.0,34.0
1784036342.506012,117.988,1980,3201,0.0,0.0,34.0
1784036342.516011,117.988,1980,3201,0.0,0.0,34.0
1784036342.526102,117.988,1980,3201,0.0,0.0,34.0
1784036342.536034,117.988,1980,3201,0.0,0.0,34.0
1784036342.546010,117.988,1980,3201,0.0,0.0,34.0
1784036342.556051,117.988,1980,3201,0.0,0.0,34.0
1784036342.566026,117.981,1980,3201,0.0,0.0,34.0
1784036342.576051,117.981,1980,3201,0.0,0.0,34.0
1784036342.586012,117.981,1980,3201,0.0,0.0,34.0
1784036342.596012,117.981,1980,3201,0.0,0.0,34.0
1784036342.606012,117.981,1980,3201,0.0,0.0,34.0
1784036342.616018,117.981,1980,3201,0.0,0.0,34.0
1784036342.626013,117.981,1980,3201,0.0,0.0,34.0
1784036342.636014,117.981,1980,3201,0.0,0.0,34.0
1784036342.646014,117.981,1980,3201,0.0,0.0,34.0
1784036342.656016,117.981,1980,3201,0.0,0.0,34.0
1784036342.666015,117.938,1980,3201,0.0,0.0,34.0
1784036342.676016,117.938,1980,3201,0.0,0.0,34.0
1784036342.686028,117.938,1980,3201,0.0,0.0,34.0
1784036342.696013,117.938,1980,3201,0.0,0.0,34.0
1784036342.706014,117.938,1980,3201,0.0,0.0,34.0
1784036342.716015,117.938,1980,3201,0.0,0.0,34.0
1784036342.726016,117.938,1980,3201,0.0,0.0,34.0
1784036342.736016,117.938,1980,3201,0.0,0.0,34.0
1784036342.746016,117.938,1980,3201,0.0,0.0,34.0
1784036342.756019,117.938,1980,3201,0.0,0.0,34.0
1784036342.766016,117.928,1980,3201,0.0,0.0,34.0
1784036342.776017,117.928,1980,3201,0.0,0.0,34.0
1784036342.786016,117.928,1980,3201,0.0,0.0,34.0
1784036342.796046,117.928,1980,3201,0.0,0.0,34.0
1784036342.806016,117.928,1980,3201,0.0,0.0,34.0
1784036342.816065,117.928,1980,3201,0.0,0.0,34.0
1784036342.826016,117.928,1980,3201,0.0,0.0,34.0
1784036342.836032,117.928,1980,3201,0.0,0.0,34.0
1784036342.846016,117.928,1980,3201,0.0,0.0,34.0
1784036342.856040,117.928,1980,3201,0.0,0.0,34.0
1784036342.866017,117.936,1980,3201,0.0,0.0,34.0
1784036342.876017,117.936,1980,3201,0.0,0.0,34.0
1784036342.886011,117.936,1980,3201,0.0,0.0,34.0
1784036342.896013,117.936,1980,3201,0.0,0.0,34.0
1784036342.906013,117.936,1980,3201,0.0,0.0,34.0
1784036342.916006,117.936,1980,3201,0.0,0.0,34.0
1784036342.926006,117.936,1980,3201,0.0,0.0,34.0
1784036342.936011,117.936,1980,3201,0.0,0.0,34.0
1784036342.946033,117.936,1980,3201,0.0,0.0,34.0
1784036342.956010,117.936,1980,3201,0.0,0.0,34.0
1784036342.966010,117.923,1980,3201,0.0,0.0,34.0
1784036342.976009,117.923,1980,3201,0.0,0.0,34.0
1784036342.986009,117.923,1980,3201,0.0,0.0,34.0
1784036342.996083,117.923,1980,3201,0.0,0.0,34.0
1784036343.006010,117.923,1980,3201,0.0,0.0,34.0
1784036343.016011,117.923,1980,3201,0.0,0.0,34.0
1784036343.026055,117.923,1980,3201,0.0,0.0,34.0
1784036343.036009,117.923,1980,3201,0.0,0.0,34.0
1784036343.046012,117.923,1980,3201,0.0,0.0,34.0
1784036343.056009,117.923,1980,3201,0.0,0.0,34.0
1784036343.066144,117.894,1980,3201,0.0,0.0,34.0
1784036343.076010,117.894,1980,3201,0.0,0.0,34.0
1784036343.086009,117.894,1980,3201,0.0,0.0,34.0
1784036343.096010,117.894,1980,3201,0.0,0.0,34.0
1784036343.106028,117.894,1980,3201,0.0,0.0,34.0
1784036343.116063,117.894,1980,3201,0.0,0.0,34.0
1784036343.126046,117.894,1980,3201,0.0,0.0,34.0
1784036343.136010,117.894,1980,3201,0.0,0.0,34.0
1784036343.146010,117.894,1980,3201,0.0,0.0,34.0
1784036343.156010,117.894,1980,3201,0.0,0.0,34.0
1784036343.166010,117.878,1980,3201,0.0,0.0,34.0
1784036343.176011,117.878,1980,3201,0.0,0.0,34.0
1784036343.186011,117.878,1980,3201,0.0,0.0,34.0
1784036343.196011,117.878,1980,3201,0.0,0.0,34.0
1784036343.206010,117.878,1980,3201,0.0,0.0,34.0
1784036343.216011,117.878,1980,3201,0.0,0.0,34.0
1784036343.226012,117.878,1980,3201,0.0,0.0,34.0
1784036343.236012,117.878,1980,3201,0.0,0.0,34.0
1784036343.246012,117.878,1980,3201,0.0,0.0,34.0
1784036343.256012,117.878,1980,3201,0.0,0.0,34.0
1784036343.266012,117.854,1980,3201,0.0,0.0,34.0
1784036343.276013,117.854,1980,3201,0.0,0.0,34.0
1784036343.286015,117.854,1980,3201,0.0,0.0,34.0
1784036343.296013,117.854,1980,3201,0.0,0.0,34.0
1784036343.306015,117.854,1980,3201,0.0,0.0,34.0
1784036343.316014,117.854,1980,3201,0.0,0.0,34.0
1784036343.326014,117.854,1980,3201,0.0,0.0,34.0
1784036343.336013,117.854,1980,3201,0.0,0.0,34.0
1784036343.346014,117.854,1980,3201,0.0,0.0,34.0
1784036343.356014,117.854,1980,3201,0.0,0.0,34.0
1784036343.366013,117.844,1980,3201,0.0,0.0,34.0
1784036343.376012,117.844,1980,3201,0.0,0.0,34.0
1784036343.386012,117.844,1980,3201,0.0,0.0,34.0
1784036343.396060,117.844,1980,3201,0.0,0.0,34.0
1784036343.406024,117.844,1980,3201,0.0,0.0,34.0
1784036343.416012,117.844,1980,3201,0.0,0.0,34.0
1784036343.426013,117.844,1980,3201,0.0,0.0,34.0
1784036343.436012,117.844,1980,3201,0.0,0.0,34.0
1784036343.446012,117.844,1980,3201,0.0,0.0,34.0
1784036343.456056,117.844,1980,3201,0.0,0.0,34.0
1784036343.466012,117.860,1980,3201,0.0,0.0,34.0
1784036343.476012,117.860,1980,3201,0.0,0.0,34.0
1784036343.486012,117.860,1980,3201,0.0,0.0,34.0
1784036343.496013,117.860,1980,3201,0.0,0.0,34.0
1784036343.506012,117.860,1980,3201,0.0,0.0,34.0
1784036343.516012,117.860,1980,3201,0.0,0.0,34.0
1784036343.526013,117.860,1980,3201,0.0,0.0,34.0
1784036343.536012,117.860,1980,3201,0.0,0.0,34.0
1784036343.546013,117.860,1980,3201,0.0,0.0,34.0
1784036343.556057,117.860,1980,3201,0.0,0.0,34.0
1784036343.566030,117.861,1980,3201,0.0,0.0,34.0
1784036343.576011,117.861,1980,3201,0.0,0.0,34.0
1784036343.586013,117.861,1980,3201,0.0,0.0,34.0
1784036343.596013,117.861,1980,3201,0.0,0.0,34.0
1784036343.606014,117.861,1980,3201,0.0,0.0,34.0
1784036343.616014,117.861,1980,3201,0.0,0.0,34.0
1784036343.626022,117.861,1980,3201,0.0,0.0,34.0
1784036343.636018,117.861,1980,3201,0.0,0.0,34.0
1784036343.646016,117.861,1980,3201,0.0,0.0,34.0
1784036343.656015,117.861,1980,3201,0.0,0.0,34.0
1784036343.666014,117.859,1980,3201,0.0,0.0,34.0
1784036343.676014,117.859,1980,3201,0.0,0.0,34.0
1784036343.686013,117.859,1980,3201,0.0,0.0,34.0
1784036343.696067,117.859,1980,3201,0.0,0.0,34.0
1784036343.706015,117.859,1980,3201,0.0,0.0,34.0
1784036343.716016,117.859,1980,3201,0.0,0.0,34.0
1784036343.726018,117.859,1980,3201,0.0,0.0,34.0
1784036343.736015,117.859,1980,3201,0.0,0.0,34.0
1784036343.746014,117.859,1980,3201,0.0,0.0,34.0
1784036343.756015,117.859,1980,3201,0.0,0.0,34.0
1784036343.766015,117.897,1980,3201,0.0,0.0,34.0
1784036343.776019,117.897,1980,3201,0.0,0.0,34.0
1784036343.786064,117.897,1980,3201,0.0,0.0,34.0
1784036343.796015,117.897,1980,3201,0.0,0.0,34.0
1784036343.806014,117.897,1980,3201,0.0,0.0,34.0
1784036343.816015,117.897,1980,3201,0.0,0.0,34.0
1784036343.826015,117.897,1980,3201,0.0,0.0,34.0
1784036343.836015,117.897,1980,3201,0.0,0.0,34.0
1784036343.846069,117.897,1980,3201,0.0,0.0,34.0
1784036343.856015,117.897,1980,3201,0.0,0.0,34.0
1784036343.866015,117.884,1980,3201,0.0,0.0,34.0
1784036343.876016,117.884,1980,3201,0.0,0.0,34.0
1784036343.886017,117.884,1980,3201,0.0,0.0,34.0
1784036343.896016,117.884,1980,3201,0.0,0.0,34.0
1784036343.906044,117.884,1980,3201,0.0,0.0,34.0
1784036343.916018,117.884,1980,3201,0.0,0.0,34.0
1784036343.926017,117.884,1980,3201,0.0,0.0,34.0
1784036343.936016,117.884,1980,3201,0.0,0.0,34.0
1784036343.946016,117.884,1980,3201,0.0,0.0,34.0
1784036343.956017,117.884,1980,3201,0.0,0.0,34.0
1784036343.966019,117.874,1980,3201,0.0,0.0,34.0
1784036343.976016,117.874,1980,3201,0.0,0.0,34.0
1784036343.986017,117.874,1980,3201,0.0,0.0,34.0
1784036343.996042,117.874,1980,3201,0.0,0.0,34.0
1784036344.006016,117.874,1980,3201,0.0,0.0,34.0
1784036344.016050,117.874,1980,3201,0.0,0.0,34.0
1784036344.026017,117.874,1980,3201,0.0,0.0,34.0
1784036344.036089,117.874,1980,3201,0.0,0.0,34.0
1784036344.046016,117.874,1980,3201,0.0,0.0,34.0
1784036344.056037,117.874,1980,3201,0.0,0.0,34.0
1784036344.066016,117.857,1980,3201,0.0,0.0,34.0
1784036344.076019,117.857,1980,3201,0.0,0.0,34.0
1784036344.086016,117.857,1980,3201,0.0,0.0,34.0
1784036344.096061,117.857,1980,3201,0.0,0.0,34.0
1784036344.106018,117.857,1980,3201,0.0,0.0,34.0
1784036344.116016,117.857,1980,3201,0.0,0.0,34.0
1784036344.126012,117.857,1980,3201,0.0,0.0,34.0
1784036344.136016,117.857,1980,3201,0.0,0.0,34.0
1784036344.146044,117.857,1980,3201,0.0,0.0,34.0
1784036344.156014,117.857,1980,3201,0.0,0.0,34.0
1784036344.166012,117.876,1980,3201,0.0,0.0,34.0
1784036344.176033,117.876,1980,3201,0.0,0.0,34.0
1784036344.186016,117.876,1980,3201,0.0,0.0,34.0
1784036344.196013,117.876,1980,3201,0.0,0.0,34.0
1784036344.206011,117.876,1980,3201,0.0,0.0,34.0
1784036344.216011,117.876,1980,3201,0.0,0.0,34.0
1784036344.226044,117.876,1980,3201,0.0,0.0,34.0
1784036344.236016,117.876,1980,3201,0.0,0.0,34.0
1784036344.246062,117.876,1980,3201,0.0,0.0,34.0
1784036344.256011,117.876,1980,3201,0.0,0.0,34.0
1784036344.266014,117.879,1980,3201,0.0,0.0,34.0
1784036344.276014,117.879,1980,3201,0.0,0.0,34.0
1784036344.286028,117.879,1980,3201,0.0,0.0,34.0
1784036344.296044,117.879,1980,3201,0.0,0.0,34.0
1784036344.306054,117.879,1980,3201,0.0,0.0,34.0
1784036344.316030,117.879,1980,3201,0.0,0.0,34.0
1784036344.326013,117.879,1980,3201,0.0,0.0,34.0
1784036344.336015,117.879,1980,3201,0.0,0.0,34.0
1784036344.346014,117.879,1980,3201,0.0,0.0,34.0
1784036344.356008,117.879,1980,3201,0.0,0.0,34.0
1784036344.366005,117.873,1980,3201,0.0,0.0,34.0
1784036344.376009,117.873,1980,3201,0.0,0.0,34.0
1784036344.386017,117.873,1980,3201,0.0,0.0,34.0
1784036344.396014,117.873,1980,3201,0.0,0.0,34.0
1784036344.406017,117.873,1980,3201,0.0,0.0,34.0
1784036344.416010,117.873,1980,3201,0.0,0.0,34.0
1784036344.426011,117.873,1980,3201,0.0,0.0,34.0
1784036344.436013,117.873,1980,3201,0.0,0.0,34.0
1784036344.446024,117.873,1980,3201,0.0,0.0,34.0
1784036344.456050,117.873,1980,3201,0.0,0.0,34.0
1784036344.466014,117.856,1980,3201,0.0,0.0,34.0
1784036344.476011,117.856,1980,3201,0.0,0.0,34.0
1784036344.486059,117.856,1980,3201,0.0,0.0,34.0
1784036344.496011,117.856,1980,3201,0.0,0.0,34.0
1784036344.506011,117.856,1980,3201,0.0,0.0,34.0
1784036344.516013,117.856,1980,3201,0.0,0.0,34.0
1784036344.526012,117.856,1980,3201,0.0,0.0,34.0
1784036344.536013,117.856,1980,3201,0.0,0.0,34.0
1784036344.546015,117.856,1980,3201,0.0,0.0,34.0
1784036344.556013,117.856,1980,3201,0.0,0.0,34.0
1784036344.566014,117.844,1980,3201,0.0,0.0,34.0
1784036344.576013,117.844,1980,3201,0.0,0.0,34.0
1784036344.586014,117.844,1980,3201,0.0,0.0,34.0
1784036344.596013,117.844,1980,3201,0.0,0.0,34.0
1784036344.606014,117.844,1980,3201,0.0,0.0,34.0
1784036344.616017,117.844,1980,3201,0.0,0.0,34.0
1784036344.626014,117.844,1980,3201,0.0,0.0,34.0
1784036344.636010,117.844,1980,3201,0.0,0.0,34.0
1784036344.646013,117.844,1980,3201,0.0,0.0,34.0
1784036344.656013,117.844,1980,3201,0.0,0.0,34.0
1784036344.666013,117.844,1980,3201,0.0,0.0,34.0
1784036344.676013,117.882,1980,3201,0.0,0.0,34.0
1784036344.686013,117.882,1980,3201,0.0,0.0,34.0
1784036344.696014,117.882,1980,3201,0.0,0.0,34.0
1784036344.706014,117.882,1980,3201,0.0,0.0,34.0
1784036344.716013,117.882,1980,3201,0.0,0.0,34.0
1784036344.726014,117.882,1980,3201,0.0,0.0,34.0
1784036344.736015,117.882,1980,3201,0.0,0.0,34.0
1784036344.746014,117.882,1980,3201,0.0,0.0,34.0
1784036344.756014,117.882,1980,3201,0.0,0.0,34.0
1784036344.766015,117.882,1980,3201,0.0,0.0,34.0
1784036344.776016,117.864,1980,3201,0.0,0.0,34.0
1784036344.786016,117.864,1980,3201,0.0,0.0,34.0
1784036344.796014,117.864,1980,3201,0.0,0.0,34.0
1784036344.806014,117.864,1980,3201,0.0,0.0,34.0
1784036344.816013,117.864,1980,3201,0.0,0.0,34.0
1784036344.826014,117.864,1980,3201,0.0,0.0,34.0
1784036344.836014,117.864,1980,3201,0.0,0.0,34.0
1784036344.846012,117.864,1980,3201,0.0,0.0,34.0
1784036344.856022,117.864,1980,3201,0.0,0.0,34.0
1784036344.866011,117.864,1980,3201,0.0,0.0,34.0
1784036344.876011,117.851,1980,3201,0.0,0.0,34.0
1784036344.886055,117.851,1980,3201,0.0,0.0,34.0
1784036344.896049,117.851,1980,3201,0.0,0.0,34.0
1784036344.906014,117.851,1980,3201,0.0,0.0,34.0
1784036344.916012,117.851,1980,3201,0.0,0.0,34.0
1784036344.926012,117.851,1980,3201,0.0,0.0,34.0
1784036344.936015,117.851,1980,3201,0.0,0.0,34.0
1784036344.946012,117.851,1980,3201,0.0,0.0,34.0
1784036344.956065,117.851,1980,3201,0.0,0.0,34.0
1784036344.966012,117.851,1980,3201,0.0,0.0,34.0
1784036344.976022,117.882,1980,3201,0.0,0.0,34.0
1784036344.986014,117.882,1980,3201,0.0,0.0,34.0
1784036344.996022,117.882,1980,3201,0.0,0.0,34.0
1784036345.006013,117.882,1980,3201,0.0,0.0,34.0
1784036345.016016,117.882,1980,3201,0.0,0.0,34.0
1784036345.026013,117.882,1980,3201,0.0,0.0,34.0
1784036345.036012,117.882,1980,3201,0.0,0.0,34.0
1784036345.046012,117.882,1980,3201,0.0,0.0,34.0
1784036345.056013,117.882,1980,3201,0.0,0.0,34.0
1784036345.066013,117.882,1980,3201,0.0,0.0,34.0
1784036345.076013,117.919,1980,3201,0.0,0.0,34.0
1784036345.086013,117.919,1980,3201,0.0,0.0,34.0
1784036345.096014,117.919,1980,3201,0.0,0.0,34.0
1784036345.106013,117.919,1980,3201,0.0,0.0,34.0
1784036345.116012,117.919,1980,3201,0.0,0.0,34.0
1784036345.126036,117.919,1980,3201,0.0,0.0,34.0
1784036345.136020,117.919,1980,3201,0.0,0.0,34.0
1784036345.146014,117.919,1980,3201,0.0,0.0,34.0
1784036345.156016,117.919,1980,3201,0.0,0.0,34.0
1784036345.166015,117.919,1980,3201,0.0,0.0,34.0
1784036345.176015,117.946,1980,3201,0.0,0.0,34.0
1784036345.186013,117.946,1980,3201,0.0,0.0,34.0
1784036345.196013,117.946,1980,3201,0.0,0.0,34.0
1784036345.206017,117.946,1980,3201,0.0,0.0,34.0
1784036345.216016,117.946,1980,3201,0.0,0.0,34.0
1784036345.226028,117.946,1980,3201,0.0,0.0,34.0
1784036345.236013,117.946,1980,3201,0.0,0.0,34.0
1784036345.246014,117.946,1980,3201,0.0,0.0,34.0
1784036345.256020,117.946,1980,3201,0.0,0.0,34.0
1784036345.266014,117.946,1980,3201,0.0,0.0,34.0
1784036345.276060,117.961,1980,3201,0.0,0.0,34.0
1784036345.286015,117.961,1980,3201,0.0,0.0,34.0
1784036345.296017,117.961,1980,3201,0.0,0.0,34.0
1784036345.306042,117.961,1980,3201,0.0,0.0,34.0
1784036345.316015,117.961,1980,3201,0.0,0.0,34.0
1784036345.326015,117.961,1980,3201,0.0,0.0,34.0
1784036345.336033,117.961,1980,3201,0.0,0.0,34.0
1784036345.346016,117.961,1980,3201,0.0,0.0,34.0
1784036345.356014,117.961,1980,3201,0.0,0.0,34.0
1784036345.366016,117.961,1980,3201,0.0,0.0,34.0
1784036345.376014,117.963,1980,3201,0.0,0.0,34.0
1784036345.386015,117.963,1980,3201,0.0,0.0,34.0
1784036345.396016,117.963,1980,3201,0.0,0.0,34.0
1784036345.406016,117.963,1980,3201,0.0,0.0,34.0
1784036345.416017,117.963,1980,3201,0.0,0.0,34.0
1784036345.426022,117.963,1980,3201,0.0,0.0,34.0
1784036345.436016,117.963,1980,3201,0.0,0.0,34.0
1784036345.446041,117.963,1980,3201,0.0,0.0,34.0
1784036345.456016,117.963,1980,3201,0.0,0.0,34.0
1784036345.466017,117.963,1980,3201,0.0,0.0,34.0
1784036345.476016,117.975,1980,3201,0.0,0.0,34.0
1784036345.486017,117.975,1980,3201,0.0,0.0,34.0
1784036345.496016,117.975,1980,3201,0.0,0.0,34.0
1784036345.506016,117.975,1980,3201,0.0,0.0,34.0
1784036345.516015,117.975,1980,3201,0.0,0.0,34.0
1784036345.526016,117.975,1980,3201,0.0,0.0,34.0
1784036345.536017,117.975,1980,3201,0.0,0.0,34.0
1784036345.546016,117.975,1980,3201,0.0,0.0,34.0
1784036345.556017,117.975,1980,3201,0.0,0.0,34.0
1784036345.566016,117.975,1980,3201,0.0,0.0,34.0
1784036345.576016,117.979,1980,3201,0.0,0.0,34.0
1784036345.586020,117.979,1980,3201,0.0,0.0,34.0
1784036345.596017,117.979,1980,3201,0.0,0.0,34.0
1784036345.606019,117.979,1980,3201,0.0,0.0,34.0
1784036345.616020,117.979,1980,3201,0.0,0.0,34.0
1784036345.626016,117.979,1980,3201,0.0,0.0,34.0
1784036345.636050,117.979,1980,3201,0.0,0.0,34.0
1784036345.646016,117.979,1980,3201,0.0,0.0,34.0
1784036345.656017,117.979,1980,3201,0.0,0.0,34.0
1784036345.666052,117.979,1980,3201,0.0,0.0,34.0
1784036345.676016,117.965,1980,3201,0.0,0.0,34.0
1784036345.686060,117.965,1980,3201,0.0,0.0,34.0
1784036345.696016,117.965,1980,3201,0.0,0.0,34.0
1784036345.706018,117.965,1980,3201,0.0,0.0,34.0
1784036345.716017,117.965,1980,3201,0.0,0.0,34.0
1784036345.726017,117.965,1980,3201,0.0,0.0,34.0
1784036345.736016,117.965,1980,3201,0.0,0.0,34.0
1784036345.746011,117.965,1980,3201,0.0,0.0,34.0
1784036345.756014,117.965,1980,3201,0.0,0.0,34.0
1784036345.766042,117.965,1980,3201,0.0,0.0,34.0
1784036345.776024,117.959,1980,3201,0.0,0.0,34.0
1784036345.786013,117.959,1980,3201,0.0,0.0,34.0
1784036345.796013,117.959,1980,3201,0.0,0.0,34.0
1784036345.806009,117.959,1980,3201,0.0,0.0,34.0
1784036345.816007,117.959,1980,3201,0.0,0.0,34.0
1784036345.826008,117.959,1980,3201,0.0,0.0,34.0
1784036345.836010,117.959,1980,3201,0.0,0.0,34.0
1784036345.846011,117.959,1980,3201,0.0,0.0,34.0
1784036345.856012,117.959,1980,3201,0.0,0.0,34.0
1784036345.866011,117.959,1980,3201,0.0,0.0,34.0
1784036345.876010,117.936,1980,3201,0.0,0.0,34.0
1784036345.886012,117.936,1980,3201,0.0,0.0,34.0
1784036345.896010,117.936,1980,3201,0.0,0.0,34.0
1784036345.906011,117.936,1980,3201,0.0,0.0,34.0
1784036345.916010,117.936,1980,3201,0.0,0.0,34.0
1784036345.926011,117.936,1980,3201,0.0,0.0,34.0
1784036345.936012,117.936,1980,3201,0.0,0.0,34.0
1784036345.946012,117.936,1980,3201,0.0,0.0,34.0
1784036345.956012,117.936,1980,3201,0.0,0.0,34.0
1784036345.966012,117.936,1980,3201,0.0,0.0,34.0
1784036345.976008,117.903,1980,3201,0.0,0.0,34.0
1784036345.986050,117.903,1980,3201,0.0,0.0,34.0
1784036345.996011,117.903,1980,3201,0.0,0.0,34.0
1784036346.006011,117.903,1980,3201,0.0,0.0,34.0
1784036346.016011,117.903,1980,3201,0.0,0.0,34.0
1784036346.026012,117.903,1980,3201,0.0,0.0,34.0
1784036346.036011,117.903,1980,3201,0.0,0.0,34.0
1784036346.046011,117.903,1980,3201,0.0,0.0,34.0
1784036346.056013,117.903,1980,3201,0.0,0.0,34.0
1784036346.066012,117.903,1980,3201,0.0,0.0,34.0
1784036346.076007,117.882,1980,3201,0.0,0.0,34.0
1784036346.086010,117.882,1980,3201,0.0,0.0,34.0
1784036346.096011,117.882,1980,3201,0.0,0.0,34.0
1784036346.106011,117.882,1980,3201,0.0,0.0,34.0
1784036346.116012,117.882,1980,3201,0.0,0.0,34.0
1784036346.126013,117.882,1980,3201,0.0,0.0,34.0
1784036346.136012,117.882,1980,3201,0.0,0.0,34.0
1784036346.146013,117.882,1980,3201,0.0,0.0,34.0
1784036346.156020,117.882,1980,3201,0.0,0.0,34.0
1784036346.166016,117.882,1980,3201,0.0,0.0,34.0
1784036346.176012,117.861,1980,3201,0.0,0.0,34.0
1784036346.186011,117.861,1980,3201,0.0,0.0,34.0
1784036346.196012,117.861,1980,3201,0.0,0.0,34.0
1784036346.206012,117.861,1980,3201,0.0,0.0,34.0
1784036346.216011,117.861,1980,3201,0.0,0.0,34.0
1784036346.226011,117.861,1980,3201,0.0,0.0,34.0
1784036346.236011,117.861,1980,3201,0.0,0.0,34.0
1784036346.246015,117.861,1980,3201,0.0,0.0,34.0
1784036346.256011,117.861,1980,3201,0.0,0.0,34.0
1784036346.266011,117.861,1980,3201,0.0,0.0,34.0
1784036346.276011,117.900,1980,3201,0.0,0.0,34.0
1784036346.286013,117.900,1980,3201,0.0,0.0,34.0
1784036346.296012,117.900,1980,3201,0.0,0.0,34.0
1784036346.306011,117.900,1980,3201,0.0,0.0,34.0
1784036346.316011,117.900,1980,3201,0.0,0.0,34.0
1784036346.326013,117.900,1980,3201,0.0,0.0,34.0
1784036346.336013,117.900,1980,3201,0.0,0.0,34.0
1784036346.346014,117.900,1980,3201,0.0,0.0,34.0
1784036346.356014,117.900,1980,3201,0.0,0.0,34.0
1784036346.366015,117.900,1980,3201,0.0,0.0,34.0
1784036346.376014,117.884,1980,3201,0.0,0.0,34.0
1784036346.386016,117.884,1980,3201,0.0,0.0,34.0
1784036346.396013,117.884,1980,3201,0.0,0.0,34.0
1784036346.406013,117.884,1980,3201,0.0,0.0,34.0
1784036346.416012,117.884,1980,3201,0.0,0.0,34.0
1784036346.426013,117.884,1980,3201,0.0,0.0,34.0
1784036346.436014,117.884,1980,3201,0.0,0.0,34.0
1784036346.446015,117.884,1980,3201,0.0,0.0,34.0
1784036346.456016,117.884,1980,3201,0.0,0.0,34.0
1784036346.466014,117.884,1980,3201,0.0,0.0,34.0
1784036346.476015,117.873,1980,3201,0.0,0.0,34.0
1784036346.486015,117.873,1980,3201,0.0,0.0,34.0
1784036346.496015,117.873,1980,3201,0.0,0.0,34.0
1784036346.506017,117.873,1980,3201,0.0,0.0,34.0
1784036346.516015,117.873,1980,3201,0.0,0.0,34.0
1784036346.526015,117.873,1980,3201,0.0,0.0,34.0
1784036346.536015,117.873,1980,3201,0.0,0.0,34.0
1784036346.546024,117.873,1980,3201,0.0,0.0,34.0
1784036346.556015,117.873,1980,3201,0.0,0.0,34.0
1784036346.566015,117.873,1980,3201,0.0,0.0,34.0
1784036346.576011,117.870,1980,3201,0.0,0.0,34.0
1784036346.586014,117.870,1980,3201,0.0,0.0,34.0
1784036346.596013,117.870,1980,3201,0.0,0.0,34.0
1784036346.606011,117.870,1980,3201,0.0,0.0,34.0
1784036346.616009,117.870,1980,3201,0.0,0.0,34.0
1784036346.626011,117.870,1980,3201,0.0,0.0,34.0
1784036346.636010,117.870,1980,3201,0.0,0.0,34.0
1784036346.646010,117.870,1980,3201,0.0,0.0,34.0
1784036346.656010,117.870,1980,3201,0.0,0.0,34.0
1784036346.666009,117.870,1980,3201,0.0,0.0,34.0
1784036346.676064,117.854,1980,3201,0.0,0.0,34.0
1784036346.686010,117.854,1980,3201,0.0,0.0,34.0
1784036346.696010,117.854,1980,3201,0.0,0.0,34.0
1784036346.706010,117.854,1980,3201,0.0,0.0,34.0
1784036346.716010,117.854,1980,3201,0.0,0.0,34.0
1784036346.726009,117.854,1980,3201,0.0,0.0,34.0
1784036346.736009,117.854,1980,3201,0.0,0.0,34.0
1784036346.746011,117.854,1980,3201,0.0,0.0,34.0
1784036346.756010,117.854,1980,3201,0.0,0.0,34.0
1784036346.766009,117.854,1980,3201,0.0,0.0,34.0
1784036346.776010,117.830,1980,3201,0.0,0.0,34.0
1784036346.786010,117.830,1980,3201,0.0,0.0,34.0
1784036346.796010,117.830,1980,3201,0.0,0.0,34.0
1784036346.806010,117.830,1980,3201,0.0,0.0,34.0
1784036346.816010,117.830,1980,3201,0.0,0.0,34.0
1784036346.826010,117.830,1980,3201,0.0,0.0,34.0
1784036346.836010,117.830,1980,3201,0.0,0.0,34.0
1784036346.846053,117.830,1980,3201,0.0,0.0,34.0
1784036346.856010,117.830,1980,3201,0.0,0.0,34.0
1784036346.866012,117.830,1980,3201,0.0,0.0,34.0
1784036346.876170,117.876,1980,3201,0.0,0.0,34.0
1784036346.886135,117.876,1980,3201,0.0,0.0,34.0
1784036346.896037,117.876,1980,3201,0.0,0.0,34.0
1784036346.906163,117.876,1980,3201,0.0,0.0,34.0
1784036346.916116,117.876,1980,3201,0.0,0.0,34.0
1784036346.926099,117.876,1980,3201,0.0,0.0,34.0
1784036346.936093,117.876,1980,3201,0.0,0.0,34.0
1784036346.946012,117.876,1980,3201,0.0,0.0,34.0
1784036346.956050,117.876,1980,3201,0.0,0.0,34.0
1784036346.966065,117.876,1980,3201,0.0,0.0,34.0
1784036346.976011,117.908,1980,3201,0.0,0.0,34.0
1784036346.986013,117.908,1980,3201,0.0,0.0,34.0
1784036346.996011,117.908,1980,3201,0.0,0.0,34.0
1784036347.006010,117.908,1980,3201,0.0,0.0,34.0
1784036347.016012,117.908,1980,3201,0.0,0.0,34.0
1784036347.026049,117.908,1980,3201,0.0,0.0,34.0
1784036347.036013,117.908,1980,3201,0.0,0.0,34.0
1784036347.046011,117.908,1980,3201,0.0,0.0,34.0
1784036347.056010,117.908,1980,3201,0.0,0.0,34.0
1784036347.066010,117.908,1980,3201,0.0,0.0,34.0
1784036347.076011,117.931,1980,3201,0.0,0.0,34.0
1784036347.086014,117.931,1980,3201,0.0,0.0,34.0
1784036347.096028,117.931,1980,3201,0.0,0.0,34.0
1784036347.106012,117.931,1980,3201,0.0,0.0,34.0
1784036347.116013,117.931,1980,3201,0.0,0.0,34.0
1784036347.126012,117.931,1980,3201,0.0,0.0,34.0
1784036347.136014,117.931,1980,3201,0.0,0.0,34.0
1784036347.146014,117.931,1980,3201,0.0,0.0,34.0
1784036347.156014,117.931,1980,3201,0.0,0.0,34.0
1784036347.166050,117.931,1980,3201,0.0,0.0,34.0
1784036347.176015,117.935,1980,3201,0.0,0.0,34.0
1784036347.186010,117.935,1980,3201,0.0,0.0,34.0
1784036347.196010,117.935,1980,3201,0.0,0.0,34.0
1784036347.206050,117.935,1980,3201,0.0,0.0,34.0
1784036347.216017,117.935,1980,3201,0.0,0.0,34.0
1784036347.226016,117.935,1980,3201,0.0,0.0,34.0
1784036347.236017,117.935,1980,3201,0.0,0.0,34.0
1784036347.246016,117.935,1980,3201,0.0,0.0,34.0
1784036347.256016,117.935,1980,3201,0.0,0.0,34.0
1784036347.266093,117.935,1980,3201,0.0,0.0,34.0
1784036347.276016,117.906,1980,3201,0.0,0.0,34.0
1784036347.286016,117.906,1980,3201,0.0,0.0,34.0
1784036347.296017,117.906,1980,3201,0.0,0.0,34.0
1784036347.306048,117.906,1980,3201,0.0,0.0,34.0
1784036347.316019,117.906,1980,3201,0.0,0.0,34.0
1784036347.326027,117.906,1980,3201,0.0,0.0,34.0
1784036347.336094,117.906,1980,3201,0.0,0.0,34.0
1784036347.346016,117.906,1980,3201,0.0,0.0,34.0
1784036347.356013,117.906,1980,3201,0.0,0.0,34.0
1784036347.366014,117.906,1980,3201,0.0,0.0,34.0
1784036347.376013,117.894,1980,3201,0.0,0.0,34.0
1784036347.386060,117.894,1980,3201,0.0,0.0,34.0
1784036347.396034,117.894,1980,3201,0.0,0.0,34.0
1784036347.406015,117.894,1980,3201,0.0,0.0,34.0
1784036347.416021,117.894,1980,3201,0.0,0.0,34.0
1784036347.426016,117.894,1980,3201,0.0,0.0,34.0
1784036347.436015,117.894,1980,3201,0.0,0.0,34.0
1784036347.446014,117.894,1980,3201,0.0,0.0,34.0
1784036347.456015,117.894,1980,3201,0.0,0.0,34.0
1784036347.466024,117.894,1980,3201,0.0,0.0,34.0
1784036347.476016,117.865,1980,3201,0.0,0.0,34.0
1784036347.486016,117.865,1980,3201,0.0,0.0,34.0
1784036347.496017,117.865,1980,3201,0.0,0.0,34.0
1784036347.506016,117.865,1980,3201,0.0,0.0,34.0
1784036347.516108,117.865,1980,3201,0.0,0.0,34.0
1784036347.526019,117.865,1980,3201,0.0,0.0,34.0
1784036347.536016,117.865,1980,3201,0.0,0.0,34.0
1784036347.546016,117.865,1980,3201,0.0,0.0,34.0
1784036347.556017,117.865,1980,3201,0.0,0.0,34.0
1784036347.566016,117.865,1980,3201,0.0,0.0,34.0
1784036347.576016,117.860,1980,3201,0.0,0.0,34.0
1784036347.586016,117.860,1980,3201,0.0,0.0,34.0
1784036347.596016,117.860,1980,3201,0.0,0.0,34.0
1784036347.606017,117.860,1980,3201,0.0,0.0,34.0
1784036347.616016,117.860,1980,3201,0.0,0.0,34.0
1784036347.626012,117.860,1980,3201,0.0,0.0,34.0
1784036347.636018,117.860,1980,3201,0.0,0.0,34.0
1784036347.646019,117.860,1980,3201,0.0,0.0,34.0
1784036347.656016,117.860,1980,3201,0.0,0.0,34.0
1784036347.666037,117.860,1980,3201,0.0,0.0,34.0
1784036347.676017,117.860,1980,3201,0.0,0.0,34.0
1784036347.686016,117.860,1980,3201,0.0,0.0,34.0
1784036347.696015,117.860,1980,3201,0.0,0.0,34.0
1784036347.706024,117.860,1980,3201,0.0,0.0,34.0
1784036347.716018,117.860,1980,3201,0.0,0.0,34.0
1784036347.726095,117.860,1980,3201,0.0,0.0,34.0
1784036347.736016,117.860,1980,3201,0.0,0.0,34.0
1784036347.746040,117.860,1980,3201,0.0,0.0,34.0
1784036347.756015,117.860,1980,3201,0.0,0.0,34.0
1784036347.766054,117.860,1980,3201,0.0,0.0,34.0
1784036347.776014,117.906,1980,3201,0.0,0.0,34.0
1784036347.786014,117.906,1980,3201,0.0,0.0,34.0
1784036347.796015,117.906,1980,3201,0.0,0.0,34.0
1784036347.806015,117.906,1980,3201,0.0,0.0,34.0
1784036347.816012,117.906,1980,3201,0.0,0.0,34.0
1784036347.826015,117.906,1980,3201,0.0,0.0,34.0
1784036347.836019,117.906,1980,3201,0.0,0.0,34.0
1784036347.846015,117.906,1980,3201,0.0,0.0,34.0
1784036347.856012,117.906,1980,3201,0.0,0.0,34.0
1784036347.866013,117.906,1980,3201,0.0,0.0,34.0
1784036347.876021,117.892,1980,3201,0.0,0.0,34.0
1784036347.886015,117.892,1980,3201,0.0,0.0,34.0
1784036347.896012,117.892,1980,3201,0.0,0.0,34.0
1784036347.906011,117.892,1980,3201,0.0,0.0,34.0
1784036347.916014,117.892,1980,3201,0.0,0.0,34.0
1784036347.926013,117.892,1980,3201,0.0,0.0,34.0
1784036347.936013,117.892,1980,3201,0.0,0.0,34.0
1784036347.946016,117.892,1980,3201,0.0,0.0,34.0
1784036347.956044,117.892,1980,3201,0.0,0.0,34.0
1784036347.966012,117.892,1980,3201,0.0,0.0,34.0
1784036347.976011,117.887,1980,3201,0.0,0.0,34.0
1784036347.986013,117.887,1980,3201,0.0,0.0,34.0
1784036347.996011,117.887,1980,3201,0.0,0.0,34.0
1784036348.006012,117.887,1980,3201,0.0,0.0,34.0
1784036348.016014,117.887,1980,3201,0.0,0.0,34.0
1784036348.026013,117.887,1980,3201,0.0,0.0,34.0
1784036348.036013,117.887,1980,3201,0.0,0.0,34.0
1784036348.046013,117.887,1980,3201,0.0,0.0,34.0
1784036348.056014,117.887,1980,3201,0.0,0.0,34.0
1784036348.066011,117.887,1980,3201,0.0,0.0,34.0
1784036348.076013,117.912,1980,3201,0.0,0.0,34.0
1784036348.086011,117.912,1980,3201,0.0,0.0,34.0
1784036348.096012,117.912,1980,3201,0.0,0.0,34.0
1784036348.106013,117.912,1980,3201,0.0,0.0,34.0
1784036348.116012,117.912,1980,3201,0.0,0.0,34.0
1784036348.126012,117.912,1980,3201,0.0,0.0,34.0
1784036348.136011,117.912,1980,3201,0.0,0.0,34.0
1784036348.146011,117.912,1980,3201,0.0,0.0,34.0
1784036348.156012,117.912,1980,3201,0.0,0.0,34.0
1784036348.166021,117.912,1980,3201,0.0,0.0,34.0
1784036348.176011,117.912,1980,3201,0.0,0.0,34.0
1784036348.186029,117.912,1980,3201,0.0,0.0,34.0
1784036348.196013,117.912,1980,3201,0.0,0.0,34.0
1784036348.206025,117.912,1980,3201,0.0,0.0,34.0
1784036348.216009,117.912,1980,3201,0.0,0.0,34.0
1784036348.226010,117.912,1980,3201,0.0,0.0,34.0
1784036348.236037,117.912,1980,3201,0.0,0.0,34.0
1784036348.246012,117.912,1980,3201,0.0,0.0,34.0
1784036348.256036,117.912,1980,3201,0.0,0.0,34.0
1784036348.266012,117.912,1980,3201,0.0,0.0,34.0
1784036348.276012,117.905,1980,3201,0.0,0.0,34.0
1784036348.286012,117.905,1980,3201,0.0,0.0,34.0
1784036348.296013,117.905,1980,3201,0.0,0.0,34.0
1784036348.306012,117.905,1980,3201,0.0,0.0,34.0
